datetime,scenario_id,defect_type,node_id,time_step,hour,depth,total_outflow,pollut_NH4,depth_residual,total_outflow_residual
2025-01-01 00:10:00,136,I,HS1306571,0,0.0,0.02558747819878054,4.483690538578338,20.218412178030917,0.0,0.0
2025-01-01 00:20:00,136,I,HS1306571,1,0.16666666666666666,0.05846087000374488,16.98538058822806,20.078791833256965,0.0,0.0
2025-01-01 00:30:00,136,I,HS1306571,2,0.3333333333333333,0.10673070882111291,39.91043411473151,19.906770164081205,0.0,0.0
2025-01-01 00:40:00,136,I,HS1306571,3,0.5,0.13800659830281328,60.292902179050984,19.65785975395817,0.0,0.0
2025-01-01 00:50:00,136,I,HS1306571,4,0.6666666666666666,0.14780031362573057,69.22995036679812,19.372581150166067,0.0,0.0
2025-01-01 01:00:00,136,I,HS1306571,5,0.8333333333333333,0.14891467871981504,71.17101801876238,19.047498864924094,0.0,0.0
2025-01-01 01:10:00,136,I,HS1306571,6,1.0,0.147572092374808,70.45512898625452,18.764760941642702,0.0,0.0
2025-01-01 01:20:00,136,I,HS1306571,7,1.1666666666666665,0.14334319330235112,67.54643495583886,18.556415649120684,0.0,0.0
2025-01-01 01:30:00,136,I,HS1306571,8,1.3333333333333333,0.13808147112561195,63.56977902305685,18.397549488371247,0.0,0.0
2025-01-01 01:40:00,136,I,HS1306571,9,1.5,0.13372319495336377,59.838197114921265,18.260633859146814,0.0,0.0
2025-01-01 01:50:00,136,I,HS1306571,10,1.6666666666666665,0.13039028476974437,56.709695467525606,18.131864979808604,0.0,0.0
2025-01-01 02:00:00,136,I,HS1306571,11,1.8333333333333333,0.1276417187757538,54.03595725815349,18.005757559802817,0.0,0.0
2025-01-01 02:10:00,136,I,HS1306571,12,2.0,0.12734699793140497,53.0525894238703,17.91002253049633,0.0,0.0
2025-01-01 02:20:00,136,I,HS1306571,13,2.1666666666666665,0.1303114225843342,54.770962664788236,17.895845775506455,0.0,0.0
2025-01-01 02:30:00,136,I,HS1306571,14,2.333333333333333,0.135122822293033,58.14380616602826,17.96336715866199,0.0,0.0
2025-01-01 02:40:00,136,I,HS1306571,15,2.5,0.1401104805988888,62.01916503302262,18.09528810657966,0.0,0.0
2025-01-01 02:50:00,136,I,HS1306571,16,2.6666666666666665,0.1444540675456054,65.68045945556065,18.27259892033511,0.0,0.0
2025-01-01 03:00:00,136,I,HS1306571,17,2.833333333333333,0.14820854076861448,69.00396189236587,18.479091483073997,0.0,0.0
2025-01-01 03:10:00,136,I,HS1306571,18,3.0,0.14860994412245174,70.45086339111806,18.627226542898086,0.0,0.0
2025-01-01 03:20:00,136,I,HS1306571,19,3.1666666666666665,0.1458068986959308,69.38021981326695,18.758185265180774,0.0,0.0
2025-01-01 03:30:00,136,I,HS1306571,20,3.333333333333333,0.14245743464250793,67.59354386191117,18.869397710814198,0.0,0.0
2025-01-01 03:40:00,136,I,HS1306571,21,3.5,0.1392845679082257,65.80867740673007,18.9685991609286,0.0,0.0
2025-01-01 03:50:00,136,I,HS1306571,22,3.6666666666666665,0.13643135194871492,64.20914104776719,19.05776680680432,0.0,0.0
2025-01-01 04:00:00,136,I,HS1306571,23,3.833333333333333,0.1337239180097269,62.718860507386246,19.141992000872644,0.0,0.0
2025-01-01 04:10:00,136,I,HS1306571,24,4.0,0.1331781351709223,62.23667581705346,19.19611826326906,0.0,0.0
2025-01-01 04:20:00,136,I,HS1306571,25,4.166666666666666,0.13539099770904198,63.59980194391755,19.199689769420385,0.0,0.0
2025-01-01 04:30:00,136,I,HS1306571,26,4.333333333333333,0.1384606443142129,65.77478443111353,19.15024649776799,0.0,0.0
2025-01-01 04:40:00,136,I,HS1306571,27,4.5,0.14166329488992507,68.13539440835604,19.065220939714397,0.0,0.0
2025-01-01 04:50:00,136,I,HS1306571,28,4.666666666666666,0.1449388869124484,70.54944799078288,18.95762676148607,0.0,0.0
2025-01-01 05:00:00,136,I,HS1306571,29,4.833333333333333,0.14831345880632507,73.01713751227483,18.834676484528295,0.0,0.0
2025-01-01 05:10:00,136,I,HS1306571,30,5.0,0.15235436608633182,75.50393909295518,18.81586158792737,0.0,0.0
2025-01-01 05:20:00,136,I,HS1306571,31,5.166666666666666,0.1573680280338458,77.92965206556994,18.932045808875678,0.0,0.0
2025-01-01 05:30:00,136,I,HS1306571,32,5.333333333333333,0.16271588294402528,80.49002064700228,19.163420101454005,0.0,0.0
2025-01-01 05:40:00,136,I,HS1306571,33,5.5,0.16820991974078103,83.21271588596628,19.473955190968248,0.0,0.0
2025-01-01 05:50:00,136,I,HS1306571,34,5.666666666666666,0.17368190698822117,86.00556946416539,19.831704500058084,0.0,0.0
2025-01-01 06:00:00,136,I,HS1306571,35,5.833333333333333,0.179202096108917,88.97346661733714,20.2245665809156,0.0,0.0
2025-01-01 06:10:00,136,I,HS1306571,36,6.0,0.18328675259593805,91.63370028392525,20.847971490042937,0.0,0.0
2025-01-01 06:20:00,136,I,HS1306571,37,6.166666666666666,0.18561026623224525,93.69138238959137,21.67448886107701,0.0,0.0
2025-01-01 06:30:00,136,I,HS1306571,38,6.333333333333333,0.18782548862433399,95.7044949513641,22.700634604928005,0.0,0.0
2025-01-01 06:40:00,136,I,HS1306571,39,6.5,0.18985021455339654,97.62530524939613,23.864457085972287,0.0,0.0
2025-01-01 06:50:00,136,I,HS1306571,40,6.666666666666666,0.1914687901193387,99.3053662327387,25.131908808474943,0.0,0.0
2025-01-01 07:00:00,136,I,HS1306571,41,6.833333333333333,0.19271585367403915,100.73593326573673,26.467487465923092,0.0,0.0
2025-01-01 07:10:00,136,I,HS1306571,42,7.0,0.19436250528042306,102.13615677488404,27.645048161218316,0.0,0.0
2025-01-01 07:20:00,136,I,HS1306571,43,7.166666666666666,0.19588662853194802,103.29505942092284,28.558769914903905,0.0,0.0
2025-01-01 07:30:00,136,I,HS1306571,44,7.333333333333333,0.19708456053047044,104.1535328189189,29.25615693935918,0.0,0.0
2025-01-01 07:40:00,136,I,HS1306571,45,7.5,0.19889068429933834,105.3336797080259,29.824883438111968,0.0,0.0
2025-01-01 07:50:00,136,I,HS1306571,46,7.666666666666666,0.20129895047404697,106.91860393723172,30.328163268896954,0.0,0.0
2025-01-01 08:00:00,136,I,HS1306571,47,7.833333333333333,0.20395926807474113,108.69947487878139,30.789237995979608,0.0,0.0
2025-01-01 08:10:00,136,I,HS1306571,48,8.0,0.28312447903140125,163.90499191493475,31.75243992211407,0.0036015742680506613,-2.1258866190954535
2025-01-01 08:20:00,136,I,HS1306571,49,8.166666666666666,0.2916519282456293,174.20996696515218,32.14394488459829,0.010932423709499595,-0.6355464810258908
2025-01-01 08:30:00,136,I,HS1306571,50,8.333333333333332,0.2939712382335816,176.53290950484634,32.563427547091386,0.011825290098744334,-0.10198852586933782
2025-01-01 08:40:00,136,I,HS1306571,51,8.5,0.29599700608817947,178.19761389830398,32.99144094375714,0.011541264829260933,-0.057092594086689985
2025-01-01 08:50:00,136,I,HS1306571,52,8.666666666666666,0.2980229673334693,179.92048283152883,33.4236113836239,0.011322250767648007,-0.045907801537175885
2025-01-01 09:00:00,136,I,HS1306571,53,8.833333333333332,0.30002253047865174,181.68204137541903,33.85417021419829,0.01117037954270908,-0.03766582494058923
2025-01-01 09:10:00,136,I,HS1306571,54,9.0,0.3018624617619957,183.35614488812436,34.1477514170841,0.011067484658108806,-0.024599698273178205
2025-01-01 09:20:00,136,I,HS1306571,55,9.166666666666666,0.3028469601483955,184.43209220338164,34.4024632851536,0.010951238894106707,-0.030311388853604626
2025-01-01 09:30:00,136,I,HS1306571,56,9.333333333333332,0.30230446561945945,184.25768829216224,34.61741591937728,0.0107356414012377,0.02392641446382271
2025-01-01 09:40:00,136,I,HS1306571,57,9.5,0.30065008600339066,183.0706467705983,34.80518344841919,0.010327287658635664,0.08019684998871668
2025-01-01 09:50:00,136,I,HS1306571,58,9.666666666666666,0.2983467029071839,181.27166594926618,34.97486683661805,0.009791935015824649,0.11631423317380296
2025-01-01 10:00:00,136,I,HS1306571,59,9.833333333333332,0.2956434406281479,179.10405413549032,35.133463384304704,0.009211175281199552,0.13136191092867477
2025-01-01 10:10:00,136,I,HS1306571,60,10.0,0.29367714728780075,177.2819713126665,35.27786764532673,0.008721837989838166,0.09790604945061432
2025-01-01 10:20:00,136,I,HS1306571,61,10.166666666666666,0.29358812760607544,176.79405794688077,35.416632172548844,0.008535120223817916,0.010576302410981953
2025-01-01 10:30:00,136,I,HS1306571,62,10.333333333333332,0.29495774344400644,177.57365863712295,35.551738643287145,0.008763713360738806,-0.07755560973809139
2025-01-01 10:40:00,136,I,HS1306571,63,10.5,0.2970135850784385,179.0226335313702,35.68404018474852,0.00922412290111052,-0.12615758967284307
2025-01-01 10:50:00,136,I,HS1306571,64,10.666666666666666,0.2993627176688472,180.76819979158017,35.81339890251774,0.009742159353620411,-0.149139786033885
2025-01-01 11:00:00,136,I,HS1306571,65,10.833333333333332,0.3019341365989255,182.7191528841137,35.94106547515603,0.01029102975464194,-0.17219830904476652
2025-01-01 11:10:00,136,I,HS1306571,66,11.0,0.3048503044118726,185.11586720869363,36.016922931282856,0.011033008836070307,-0.2652797504909472
2025-01-01 11:20:00,136,I,HS1306571,67,11.166666666666666,0.3061252855176145,186.466320431729,36.07208379022325,0.011929356196582697,-0.2363692715987611
2025-01-01 11:30:00,136,I,HS1306571,68,11.333333333333332,0.3059991104854425,186.59513305089905,36.10886962413628,0.01254553946448353,-0.17364312971990614
2025-01-01 11:40:00,136,I,HS1306571,69,11.5,0.30526973830521936,186.1615900096607,36.13374540823859,0.013006843910258747,-0.14202390063501014
2025-01-01 11:50:00,136,I,HS1306571,70,11.666666666666666,0.30421524498095015,185.44818964610081,36.15073628423445,0.013456328447862903,-0.11549219290309054
2025-01-01 12:00:00,136,I,HS1306571,71,11.833333333333332,0.3030025163098265,184.60294192522443,36.162866324072496,0.01388885039760096,-0.1060964895386931
2025-01-01 12:10:00,136,I,HS1306571,72,12.0,0.3005759546419619,183.0055954135103,35.98578660319396,0.014053010462638238,0.06683273482883578
2025-01-01 12:20:00,136,I,HS1306571,73,12.166666666666666,0.29817763437564887,181.43943261655554,35.76198304623214,0.01348748084933013,0.13595157550398795
2025-01-01 12:30:00,136,I,HS1306571,74,12.333333333333332,0.2963875371168549,180.3522655199259,35.48967958445797,0.012866782267531657,0.11268026511668694
2025-01-01 12:40:00,136,I,HS1306571,75,12.5,0.29505256709453864,179.61193910009774,35.18694760033389,0.012426273094734624,0.08523207811727929
2025-01-01 12:50:00,136,I,HS1306571,76,12.666666666666666,0.29397034268640854,179.05490611232608,34.860041493148245,0.012160049953266916,0.07630783090849746
2025-01-01 13:00:00,136,I,HS1306571,77,12.833333333333332,0.29304478155564867,178.60413202334277,34.51699384842109,0.011968477069545874,0.07133726743150959
2025-01-01 13:10:00,136,I,HS1306571,78,13.0,0.2926301655123139,178.11114145568675,34.894919637122605,0.012089915336759516,-0.04935743797464909
2025-01-01 13:20:00,136,I,HS1306571,79,13.166666666666666,0.2935069811981214,178.14309759964402,35.45713764697069,0.013020402202273296,-0.1290737376486355
2025-01-01 13:30:00,136,I,HS1306571,80,13.333333333333332,0.29562628497861887,179.17187652475872,36.19692586007573,0.014088670888957183,-0.1587960593257165
2025-01-01 13:40:00,136,I,HS1306571,81,13.5,0.2984358390220564,180.82851683733327,37.066406539320006,0.014890057249053096,-0.1604452445550777
2025-01-01 13:50:00,136,I,HS1306571,82,13.666666666666666,0.30159924206910765,182.8147635268014,38.00732807082821,0.015502513233993293,-0.12510034781636392
2025-01-01 14:00:00,136,I,HS1306571,83,13.833333333333332,0.30511747602707734,185.11346217309796,39.00221037807318,0.015931295760424458,-0.0986663245764916
2025-01-01 14:10:00,136,I,HS1306571,84,14.0,0.23672246695924037,135.50716511305725,38.7000744973639,0.006384698257825894,1.7426693441154413
2025-01-01 14:20:00,136,I,HS1306571,85,14.166666666666666,0.23088491195109842,128.88904624554849,38.941323999064466,0.0021332669701842055,0.5906514172895996
2025-01-01 14:30:00,136,I,HS1306571,86,14.333333333333332,0.23351364779416586,130.9134242810383,38.677908488205986,0.0009863739242007286,0.2784815585783349
2025-01-01 14:40:00,136,I,HS1306571,87,14.5,0.23630295615170294,133.72935161256154,38.104545196766175,0.0005455767543046663,0.15574659877945862
2025-01-01 14:50:00,136,I,HS1306571,88,14.666666666666666,0.23873438561360966,136.36843477572842,37.353160911459355,0.0003383004518388577,0.09710809934215803
2025-01-01 15:00:00,136,I,HS1306571,89,14.833333333333332,0.24095796077391524,138.85344476958497,36.49631750471135,0.0002089163702023722,0.05986257018334129
2025-01-01 15:10:00,136,I,HS1306571,90,15.0,0.24301689518748704,140.96063559469343,35.78203868861185,0.0001346900468948975,0.0387411601209493
2025-01-01 15:20:00,136,I,HS1306571,91,15.166666666666666,0.24506604167000837,142.72524628910168,35.283192080650714,8.457902006245299e-05,0.024352387545334864
2025-01-01 15:30:00,136,I,HS1306571,92,15.333333333333332,0.24703913638719388,144.36819728938877,34.9880951698793,5.337448643250031e-05,0.015398599805806157
2025-01-01 15:40:00,136,I,HS1306571,93,15.5,0.24896816235744618,145.96482471779072,34.82446721884608,3.4163191516362046e-05,0.00987958409103129
2025-01-01 15:50:00,136,I,HS1306571,94,15.666666666666666,0.250887006209971,147.55667920637984,34.7376723179062,2.1794245670364587e-05,0.0063271228778489785
2025-01-01 16:00:00,136,I,HS1306571,95,15.833333333333332,0.2527871912609996,149.136861867615,34.696349054634695,1.3895133757740874e-05,0.004060440413624633
2025-01-01 16:10:00,136,I,HS1306571,96,16.0,0.254923613613199,150.70302180823532,34.607376370300216,6.481295441534973e-06,0.001956651243546048
2025-01-01 16:20:00,136,I,HS1306571,97,16.166666666666664,0.25691348532654623,152.022044997116,34.44311925616477,1.9975201473176885e-06,0.0006257546413763748
2025-01-01 16:30:00,136,I,HS1306571,98,16.333333333333332,0.2580545132045991,152.6647838614873,34.209425493699705,1.6608021392805483e-05,0.004778978775483722
2025-01-01 16:40:00,136,I,HS1306571,99,16.5,0.2587295056962589,152.88924980331203,33.934854883039264,-2.644326495160332e-06,-0.0007767807623864087
2025-01-01 16:50:00,136,I,HS1306571,100,16.666666666666664,0.25922874076150854,152.93579433262255,33.63166202570426,1.7062899712594337e-05,0.0050631846277227055
2025-01-01 17:00:00,136,I,HS1306571,101,16.833333333333332,0.25967529645911347,152.92345694880186,33.31518398022483,-4.726988217351735e-06,-0.0014164818644815114
2025-01-01 17:10:00,136,I,HS1306571,102,17.0,0.2589112565042662,152.08618084609634,33.08436469941313,3.8641809957384865e-06,0.0013062820114058127
2025-01-01 17:20:00,136,I,HS1306571,103,17.166666666666664,0.2560100327048368,149.59094278355457,32.949263511560936,1.6989265776423679e-06,0.0004582308058971307
2025-01-01 17:30:00,136,I,HS1306571,104,17.333333333333332,0.2520398218485477,146.20543592999945,32.89541839503724,3.2296270603415778e-06,0.0009301163893624675
2025-01-01 17:40:00,136,I,HS1306571,105,17.5,0.24757800346470227,142.42192476436674,32.89466804534344,4.368740243954061e-06,0.0012820291693813601
2025-01-01 17:50:00,136,I,HS1306571,106,17.666666666666664,0.24277470192281994,138.3889535540676,32.925775238562814,5.189855621701156e-06,0.0015767200153504746
2025-01-01 18:00:00,136,I,HS1306571,107,17.833333333333332,0.23765660298406166,134.1534195212969,32.97556484555323,5.8808994069514675e-06,0.001788136435372678
2025-01-01 18:10:00,136,I,HS1306571,108,18.0,0.23295092091072267,130.41419064082496,33.02838730531496,-1.2190721075805433e-05,-0.0037640865558898895
2025-01-01 18:20:00,136,I,HS1306571,109,18.166666666666664,0.22960194057057942,127.96931766474032,33.07899045773862,3.357173508966582e-06,0.00101794735806493
2025-01-01 18:30:00,136,I,HS1306571,110,18.333333333333332,0.2273654730602373,126.46055904741172,33.12559882038058,-7.850733894754214e-06,-0.0023547536635319943
2025-01-01 18:40:00,136,I,HS1306571,111,18.5,0.22560225904342418,125.3790615567708,33.16895223848568,2.3435181865649746e-06,0.0007043144366960519
2025-01-01 18:50:00,136,I,HS1306571,112,18.666666666666664,0.22399246882605706,124.44708122794891,33.210725683999925,2.0463153045657823e-06,0.0006193716806492944
2025-01-01 19:00:00,136,I,HS1306571,113,18.833333333333332,0.22244667755500094,123.5769311981749,33.25208454991639,-5.221693298196328e-06,-0.001593557983490257
2025-01-01 19:10:00,136,I,HS1306571,114,19.0,0.22101986721414352,122.74130142355045,33.10680740913915,2.469479541966635e-07,0.00014861327253612444
2025-01-01 19:20:00,136,I,HS1306571,115,19.166666666666664,0.2191566971378175,121.66554933407275,32.76901261213661,4.401342657001095e-08,0.00015322266392558959
2025-01-01 19:30:00,136,I,HS1306571,116,19.333333333333332,0.21643851481090884,119.98126781964673,32.25774258907579,3.025645747833927e-08,0.00019491372549396146
2025-01-01 19:40:00,136,I,HS1306571,117,19.5,0.21337861356530516,118.00808362589369,31.624691771638844,-1.9385619640099883e-07,-0.0006619129440750271
2025-01-01 19:50:00,136,I,HS1306571,118,19.666666666666664,0.2102554615267493,115.97903352330859,30.917277148007674,1.0526720095604958e-07,0.00026395734167294904
2025-01-01 20:00:00,136,I,HS1306571,119,19.833333333333332,0.20709223978342878,113.93321608005029,30.158235658741706,-3.57422876545721e-07,-0.0008341239021874003
2025-01-01 20:10:00,136,I,HS1306571,120,20.0,0.20293238417777854,111.17334456097822,29.547613266535933,6.573709991103405e-06,0.002044438654337455
2025-01-01 20:20:00,136,I,HS1306571,121,20.166666666666664,0.19847745451747748,107.87363917352404,29.050202685692042,-2.4119880207201794e-05,-0.006837701785286754
2025-01-01 20:30:00,136,I,HS1306571,122,20.333333333333332,0.19523991966315157,105.33776548714813,28.656071373423416,9.729531891100596e-06,0.002580995977346845
2025-01-01 20:40:00,136,I,HS1306571,123,20.5,0.1925248628011067,103.24185309109369,28.336927705503562,1.0578658827892218e-05,0.0027615525958069043
2025-01-01 20:50:00,136,I,HS1306571,124,20.666666666666664,0.18986161413409314,101.24087327114106,28.070970388164692,-3.2083817779970936e-05,-0.008152634278616233
2025-01-01 21:00:00,136,I,HS1306571,125,20.833333333333332,0.18713566169177298,99.25825357387082,27.840920750250113,1.2103569807769832e-05,0.002991687974304824
2025-01-01 21:10:00,136,I,HS1306571,126,21.0,0.18517348254162458,97.77649771452012,27.62116498820074,6.918592904830989e-06,0.0016691460015429982
2025-01-01 21:20:00,136,I,HS1306571,127,21.166666666666664,0.18329766573617298,96.4733103814492,27.41954453860934,5.905890809232428e-06,0.001546687320661988
2025-01-01 21:30:00,136,I,HS1306571,128,21.333333333333332,0.17973341774900378,94.07164455480618,27.23012606878822,-1.5587358182383992e-05,-0.004482749677890752
2025-01-01 21:40:00,136,I,HS1306571,129,21.5,0.1750832573389587,90.83994842638643,27.047961819761706,5.105555062917544e-06,0.0015597109212031057
2025-01-01 21:50:00,136,I,HS1306571,130,21.666666666666664,0.1699414483301527,87.2119215905354,26.86743239499354,4.888212231851652e-06,0.0015558062502663006
2025-01-01 22:00:00,136,I,HS1306571,131,21.833333333333332,0.1645754221059468,83.41376685336138,26.685945393036327,5.20638838436005e-06,0.0016560275681776204
2025-01-01 22:10:00,136,I,HS1306571,132,22.0,0.1591033468288727,79.61831583285614,26.468215811324107,-1.8490233981149906e-05,-0.00547684805748716
2025-01-01 22:20:00,136,I,HS1306571,133,22.166666666666664,0.15399374440575395,76.19314290652481,26.212355189521947,6.903927287083e-06,0.0018582811762897222
2025-01-01 22:30:00,136,I,HS1306571,134,22.333333333333332,0.15027242084217063,73.62888554452198,25.9192661779527,7.688893608581715e-06,0.0017934970707251807
2025-01-01 22:40:00,136,I,HS1306571,135,22.5,0.14779822849579363,71.86876321294689,25.59928696722499,9.49711015579835e-06,0.0019447546595081633
2025-01-01 22:50:00,136,I,HS1306571,136,22.666666666666664,0.14606872049967695,70.61744106943743,25.261747428779252,1.0329219125443379e-05,0.001990089430655928
2025-01-01 23:00:00,136,I,HS1306571,137,22.833333333333332,0.1447807245255992,69.67174459013435,24.91439412873685,-2.9497535932232477e-05,-0.005429674806102014
2025-01-01 23:10:00,136,I,HS1306571,138,23.0,0.143569242209942,68.82376233378615,24.60780051749403,6.3076238159542886e-06,0.0012251573536055105
2025-01-01 23:20:00,136,I,HS1306571,139,23.166666666666664,0.14256048277675545,68.18087964126286,24.334566621437673,1.6309245145507134e-06,0.0003535615324885555
2025-01-01 23:30:00,136,I,HS1306571,140,23.333333333333332,0.14251235127462022,68.09817770506228,24.095186288890787,-2.382992596888789e-06,-0.00043637367713955655
2025-01-01 23:40:00,136,I,HS1306571,141,23.5,0.143382351390015,68.58734877044321,23.87655772644658,1.5005870052292591e-05,0.0029144478795259943
2025-01-01 23:50:00,136,I,HS1306571,142,23.666666666666664,0.14482140965156168,69.45467455993833,23.675213436879947,-7.046615677630541e-06,-0.0013945457394690663
2025-01-02 00:00:00,136,I,HS1306571,143,23.833333333333332,0.1465637808133872,70.53397642506371,23.484036561734015,-8.042582856832015e-06,-0.0016251669647644462
2025-01-02 00:10:00,136,I,HS1306571,144,24.0,0.148502676856762,71.82485842110708,23.24894510964794,-4.415557168901962e-06,-0.001006683253606866
2025-01-02 00:20:00,136,I,HS1306571,145,24.166666666666664,0.14949371530471683,72.70094438511133,22.972849212254477,-2.711710735042727e-06,-0.0005064854211802583
2025-01-02 00:30:00,136,I,HS1306571,146,24.333333333333332,0.14894710925158433,72.68759459141377,22.66340369023141,-2.0460242322051236e-06,-0.00021520863886337338
2025-01-02 00:40:00,136,I,HS1306571,147,24.5,0.14737619944615996,72.01487239954096,22.32840717126472,-1.7301778881539942e-06,-5.6811462386008316e-05
2025-01-02 00:50:00,136,I,HS1306571,148,24.666666666666664,0.1452724896543562,70.98886793049768,21.974235456331986,-1.5305610743532316e-06,3.790789776303427e-05
2025-01-02 01:00:00,136,I,HS1306571,149,24.833333333333332,0.14290776682986542,69.79892263390208,21.607558439771307,-1.3965139978311392e-06,0.00010257481124398282
2025-01-02 01:10:00,136,I,HS1306571,150,25.0,0.13950416258922135,67.85377509358246,21.206131438823146,-7.096196697475854e-06,-0.0006557626486944912
2025-01-02 01:20:00,136,I,HS1306571,151,25.166666666666664,0.1355166394607881,65.16697534398624,20.76448258435353,-8.57403575682536e-06,-0.000873073853107087
2025-01-02 01:30:00,136,I,HS1306571,152,25.333333333333332,0.13143058259564316,62.31618048434684,20.284844471315555,2.4724963754912954e-05,0.002405555646848967
2025-01-02 01:40:00,136,I,HS1306571,153,25.5,0.1271795214115332,59.37806639104172,19.784498862618893,-8.693673319210005e-06,-0.0007431891796585433
2025-01-02 01:50:00,136,I,HS1306571,154,25.666666666666664,0.12264611753278451,56.28042292542532,19.265832115396968,-8.933439497316176e-06,-0.0007147676307468487
2025-01-02 02:00:00,136,I,HS1306571,155,25.833333333333332,0.11806690803097077,53.151609699326414,18.732955148517735,-9.235053216399836e-06,-0.0007341949738695064
2025-01-02 02:10:00,136,I,HS1306571,156,26.0,0.11476665110972847,50.63049953390149,18.285259982632304,1.184964321110371e-06,0.0006689212249533227
2025-01-02 02:20:00,136,I,HS1306571,157,26.166666666666664,0.11338005623008741,49.187331578047065,17.984286218594022,-1.8987165958189722e-05,-0.0036529211952860408
2025-01-02 02:30:00,136,I,HS1306571,158,26.333333333333332,0.11367559593173192,48.687194074168964,17.815783253340733,-2.802332494306059e-05,-0.00425103964262874
2025-01-02 02:40:00,136,I,HS1306571,159,26.5,0.11533807013254076,48.96717155403835,17.766640273501853,1.1886350233109022e-05,0.0015959551005408912
2025-01-02 02:50:00,136,I,HS1306571,160,26.666666666666664,0.11793892703921935,49.81089916881075,17.829978869365846,-3.861088814210989e-05,-0.004920184435690089
2025-01-02 03:00:00,136,I,HS1306571,161,26.833333333333332,0.12097946599975103,50.97199002630245,17.993190405199737,1.433182175314407e-05,0.001798613267364857
2025-01-02 03:10:00,136,I,HS1306571,162,27.0,0.12442410448712003,52.41149813716084,18.202628944641134,-1.1870879302627868e-05,-8.17792250913385e-05
2025-01-02 03:20:00,136,I,HS1306571,163,27.166666666666664,0.1281964198442333,54.054497528733656,18.41227939646252,-4.6108460427518594e-07,-0.0006806146453506301
2025-01-02 03:30:00,136,I,HS1306571,164,27.333333333333332,0.13118479747991635,55.37462224725794,18.584918500679517,-3.2716844301783343e-06,-0.0009540633341345028
2025-01-02 03:40:00,136,I,HS1306571,165,27.5,0.1330711093532068,56.08984112530434,18.71563490081502,1.5428097187270007e-05,0.0033707341139539437
2025-01-02 03:50:00,136,I,HS1306571,166,27.666666666666664,0.1343108513687607,56.36726460448415,18.815159645173182,1.9362977521503177e-05,0.003915649324529369
2025-01-02 04:00:00,136,I,HS1306571,167,27.833333333333332,0.13534069755103886,56.452884826894405,18.893687222293,2.1526366947022257e-05,0.004305232817507942
2025-01-02 04:10:00,136,I,HS1306571,168,28.0,0.13612365966628,56.87488996421684,19.007660565127605,7.2176392042488935e-06,0.0014100531387910564
2025-01-02 04:20:00,136,I,HS1306571,169,28.166666666666664,0.1361672769586273,57.50957956259466,19.172503239255892,8.021868064450599e-06,0.0015966308723278644
2025-01-02 04:30:00,136,I,HS1306571,170,28.333333333333332,0.1372905312321453,58.77875872040905,19.38783848411639,-3.608919607600569e-06,-0.0010188283556544775
2025-01-02 04:40:00,136,I,HS1306571,171,28.5,0.14007746450898198,60.987861322166594,19.64594360690841,-3.850780220027161e-06,-0.0013129840738770326
2025-01-02 04:50:00,136,I,HS1306571,172,28.666666666666664,0.14394799477724227,63.892744700885395,19.93454137289605,-3.5767310331280555e-06,-0.0013878185791824649
2025-01-02 05:00:00,136,I,HS1306571,173,28.833333333333332,0.1481905220515794,67.0949529136666,20.243201035153533,-2.632244530592631e-06,-0.001187979612414125
2025-01-02 05:10:00,136,I,HS1306571,174,29.0,0.15301760596330105,70.49272664629218,20.570853116887868,-9.21557619626423e-06,-0.0026843074290496816
2025-01-02 05:20:00,136,I,HS1306571,175,29.166666666666664,0.15931996351375685,74.6859713595621,20.912623917474246,2.217400843970707e-05,0.007415030811447565
2025-01-02 05:30:00,136,I,HS1306571,176,29.333333333333332,0.16618794942220794,79.34549461407937,21.25302669566894,-4.806436062959607e-06,-0.001954319459549936
2025-01-02 05:40:00,136,I,HS1306571,177,29.5,0.17317181649316346,84.20069755073213,21.597050851478432,7.867342694839463e-06,0.004142583326508742
2025-01-02 05:50:00,136,I,HS1306571,178,29.666666666666664,0.1799226182086053,88.98317917964353,21.93777092985406,-1.4591505589633957e-06,-0.0010564458357080753
2025-01-02 06:00:00,136,I,HS1306571,179,29.833333333333332,0.18645385038036036,93.67142756080507,22.27773472362326,-6.847372085172498e-07,-0.0007651477210934843
2025-01-02 06:10:00,136,I,HS1306571,180,30.0,0.19179143213087835,97.89221774809134,22.87257262668381,1.0998611372214917e-06,-6.40356150363175e-05
2025-01-02 06:20:00,136,I,HS1306571,181,30.166666666666664,0.19475011372344814,100.86243649260767,23.767679960913526,5.2172222321789086e-06,0.0014940474563083228
2025-01-02 06:30:00,136,I,HS1306571,182,30.333333333333332,0.1961134579377084,102.68342650977226,24.922951091651736,1.4289485572860361e-05,0.003417276195367691
2025-01-02 06:40:00,136,I,HS1306571,183,30.5,0.19706618094574052,104.08775151808541,26.249087840919096,-7.110568533641448e-06,-0.0017035530801763343
2025-01-02 06:50:00,136,I,HS1306571,184,30.666666666666664,0.1981289576657371,105.49553659757939,27.693337951300823,-8.353306203051636e-06,-0.002044899987797777
2025-01-02 07:00:00,136,I,HS1306571,185,30.833333333333332,0.1993631680156652,106.99519200884257,29.210552435886356,-8.764840542102581e-06,-0.0021931879729848447
2025-01-02 07:10:00,136,I,HS1306571,186,31.0,0.20158172496362006,108.9244474426078,30.394659229767548,-6.62114276495096e-06,-0.0018063142117554776
2025-01-02 07:20:00,136,I,HS1306571,187,31.166666666666664,0.20499034860921753,111.49489006810101,31.105639586412206,1.990179530977909e-05,0.005641377597989106
2025-01-02 07:30:00,136,I,HS1306571,188,31.333333333333332,0.20902466438800935,114.5182188756867,31.40202924849578,2.092881662285606e-05,0.0060129900227181565
2025-01-02 07:40:00,136,I,HS1306571,189,31.5,0.213195662224007,117.6973349835216,31.44445603703443,2.1616360328741147e-05,0.00628970744047308
2025-01-02 07:50:00,136,I,HS1306571,190,31.666666666666664,0.2173135175814166,120.87443231057941,31.333676748600013,2.2207032785548364e-05,0.006496639288521067
2025-01-02 08:00:00,136,I,HS1306571,191,31.833333333333332,0.22127040331188932,123.95714877184588,31.12706122063305,-7.638616777383422e-06,-0.0022313782785090552
2025-01-02 08:10:00,136,I,HS1306571,192,32.0,0.2239650875998348,126.16386247839215,31.10621323897313,-5.226259724183668e-06,-0.0015200819001037758
2025-01-02 08:20:00,136,I,HS1306571,193,32.166666666666664,0.22499340579409183,127.04389978176606,31.29220128657643,6.470789941537269e-06,0.0018293469189600842
2025-01-02 08:30:00,136,I,HS1306571,194,32.33333333333333,0.22465008647863927,126.88386541547032,31.66515443850126,3.165701595309045e-08,-8.171897847120135e-05
2025-01-02 08:40:00,136,I,HS1306571,195,32.5,0.22362320128820976,126.18084809913435,32.155829142864896,1.47964577187909e-06,0.0004576954165713687
2025-01-02 08:50:00,136,I,HS1306571,196,32.666666666666664,0.22228198355337553,125.2304995929935,32.72448663666356,2.5209994772013022e-06,0.0007512197489774053
2025-01-02 09:00:00,136,I,HS1306571,197,32.83333333333333,0.22073264508138493,124.13265431303623,33.33638284560597,3.248625223717383e-06,0.0009557647231304145
2025-01-02 09:10:00,136,I,HS1306571,198,33.0,0.22023741673561978,123.49405353410687,33.94555353950414,1.1116541070166353e-06,0.0002516032806028079
2025-01-02 09:20:00,136,I,HS1306571,199,33.166666666666664,0.22195327024661893,124.16495693285728,34.52379818255162,7.305763105869278e-07,4.9567465019606516e-05
2025-01-02 09:30:00,136,I,HS1306571,200,33.33333333333333,0.22504529431664852,125.84972467364652,35.068090442566046,6.781952822942916e-07,2.5156280017313293e-05
2025-01-02 09:40:00,136,I,HS1306571,201,33.5,0.22863863926507913,127.96276287868588,35.59279600591646,-1.8461260894442333e-06,-9.701561910446799e-05
2025-01-02 09:50:00,136,I,HS1306571,202,33.666666666666664,0.2323621880723892,130.22362854553086,36.103981164617885,5.600184828369326e-07,4.8348626727090505e-05
2025-01-02 10:00:00,136,I,HS1306571,203,33.83333333333333,0.2360918624470354,132.525709429831,36.609818022543024,4.852631996787871e-07,6.440537099905441e-05
2025-01-02 10:10:00,136,I,HS1306571,204,34.0,0.23887767575771898,134.31452545221347,36.81200601363785,2.2957119969746476e-06,0.0006510443818257272
2025-01-02 10:20:00,136,I,HS1306571,205,34.166666666666664,0.2391137335511537,134.36941518541482,36.67957548177085,1.5660170972764398e-06,0.00047358067162406314
2025-01-02 10:30:00,136,I,HS1306571,206,34.33333333333333,0.2374252296381954,132.9245079166278,36.285380724192365,7.464789816835626e-07,0.0002454582827056129
2025-01-02 10:40:00,136,I,HS1306571,207,34.5,0.23500191205882082,130.83420837256216,35.73701011541054,1.209966843662702e-07,8.314870796510831e-05
2025-01-02 10:50:00,136,I,HS1306571,208,34.666666666666664,0.2323513475349827,128.52583277908914,35.09314396701754,1.0118666501635065e-06,8.008884979915365e-05
2025-01-02 11:00:00,136,I,HS1306571,209,34.83333333333333,0.22963347325712896,126.15251961571437,34.39235035625687,2.024808054112981e-06,0.0002999117179101063
2025-01-02 11:10:00,136,I,HS1306571,210,35.0,0.22675203609247632,123.86612804526874,33.86576820315839,-2.9939836541370557e-06,-0.0006980043605437913
2025-01-02 11:20:00,136,I,HS1306571,211,35.166666666666664,0.22394222319064452,121.95897706340318,33.51391971141307,-1.4433144146508425e-06,-0.00028281253184303523
2025-01-02 11:30:00,136,I,HS1306571,212,35.33333333333333,0.2214525513015366,120.40483275120621,33.32552951948991,3.0696219927017765e-08,0.00013012732085826428
2025-01-02 11:40:00,136,I,HS1306571,213,35.5,0.2189532583203352,118.90254491617722,33.24865187015168,9.585566169423299e-07,0.00040448511117574526
2025-01-02 11:50:00,136,I,HS1306571,214,35.666666666666664,0.2163550315930129,117.32063902226096,33.2410915353989,-4.295633845796676e-06,-0.001628980866087204
2025-01-02 12:00:00,136,I,HS1306571,215,35.83333333333333,0.21372111725733575,115.69200860904309,33.27610754741456,-5.158182540904166e-06,-0.0018846572764061875
2025-01-02 12:10:00,136,I,HS1306571,216,36.0,0.2110265193174772,113.84571454492529,33.38214912371939,5.136158278157277e-06,0.0015000967610276916
2025-01-02 12:20:00,136,I,HS1306571,217,36.166666666666664,0.2090162891307632,112.14156139256043,33.55015561160107,4.652293019741238e-06,0.0013008086728092394
2025-01-02 12:30:00,136,I,HS1306571,218,36.33333333333333,0.2078797494094306,111.10159235342978,33.76736878901173,-1.1324108711796566e-05,-0.0030166981635915135
2025-01-02 12:40:00,136,I,HS1306571,219,36.5,0.20738149691579572,110.58094825592616,34.017106297935676,-9.62303669860276e-06,-0.0024627273113466686
2025-01-02 12:50:00,136,I,HS1306571,220,36.666666666666664,0.20731120673541695,110.40397394479483,34.28780623039589,2.9090555341282354e-06,0.0007190587688654659
2025-01-02 13:00:00,136,I,HS1306571,221,36.83333333333333,0.20751998665439572,110.44774486624064,34.574001086224925,-7.475251374511327e-06,-0.0017979402148711188
2025-01-02 13:10:00,136,I,HS1306571,222,37.0,0.20846412180054819,110.96681253147153,34.727688768761276,-1.9505766658822754e-06,-0.0005527634182698193
2025-01-02 13:20:00,136,I,HS1306571,223,37.166666666666664,0.21004616791718955,111.91998586314176,34.71249926614746,1.3396710391161415e-05,0.003619564150490362
2025-01-02 13:30:00,136,I,HS1306571,224,37.33333333333333,0.2117698394031638,112.95514831496298,34.56187249383375,-6.374023001881612e-06,-0.0017311064623370953
2025-01-02 13:40:00,136,I,HS1306571,225,37.5,0.2136377212365134,114.06934746020714,34.326367496483655,-7.4602748300067745e-06,-0.0020503798206732426
2025-01-02 13:50:00,136,I,HS1306571,226,37.666666666666664,0.21564066889910943,115.27126439015424,34.03738407795375,-8.215958622714847e-06,-0.002293263381780264
2025-01-02 14:00:00,136,I,HS1306571,227,37.83333333333333,0.21776572037418618,116.56147759868469,33.71248356198166,-8.764300165331473e-06,-0.0024634729603221217
2025-01-02 14:10:00,136,I,HS1306571,228,38.0,0.22009550048393756,118.40155487192484,33.43331900939711,1.7403265898441322e-05,0.0051433975025645395
2025-01-02 14:20:00,136,I,HS1306571,229,38.166666666666664,0.22218352635347238,120.7273071476193,33.22027232698349,-4.25684283544836e-06,-0.0013136890760350184
2025-01-02 14:30:00,136,I,HS1306571,230,38.33333333333333,0.22440221045249206,123.2817864323083,33.065336595816554,-3.027916065601044e-06,-0.0009863845681294947
2025-01-02 14:40:00,136,I,HS1306571,231,38.5,0.22665410285668952,125.91414499114967,32.95141041030743,-2.1363097136295472e-06,-0.0007266169511339626
2025-01-02 14:50:00,136,I,HS1306571,232,38.666666666666664,0.22880732583709634,128.4926942653244,32.863184806967354,-1.473453787870227e-06,-0.0005308434904947035
2025-01-02 15:00:00,136,I,HS1306571,233,38.83333333333333,0.23085919209389547,130.99206466712462,32.79052430575829,-9.838599815958915e-07,-0.0003824376240260108
2025-01-02 15:10:00,136,I,HS1306571,234,39.0,0.23265598501949525,133.05715080501872,32.79523613174596,1.702761373401085e-05,0.005077591987095786
2025-01-02 15:20:00,136,I,HS1306571,235,39.166666666666664,0.23532527636132053,135.34020073648492,32.879227459309114,-7.852635369343108e-06,-0.002405041051147805
2025-01-02 15:30:00,136,I,HS1306571,236,39.33333333333333,0.23883978092850297,138.2161405952066,33.035749353787,2.6321209329271955e-05,0.00805738684262991
2025-01-02 15:40:00,136,I,HS1306571,237,39.5,0.24278845880896535,141.4365870311343,33.23843417369022,-9.601766801703437e-06,-0.0029943271139742933
2025-01-02 15:50:00,136,I,HS1306571,238,39.666666666666664,0.24700088964395206,144.88467033796772,33.471468941050105,-9.946583951869759e-06,-0.0031545279307465535
2025-01-02 16:00:00,136,I,HS1306571,239,39.83333333333333,0.2513494775578464,148.46427990601302,33.72233048070181,-1.0058483500774429e-05,-0.003249302584883651
2025-01-02 16:10:00,136,I,HS1306571,240,40.0,0.25635007892245865,152.21814398351373,34.19493385779371,1.1207248528433134e-05,0.003917217034533849
2025-01-02 16:20:00,136,I,HS1306571,241,40.166666666666664,0.26073347647370004,155.29414994888083,34.92014881866448,-1.3404961615171018e-06,-0.0004869458351635103
2025-01-02 16:30:00,136,I,HS1306571,242,40.33333333333333,0.2636576385701303,157.26319306551136,35.86404693693683,1.8990124756035343e-07,3.2092163969821286e-05
2025-01-02 16:40:00,136,I,HS1306571,243,40.5,0.2655618445118654,158.41109416279386,36.950060327806234,-3.384292727226512e-06,-0.0010379419934594125
2025-01-02 16:50:00,136,I,HS1306571,244,40.666666666666664,0.26691705141027894,159.10265643563037,38.113831562256294,1.7761229461621397e-06,0.0005607551391264565
2025-01-02 17:00:00,136,I,HS1306571,245,40.83333333333333,0.26799560026708624,159.55872885702692,39.338760066100754,2.1596455659911307e-06,0.000688927808148776
2025-01-02 17:10:00,136,I,HS1306571,246,41.0,0.26776540469422144,159.27707866498585,40.1073946674123,1.3578984542905737e-06,0.000436238970117131
2025-01-02 17:20:00,136,I,HS1306571,247,41.166666666666664,0.26572841118872936,157.7716716343432,40.366164731908924,2.6993038022560256e-06,0.0008443414950818351
2025-01-02 17:30:00,136,I,HS1306571,248,41.33333333333333,0.2630281564321925,155.65730584962432,40.189255397218126,3.7331326416256694e-06,0.0011694662504382336
2025-01-02 17:40:00,136,I,HS1306571,249,41.5,0.260054903255948,153.2881280428438,39.735845266911234,-1.3138892979769334e-05,-0.004109539440349863
2025-01-02 17:50:00,136,I,HS1306571,250,41.666666666666664,0.25689154390052227,150.7732822156477,39.12394765931365,4.948046250452531e-06,0.001576715176454968
2025-01-02 18:00:00,136,I,HS1306571,251,41.83333333333333,0.2535264077969222,148.11410857150213,38.41138399618926,5.2685887842462975e-06,0.001665750539835642
2025-01-02 18:10:00,136,I,HS1306571,252,42.0,0.24976417771165207,145.02334059185645,37.591960204964536,-2.951442646204061e-05,-0.008986270047167011
2025-01-02 18:20:00,136,I,HS1306571,253,42.166666666666664,0.24621591495840367,141.82292503111918,36.68905462574575,1.103403144353532e-05,0.003295822104519175
2025-01-02 18:30:00,136,I,HS1306571,254,42.33333333333333,0.24294790262898563,138.83857444387274,35.71903730795129,1.150731498955615e-05,0.00336427570267972
2025-01-02 18:40:00,136,I,HS1306571,255,42.5,0.23968252174325358,135.89256615671366,34.70678219200455,1.179442280113685e-05,0.0034274659201898316
2025-01-02 18:50:00,136,I,HS1306571,256,42.666666666666664,0.23634412550587836,132.9069036922329,33.66746946237512,1.223297301075621e-05,0.003466624944820751
2025-01-02 19:00:00,136,I,HS1306571,257,42.83333333333333,0.23291813848458282,129.8604733636212,32.602675426127554,-3.702432031288394e-05,-0.010261455713276746
2025-01-02 19:10:00,136,I,HS1306571,258,43.0,0.2302273478821233,127.45756742005709,31.726590087107432,-1.7581962889673397e-05,-0.004945347103706865
2025-01-02 19:20:00,136,I,HS1306571,259,43.166666666666664,0.227728423382336,125.52836675198472,31.127756016453592,-9.366966717744285e-06,-0.0027285734335862344
2025-01-02 19:30:00,136,I,HS1306571,260,43.33333333333333,0.22514382322369517,123.55028802148377,30.76187938500718,-4.886506069362584e-06,-0.0015134371832630222
2025-01-02 19:40:00,136,I,HS1306571,261,43.5,0.2227938619947403,121.71743392521424,30.53913873463922,-2.051384730805683e-06,-0.0007592737477324363
2025-01-02 19:50:00,136,I,HS1306571,262,43.666666666666664,0.22067087323640325,120.0579750180039,30.404798925273568,-1.0405494652032665e-07,-0.00026194425638692564
2025-01-02 20:00:00,136,I,HS1306571,263,43.83333333333333,0.2187209265906957,118.52848502890005,30.326852642858825,1.2420556838588226e-06,8.772210891550003e-05
2025-01-02 20:10:00,136,I,HS1306571,264,44.0,0.21670451982288597,117.03789869981273,30.1754330500394,2.9197670657621355e-06,0.0008224015936804108
2025-01-02 20:20:00,136,I,HS1306571,265,44.166666666666664,0.21476440187869963,115.6575870429706,29.926841391750052,4.009430154522375e-06,0.001087831942442108
2025-01-02 20:30:00,136,I,HS1306571,266,44.33333333333333,0.21286551447070517,114.39498219633948,29.578645465055345,-1.302379228976247e-05,-0.0035175091712318363
2025-01-02 20:40:00,136,I,HS1306571,267,44.5,0.2107429123740136,113.03423882339578,29.165770087997736,4.6453144444680294e-06,0.001253911714073297
2025-01-02 20:50:00,136,I,HS1306571,268,44.666666666666664,0.20839627357697196,111.5337435427792,28.709575930857337,4.7068062449251435e-06,0.001266805535685478
2025-01-02 21:00:00,136,I,HS1306571,269,44.83333333333333,0.20591890449191785,109.94640907309876,28.226436489259225,-1.371870697816635e-05,-0.003753748601660334
2025-01-02 21:10:00,136,I,HS1306571,270,45.0,0.2032806439673921,108.1482310322364,27.861735701460514,6.699766542939134e-07,0.000328967950864012
2025-01-02 21:20:00,136,I,HS1306571,271,45.166666666666664,0.20071899737175553,106.23075027569452,27.620943462003556,2.9429119052792885e-07,0.000254741763740185
2025-01-02 21:30:00,136,I,HS1306571,272,45.33333333333333,0.19793494302504852,104.13013717571842,27.512049256431894,4.876336441028695e-07,0.00032193793993329223
2025-01-02 21:40:00,136,I,HS1306571,273,45.5,0.19511885269069057,101.98311178463541,27.496003287648545,7.680176977720166e-07,0.0003974448456318669
2025-01-02 21:50:00,136,I,HS1306571,274,45.666666666666664,0.19237246604767466,99.88445851580671,27.536234258837727,1.107054243887351e-06,0.0004888068400639156
2025-01-02 22:00:00,136,I,HS1306571,275,45.83333333333333,0.18962294353439135,97.79321684552751,27.609977146430534,-3.676422018566994e-06,-0.0015631653924721434
2025-01-02 22:10:00,136,I,HS1306571,276,46.0,0.18679735293654626,95.73255436989625,27.537382887127272,4.729924561824861e-06,0.0013722114900325266
2025-01-02 22:20:00,136,I,HS1306571,277,46.166666666666664,0.18298161431903376,93.19016553597773,27.301011674878573,-1.8725128155261395e-05,-0.005371033458956731
2025-01-02 22:30:00,136,I,HS1306571,278,46.33333333333333,0.17841735340992723,90.1667310412093,26.911706034371807,7.33580960662894e-06,0.0020919912977781507
2025-01-02 22:40:00,136,I,HS1306571,279,46.5,0.17323141597375838,86.74836241506864,26.410760711556645,-2.2768686880170197e-05,-0.00650805864250259
2025-01-02 22:50:00,136,I,HS1306571,280,46.666666666666664,0.16764752606156327,83.10328559154169,25.848133350196928,8.216986107673074e-06,0.002353572103181989
2025-01-02 23:00:00,136,I,HS1306571,281,46.83333333333333,0.1616855179194512,79.30908374289588,25.239993779088675,-2.4253785306904696e-05,-0.007030013170950866
2025-01-02 23:10:00,136,I,HS1306571,282,47.0,0.15521849515274178,75.20580344735524,24.668663471922738,1.146221058753727e-05,0.0030544475987070996
2025-01-02 23:20:00,136,I,HS1306571,283,47.166666666666664,0.14886782219816713,70.87958475378223,24.1047792541334,1.1041698439462344e-05,0.0028655187813768634
2025-01-02 23:30:00,136,I,HS1306571,284,47.33333333333333,0.14314467564692593,66.8813459753707,23.556828105732794,1.0072385737081024e-05,0.0025465598885432428
2025-01-02 23:40:00,136,I,HS1306571,285,47.5,0.1380735219917494,63.27159475365103,23.011916569619906,-2.6852168684254885e-05,-0.00653505637726326
2025-01-02 23:50:00,136,I,HS1306571,286,47.666666666666664,0.13370847941356237,60.09936063170457,22.479741473177405,8.655091586567965e-06,0.0020401103078313554
2025-01-01 00:10:00,253,E,HS1306571,0,0.0,0.0,11.917788257812225,19.929535444819255,0.0036498021885687654,-0.8815157950969164
2025-01-01 00:20:00,253,E,HS1306571,1,0.16666666666666666,0.0,12.222468945275478,20.078819713912672,0.01461567658516294,-2.612379574861584
2025-01-01 00:30:00,253,E,HS1306571,2,0.3333333333333333,0.022550994627058472,16.296464335651617,19.96322260185474,0.038190434067757406,-2.604660801840435
2025-01-01 00:40:00,253,E,HS1306571,3,0.5,0.08560643973991758,43.13202785173831,19.70581525041289,0.037698862865172905,1.7832218540292075
2025-01-01 00:50:00,253,E,HS1306571,4,0.6666666666666666,0.11538767247479882,62.270834748998396,19.42437780946309,0.025640923158450984,2.043722818592471
2025-01-01 01:00:00,253,E,HS1306571,5,0.8333333333333333,0.11784198652100235,66.24785092093448,19.11157315222597,0.017768019234404353,0.8210070891809487
2025-01-01 01:10:00,253,E,HS1306571,6,1.0,0.1141154677289184,65.16968333316494,18.809809372646853,0.015311233372924449,0.1748927886270195
2025-01-01 01:20:00,253,E,HS1306571,7,1.1666666666666665,0.10896339496079706,62.235386667191904,18.59308563206133,0.014977266520648319,-0.010825590785298544
2025-01-01 01:30:00,253,E,HS1306571,8,1.3333333333333333,0.10304703399970765,58.871515562572874,18.432361940178218,0.015331603242307007,-0.07916187248991768
2025-01-01 01:40:00,253,E,HS1306571,9,1.5,0.09722834926146262,55.52954894862119,18.293781577113787,0.01603754607733915,-0.15122818936100657
2025-01-01 01:50:00,253,E,HS1306571,10,1.6666666666666665,0.0920960160782717,52.33204919112105,18.163359818559353,0.017110470035505143,-0.1844505795964757
2025-01-01 02:00:00,253,E,HS1306571,11,1.8333333333333333,0.08804489965614497,49.749493683079,18.033979142384215,0.018467364643463408,-0.1178495237948578
2025-01-01 02:10:00,253,E,HS1306571,12,2.0,0.0876457046696566,46.938107850749695,17.922772560100906,0.02023933082612775,0.08630012756618832
2025-01-01 02:20:00,253,E,HS1306571,13,2.1666666666666665,0.09247311416292435,47.4523640957535,17.880936480200464,0.019777596315877666,0.20572563251699094
2025-01-01 02:30:00,253,E,HS1306571,14,2.333333333333333,0.0989006672194992,49.523454887220026,17.922540790314667,0.017634000147784934,0.0895431133293858
2025-01-01 02:40:00,253,E,HS1306571,15,2.5,0.10440105059105843,51.50020071557372,18.030869947885797,0.016567696111876556,0.03187003347447259
2025-01-01 02:50:00,253,E,HS1306571,16,2.6666666666666665,0.10932462828072702,53.34071738505182,18.183690129136668,0.015865143607590726,0.030974139549439172
2025-01-01 03:00:00,253,E,HS1306571,17,2.833333333333333,0.11363577275758906,54.98470251743474,18.368631165660894,0.01531986950567471,0.04535288959899475
2025-01-01 03:10:00,253,E,HS1306571,18,3.0,0.11428238461866452,58.000598042455174,18.549100522021124,0.015013218281736074,0.011757083698256565
2025-01-01 03:20:00,253,E,HS1306571,19,3.1666666666666665,0.1112711103909765,58.18662915992493,18.699459973986038,0.015107620723065152,-0.04376230947226034
2025-01-01 03:30:00,253,E,HS1306571,20,3.333333333333333,0.10836730205788442,57.65166020371326,18.824221620827064,0.015310874704298705,-0.03002044344285082
2025-01-01 03:40:00,253,E,HS1306571,21,3.5,0.10575493570068738,57.33256308730293,18.932579767210193,0.01546284416699098,-0.010471119276552088
2025-01-01 03:50:00,253,E,HS1306571,22,3.6666666666666665,0.10334012192106559,57.166655613259564,19.030859023832175,0.01549661249451853,-0.008409980765190284
2025-01-01 04:00:00,253,E,HS1306571,23,3.833333333333333,0.10107828617899037,57.11264353942983,19.121834183981626,0.015557487583946178,0.00049487497566858
2025-01-01 04:10:00,253,E,HS1306571,24,4.0,0.10062214239157277,56.5083758686219,19.193708123623278,0.015545954049151656,-0.002062284457796437
2025-01-01 04:20:00,253,E,HS1306571,25,4.166666666666666,0.10265013352859483,57.50959720999596,19.20874219208211,0.015522290052583015,0.009537969537781521
2025-01-01 04:30:00,253,E,HS1306571,26,4.333333333333333,0.10599121654301763,59.39026172884223,19.16628489567279,0.015295144039598335,0.041473652232536296
2025-01-01 04:40:00,253,E,HS1306571,27,4.5,0.10951962848401527,61.42795500959111,19.086170895626214,0.014938631038994926,0.06569638719075499
2025-01-01 04:50:00,253,E,HS1306571,28,4.666666666666666,0.11313882688870994,63.56213983938638,18.982703536059283,0.014492337596713617,0.07793928002939765
2025-01-01 05:00:00,253,E,HS1306571,29,4.833333333333333,0.1167981377586763,65.75802321009111,18.863280952340823,0.014011430820597526,0.0802055735334477
2025-01-01 05:10:00,253,E,HS1306571,30,5.0,0.12085178882388825,67.67770767393283,18.79526825317269,0.013566677570845342,0.07520142563308951
2025-01-01 05:20:00,253,E,HS1306571,31,5.166666666666666,0.12477703876890223,69.53240517032815,18.87574303406276,0.013278931763065882,0.013466933805560188
2025-01-01 05:30:00,253,E,HS1306571,32,5.333333333333333,0.12935852620665142,70.66395673292254,19.079744689289278,0.013171740705204937,0.01582938466628292
2025-01-01 05:40:00,253,E,HS1306571,33,5.5,0.13499943814746565,72.33004637424243,19.366033390571562,0.012838434719941422,0.05788787086298797
2025-01-01 05:50:00,253,E,HS1306571,34,5.666666666666666,0.140949415649493,74.25442498191516,19.70685967128172,0.012366797909038996,0.11277014199110269
2025-01-01 06:00:00,253,E,HS1306571,35,5.833333333333333,0.14695466212782907,76.30399944439175,20.082365331932348,0.011651107360775514,0.10651139458072123
2025-01-01 06:10:00,253,E,HS1306571,36,6.0,0.15142586711786588,79.1413575006963,20.591294825654046,0.010668758333072265,-0.007973293854583119
2025-01-01 06:20:00,253,E,HS1306571,37,6.166666666666666,0.15392925330260726,81.40517953989826,21.35089836424952,0.010174347965608815,-0.048817184372182965
2025-01-01 06:30:00,253,E,HS1306571,38,6.333333333333333,0.15633907081897402,83.6521773134998,22.3441722435582,0.010022723444730597,0.021637251391265266
2025-01-01 06:40:00,253,E,HS1306571,39,6.5,0.15866014996119404,85.88335194215632,23.49993434241038,0.009915907854767786,0.13371774841317574
2025-01-01 06:50:00,253,E,HS1306571,40,6.666666666666666,0.1605309575346025,87.87475798340007,24.760013739354793,0.009549144751008681,0.19503343649351024
2025-01-01 07:00:00,253,E,HS1306571,41,6.833333333333333,0.16188279525050828,89.55372355715801,26.093499264384644,0.008927751734143757,0.19625583957522608
2025-01-01 07:10:00,253,E,HS1306571,42,7.0,0.16359912681166763,90.48879557299888,27.363188961610888,0.00818847620120497,0.19794060241146383
2025-01-01 07:20:00,253,E,HS1306571,43,7.166666666666666,0.16524365908752206,91.19236089663255,28.324637637628523,0.007336367348414585,0.2091733264531257
2025-01-01 07:30:00,253,E,HS1306571,44,7.333333333333333,0.16646943428700484,91.56192346140726,29.042636184448877,0.006552410745611248,0.10819094063995394
2025-01-01 07:40:00,253,E,HS1306571,45,7.5,0.16822555947038179,92.16631418294948,29.628497051248136,0.006332465329687648,0.0208791132258348
2025-01-01 07:50:00,253,E,HS1306571,46,7.666666666666666,0.17072549613370822,93.21962650736627,30.14100679797351,0.006233742781310225,0.008293037158470185
2025-01-01 08:00:00,253,E,HS1306571,47,7.833333333333333,0.17357857724243983,94.52553895978872,30.61185745470614,0.006178332725492813,0.008204181457173831
2025-01-01 08:10:00,253,E,HS1306571,48,8.0,0.17567207799201515,96.26440671854962,31.059185760227336,0.0061688414010228065,-0.012101821434647775
2025-01-01 08:20:00,253,E,HS1306571,49,8.166666666666666,0.17688008653489626,97.41671902259966,31.505800458958316,0.006226280892207003,-0.047793190247375605
2025-01-01 08:30:00,253,E,HS1306571,50,8.333333333333332,0.17859359256887938,98.78734317289687,31.95526244843446,0.006276972291717947,-0.04204170891414094
2025-01-01 08:40:00,253,E,HS1306571,51,8.5,0.1808777619249784,100.5330768331187,32.40272168993719,0.006192436146526009,-0.02906599209456573
2025-01-01 08:50:00,253,E,HS1306571,52,8.666666666666666,0.18341640799003156,102.48986940241593,32.84999865162232,0.006061884424940073,-0.010550136183532288
2025-01-01 09:00:00,253,E,HS1306571,53,8.833333333333332,0.18602349454903408,104.52213576504985,33.29473151152502,0.0059134853346598515,0.0024799370775880902
2025-01-01 09:10:00,253,E,HS1306571,54,9.0,0.1884515008383133,106.88135183022837,33.710719246609116,0.005796687027799119,-0.0017749209774677865
2025-01-01 09:20:00,253,E,HS1306571,55,9.166666666666666,0.18997097207957894,108.74714588464927,34.04529591352407,0.005683290586089906,-0.009884429004699768
2025-01-01 09:30:00,253,E,HS1306571,56,9.333333333333332,0.1895562963725068,109.40100710500593,34.30627512506593,0.005667886338802164,-0.030422954364084376
2025-01-01 09:40:00,253,E,HS1306571,57,9.5,0.18760245250944738,108.97237054719146,34.52001826582836,0.0057857786272621226,-0.0536885751726075
2025-01-01 09:50:00,253,E,HS1306571,58,9.666666666666666,0.18477639775325275,107.90067382271123,34.70512437927168,0.0060226634217789565,-0.06578957849999512
2025-01-01 10:00:00,253,E,HS1306571,59,9.833333333333332,0.1813990085529754,106.44810083969716,34.87532446264575,0.00631895525621079,-0.08416275751203983
2025-01-01 10:10:00,253,E,HS1306571,60,10.0,0.17877263475465158,104.28385366869973,35.035608097627886,0.0066721928867150004,-0.08359022715013253
2025-01-01 10:20:00,253,E,HS1306571,61,10.166666666666666,0.17853617947076314,103.40801685838754,35.19019907437949,0.006892427201676626,-0.039574101288494035
2025-01-01 10:30:00,253,E,HS1306571,62,10.333333333333332,0.18033844498386137,103.89089999750604,35.341020761550105,0.006848213635709893,0.013976778564895653
2025-01-01 10:40:00,253,E,HS1306571,63,10.5,0.18306666629036378,105.10569580667992,35.48706008209227,0.006589748333814149,0.04437822494784882
2025-01-01 10:50:00,253,E,HS1306571,64,10.666666666666666,0.1861343345061063,106.62336731327298,35.6299080313847,0.0062747773072927004,0.05242378011377724
2025-01-01 11:00:00,253,E,HS1306571,65,10.833333333333332,0.18943713417263103,108.33209776297376,35.76994958069174,0.005964373361379505,0.05894463265647687
2025-01-01 11:10:00,253,E,HS1306571,66,11.0,0.19321371759363273,109.46209876856466,35.891718110006025,0.005594405359107768,0.08053445944599957
2025-01-01 11:20:00,253,E,HS1306571,67,11.166666666666666,0.19510676661079995,109.72320583584505,35.9745001117218,0.005213109213694611,0.07059131466026969
2025-01-01 11:30:00,253,E,HS1306571,68,11.333333333333332,0.1949944856035139,108.63443279389136,36.02818271065169,0.004975960015814435,0.041537982794579875
2025-01-01 11:40:00,253,E,HS1306571,69,11.5,0.1940399366606746,106.89006842588964,36.06331356489733,0.004884119076960569,0.030435979898292942
2025-01-01 11:50:00,253,E,HS1306571,70,11.666666666666666,0.19269619497796966,104.85682519918308,36.087329248318355,0.00484859955889988,0.02892804462641152
2025-01-01 12:00:00,253,E,HS1306571,71,11.833333333333332,0.19115971614980046,102.6891330592443,36.10453079978874,0.00480657267063378,0.022374968291117625
2025-01-01 12:10:00,253,E,HS1306571,72,12.0,0.1881209744554209,101.81122216042249,36.07942571524615,0.004917075886954059,-0.028713018816411306
2025-01-01 12:20:00,253,E,HS1306571,73,12.166666666666666,0.18479979526581505,100.80221578841365,35.958345207588074,0.005227117854456037,-0.07057545858791059
2025-01-01 12:30:00,253,E,HS1306571,74,12.333333333333332,0.18234430309927277,100.33111923514494,35.74872367710035,0.005559283495411793,-0.07791962658976104
2025-01-01 12:40:00,253,E,HS1306571,75,12.5,0.1805443705801087,100.27814938764166,35.48159552652846,0.0058481102679576735,-0.07055504274684665
2025-01-01 12:50:00,253,E,HS1306571,76,12.666666666666666,0.17908109711916376,100.44079899776052,35.17633707289334,0.00613667634259818,-0.04981902647294589
2025-01-01 13:00:00,253,E,HS1306571,77,12.833333333333332,0.17782977943563194,100.71071851238318,34.84909907070506,0.006386169588839391,-0.02973195470978851
2025-01-01 13:10:00,253,E,HS1306571,78,13.0,0.17725367283426452,100.40073027977253,34.681981678848906,0.006548413527527219,0.010487037091053253
2025-01-01 13:20:00,253,E,HS1306571,79,13.166666666666666,0.17840539963939497,100.63760572323146,34.89244226414681,0.006561273419115887,0.08962869353167591
2025-01-01 13:30:00,253,E,HS1306571,80,13.333333333333332,0.18099206478484944,101.85553977216782,35.43593957024502,0.006257387184053331,0.11973262862344214
2025-01-01 13:40:00,253,E,HS1306571,81,13.5,0.18433871183441705,103.63660511878312,36.18884686510193,0.0056745936300326705,0.097141168281496
2025-01-01 13:50:00,253,E,HS1306571,82,13.666666666666666,0.18812603911841927,105.74638999132912,37.07039537993539,0.00519403529699064,0.09365594655226062
2025-01-01 14:00:00,253,E,HS1306571,83,13.833333333333332,0.19230085364099317,108.14292671230753,38.02041380755545,0.004741896031454029,0.09364362636358692
2025-01-01 14:10:00,253,E,HS1306571,84,14.0,0.19712251058690897,110.97033067090491,38.80788720013944,0.004329345113996713,0.07383911288724931
2025-01-01 14:20:00,253,E,HS1306571,85,14.166666666666666,0.20146117367659713,114.33224153367787,39.05471562605713,0.004024157782526405,0.05777042225099649
2025-01-01 14:30:00,253,E,HS1306571,86,14.333333333333332,0.2049178871061704,117.28564767229184,38.8165875227001,0.003737653676604391,0.055005717432941026
2025-01-01 14:40:00,253,E,HS1306571,87,14.5,0.20783022883218386,119.87239590498051,38.270687667018706,0.0034451310662389767,0.05039504006492734
2025-01-01 14:50:00,253,E,HS1306571,88,14.666666666666666,0.21042224508728627,122.23319343957803,37.53951554846079,0.003175654726238014,0.05552539956961766
2025-01-01 15:00:00,253,E,HS1306571,89,14.833333333333332,0.21277445059679115,124.42159835355301,36.702495645152474,0.002890196050970295,0.05901540671322181
2025-01-01 15:10:00,253,E,HS1306571,90,15.0,0.21494422095646584,126.27695219448772,35.90369549881574,0.0026105974225281436,0.06412338951107444
2025-01-01 15:20:00,253,E,HS1306571,91,15.166666666666666,0.21709085678784987,127.75998526542689,35.35604492292839,0.0023200552574456357,0.06803027522515492
2025-01-01 15:30:00,253,E,HS1306571,92,15.333333333333332,0.21919283024388178,129.13983121941604,35.03032759372613,0.0020187357413447016,0.07251288980958748
2025-01-01 15:40:00,253,E,HS1306571,93,15.5,0.22123120220098422,130.46241262420233,34.85068000336986,0.001710792933362848,0.0760209377919665
2025-01-01 15:50:00,253,E,HS1306571,94,15.666666666666666,0.2232542442893251,131.77346146949677,34.75386280235201,0.0013951714007225946,0.07819367221254225
2025-01-01 16:00:00,253,E,HS1306571,95,15.833333333333332,0.22525376840759742,133.07155496069544,34.705929469887394,0.0010799053575944184,0.0792360025177814
2025-01-01 16:10:00,253,E,HS1306571,96,16.0,0.2274873893305966,134.5350596489511,34.6472850385679,0.0007694556802108898,0.07503186148019125
2025-01-01 16:20:00,253,E,HS1306571,97,16.166666666666664,0.22957995792948913,135.75049693727777,34.501982226512716,0.0005038132604651691,0.056505295392213384
2025-01-01 16:30:00,253,E,HS1306571,98,16.333333333333332,0.23077782414059775,136.2892899191352,34.27943199760437,0.0003811882274852574,0.027111892284025885
2025-01-01 16:40:00,253,E,HS1306571,99,16.5,0.23147641207837125,136.39919561235914,34.01025837348519,0.00038026905411558953,-0.0021100714170643187
2025-01-01 16:50:00,253,E,HS1306571,100,16.666666666666664,0.23199081538083105,136.32984485192347,33.711997310851515,0.0004860769213145266,-0.01604019693142078
2025-01-01 17:00:00,253,E,HS1306571,101,16.833333333333332,0.2324591079729779,136.20774053896346,33.399275985281534,0.0005894166759088382,-0.03593470452536707
2025-01-01 17:10:00,253,E,HS1306571,102,17.0,0.2316973289316992,135.92294751545043,33.1296251332681,0.0007767879837171088,-0.056991653449067314
2025-01-01 17:20:00,253,E,HS1306571,103,17.166666666666664,0.2286834793232503,133.9786365447849,32.9708664426437,0.001100987058734959,-0.09518635673054376
2025-01-01 17:30:00,253,E,HS1306571,104,17.333333333333332,0.22450021027341271,131.10907606571126,32.90322160248762,0.0015512449126330319,-0.12374822162332322
2025-01-01 17:40:00,253,E,HS1306571,105,17.5,0.21982333680351865,127.85726330892301,32.894615339361025,0.0020735847390932483,-0.13967216904210744
2025-01-01 17:50:00,253,E,HS1306571,106,17.666666666666664,0.21479358650726912,124.36515986666979,32.92057157580837,0.0026345014554489676,-0.1402037594584158
2025-01-01 18:00:00,253,E,HS1306571,107,17.833333333333332,0.20944411793242873,120.68387604509907,32.966731110824604,0.003177247073275158,-0.13887365947285701
2025-01-01 18:10:00,253,E,HS1306571,108,18.0,0.23028993498950054,127.13716876961945,33.030534681753885,0.0011943744691681468,0.33317542588153515
2025-01-01 18:20:00,253,E,HS1306571,109,18.166666666666664,0.22998913895501993,127.99561471980695,33.07947398080316,0.00041465515469660263,0.12819403642628657
2025-01-01 18:30:00,253,E,HS1306571,110,18.333333333333332,0.22760029918282426,126.61877354029257,33.125572269003065,0.00020470313096049297,0.06101686261607853
2025-01-01 18:40:00,253,E,HS1306571,111,18.5,0.22568626831020827,125.44668652204152,33.16899220528769,0.0001317044855716487,0.03780866425035612
2025-01-01 18:50:00,253,E,HS1306571,112,18.666666666666664,0.2240302297564417,124.47794518293459,33.21083888917778,8.368691568896858e-05,0.023653957575206164
2025-01-01 19:00:00,253,E,HS1306571,113,18.833333333333332,0.22247687040145575,123.59924393111274,33.25197625471903,5.306445607539123e-05,0.014880152638255595
2025-01-01 19:10:00,253,E,HS1306571,114,19.0,0.22103080153660426,122.75074154003643,33.105641227058406,3.569566573802252e-05,0.00999809793326989
2025-01-01 19:20:00,253,E,HS1306571,115,19.166666666666664,0.21917165525199156,121.67623288962197,32.7696259549741,2.3476789778126284e-05,0.00692135147006212
2025-01-01 19:30:00,253,E,HS1306571,116,19.333333333333332,0.2164498782676453,119.98930949194545,32.25850695961883,1.521838431683964e-05,0.004641650925378826
2025-01-01 19:40:00,253,E,HS1306571,117,19.5,0.21338730907134454,118.01416774654687,31.625540694543584,9.69728969080208e-06,0.0022900756691370816
2025-01-01 19:50:00,253,E,HS1306571,118,19.666666666666664,0.21026236719993488,115.98378513859798,30.918173068233138,6.580651582516195e-06,0.0022557566987373434
2025-01-01 20:00:00,253,E,HS1306571,119,19.833333333333332,0.20709798872709384,113.9370960991197,30.159159001035412,3.910572997284367e-06,0.0005431868501375448
2025-01-01 20:10:00,253,E,HS1306571,120,20.0,0.20293922457433147,111.17818413407845,29.548269577265575,1.3633533638590656e-05,0.0041497216377024415
2025-01-01 20:20:00,253,E,HS1306571,121,20.166666666666664,0.19848266195541114,107.87760422493173,29.050731812621798,-1.676926799720757e-05,-0.004772996271732666
2025-01-01 20:30:00,253,E,HS1306571,122,20.333333333333332,0.19522467301654767,105.32576049211349,28.65413024477006,-2.027563506995511e-05,-0.005374598843800982
2025-01-01 20:40:00,253,E,HS1306571,123,20.5,0.192528264052199,103.2444118617286,28.33727481612333,1.8227122379754768e-05,0.004763218610492004
2025-01-01 20:50:00,253,E,HS1306571,124,20.666666666666664,0.1898649190624585,101.2433210254083,28.07126627355627,-2.431991899384811e-05,-0.006176374962205244
2025-01-01 21:00:00,253,E,HS1306571,125,20.833333333333332,0.18713893652497873,99.26071522142281,27.841184293910615,2.0243198300212706e-05,0.004999176448947651
2025-01-01 21:10:00,253,E,HS1306571,126,21.0,0.1851750004872976,97.77779496357721,27.62142131138961,1.1652878790069376e-05,0.002803404717322877
2025-01-01 21:20:00,253,E,HS1306571,127,21.166666666666664,0.18328177654996328,96.4628182899267,27.418422620901453,-1.2937535703055891e-05,-0.0034011584241824266
2025-01-01 21:30:00,253,E,HS1306571,128,21.333333333333332,0.17973833445368562,94.07506575832922,27.23035007000176,-1.1956633846815778e-05,-0.003451241581014841
2025-01-01 21:40:00,253,E,HS1306571,129,21.5,0.1750890839982979,90.84407262110216,27.048182162275257,8.485807912572696e-06,0.0025811407535272224
2025-01-01 21:50:00,253,E,HS1306571,130,21.666666666666664,0.16994768353025036,87.21636109009395,26.86765260473564,8.097941968765454e-06,0.0025686551386563394
2025-01-01 22:00:00,253,E,HS1306571,131,21.833333333333332,0.16458190099860806,83.41835158226861,26.68616769044043,8.578791391378182e-06,0.0027227033369392473
2025-01-01 22:10:00,253,E,HS1306571,132,22.0,0.15910993914108482,79.62277656514887,26.46850300081139,-1.4355692653733598e-05,-0.004255830026405505
2025-01-01 22:20:00,253,E,HS1306571,133,22.166666666666664,0.15399921057056426,76.19683733692084,26.212693641963707,1.1319886547678237e-05,0.0030453970007116027
2025-01-01 22:30:00,253,E,HS1306571,134,22.333333333333332,0.1502760913401948,73.63146361840816,25.919644706997417,1.2587411207992671e-05,0.002935822944980515
2025-01-01 22:40:00,253,E,HS1306571,135,22.5,0.14780072211158216,71.87055703426496,25.599694244068054,1.5521328591144856e-05,0.0031779024155618174
2025-01-01 22:50:00,253,E,HS1306571,136,22.666666666666664,0.14607055625976778,70.61877655519675,25.262174875432652,1.689266497484354e-05,0.003254768591151702
2025-01-01 23:00:00,253,E,HS1306571,137,22.833333333333332,0.1447821289526307,69.67278495960014,24.914834311677694,-2.2947130159906015e-05,-0.004223959747690742
2025-01-01 23:10:00,253,E,HS1306571,138,23.0,0.14357085767238656,68.82479085565906,24.608168942805616,1.031534490611441e-05,0.0020036506226617234
2025-01-01 23:20:00,253,E,HS1306571,139,23.166666666666664,0.1425612209433362,68.18138510123377,24.334892338187032,2.6686165938982764e-06,0.0005784798161343474
2025-01-01 23:30:00,253,E,HS1306571,140,23.333333333333332,0.14251176664332663,68.09788924511773,24.095479032227477,-3.897442570510723e-06,-0.0007137132484160702
2025-01-01 23:40:00,253,E,HS1306571,141,23.5,0.143380777630928,68.58642484799094,23.87682822935437,1.1685499822167156e-05,0.0022695108435009104
2025-01-01 23:50:00,253,E,HS1306571,142,23.666666666666664,0.1448193146506212,69.45338945499822,23.675467742670435,-1.1477771032497586e-05,-0.002271418354627741
2025-01-02 00:00:00,253,E,HS1306571,143,23.833333333333332,0.1465613812747869,70.53247982456772,23.484279347302238,-1.3121933924248319e-05,-0.002651501282539215
2025-01-02 00:10:00,253,E,HS1306571,144,24.0,0.14850042018227333,71.82322665009025,23.249278813175433,-7.2043470871197e-06,-0.0016424511663757357
2025-01-02 00:20:00,253,E,HS1306571,145,24.166666666666664,0.1494934873016509,72.70038426933924,22.97323691812702,-4.4245191624103786e-06,-0.0008264265484569933
2025-01-02 00:30:00,253,E,HS1306571,146,24.333333333333332,0.14894863710407455,72.68812204026555,22.66383075376041,-3.338758605947456e-06,-0.0003513152184702051
2025-01-02 00:40:00,253,E,HS1306571,147,24.5,0.14736338763813278,72.008856271682,22.32607761683817,3.8578694833979466e-06,0.0001250207761422928
2025-01-02 00:50:00,253,E,HS1306571,148,24.666666666666664,0.14527548047989167,70.99035975103486,21.974713373981935,-2.497958162289704e-06,6.164392714680389e-05
2025-01-02 01:00:00,253,E,HS1306571,149,24.833333333333332,0.14291103194467192,69.80057304267343,21.60805524248408,-2.2762760520655956e-06,0.00016697329987991338
2025-01-02 01:10:00,253,E,HS1306571,150,25.0,0.13950939867056714,67.85712638863419,21.206698750562232,-1.1556130735779213e-05,-0.001068022681025127
2025-01-02 01:20:00,253,E,HS1306571,151,25.166666666666664,0.13552211120618546,65.17076668202186,20.765108424588515,-1.3990541754577146e-05,-0.0014247206174182736
2025-01-02 01:30:00,253,E,HS1306571,152,25.333333333333332,0.13143616805776878,62.32008572490016,20.285514079121185,1.9270364181311894e-05,0.0018749015015764314
2025-01-02 01:40:00,253,E,HS1306571,153,25.5,0.12718565888577096,59.38226276415539,19.785204068496277,-1.4165101567514826e-05,-0.0012110402400082876
2025-01-02 01:50:00,253,E,HS1306571,154,25.666666666666664,0.12265250689976424,56.284788224433505,19.266566143548058,-1.4561442168659067e-05,-0.0011650753314853546
2025-01-02 02:00:00,253,E,HS1306571,155,25.833333333333332,0.1180733151808633,53.155986291238314,18.733714051920742,-1.5057060477802198e-05,-0.0011970820324975762
2025-01-02 02:10:00,253,E,HS1306571,156,26.0,0.11475019622780064,50.616350261788,18.282572816983233,-2.743509461694549e-06,-0.0015003419292227704
2025-01-02 02:20:00,253,E,HS1306571,157,26.166666666666664,0.113380798236476,49.188694569290746,17.9846192886184,-1.4794012638125187e-05,-0.00284664174654381
2025-01-02 02:30:00,253,E,HS1306571,158,26.333333333333332,0.1136740607323663,48.68730415815622,17.815940045114484,-2.1855758293054528e-05,-0.0033157274095785283
2025-01-02 02:40:00,253,E,HS1306571,159,26.5,0.11535469532596498,48.971696463090574,17.766700223102657,-2.6690978236931784e-05,-0.003581883269283992
2025-01-02 02:50:00,253,E,HS1306571,160,26.666666666666664,0.1179346970858203,49.80937870867381,17.829808575950068,-3.014258897204858e-05,-0.003841149107724817
2025-01-02 03:00:00,253,E,HS1306571,161,26.833333333333332,0.1209747692418153,50.97008817858707,17.99288273177271,2.3413499493363243e-05,0.0029383031173431107
2025-01-02 03:10:00,253,E,HS1306571,162,27.0,0.12441855017597757,52.40914423873914,18.202306165923147,-9.298422631864867e-06,-6.883489875164628e-05
2025-01-02 03:20:00,253,E,HS1306571,163,27.166666666666664,0.12819120136991022,54.05217041055682,18.41199402676725,-7.536574076483227e-07,-0.0011118861832137839
2025-01-02 03:30:00,253,E,HS1306571,164,27.333333333333332,0.13118130743743356,55.373145265901,18.584699158849112,-5.3459878330830435e-06,-0.0015589057911107318
2025-01-02 03:40:00,253,E,HS1306571,165,27.5,0.13306894421075438,56.08917146013443,18.715469483337326,1.2040550204206468e-05,0.0026313636985015876
2025-01-02 03:50:00,253,E,HS1306571,166,27.666666666666664,0.13430926026239876,56.36708145878917,18.815031939977377,1.5121935636852601e-05,0.003058240082108199
2025-01-02 04:00:00,253,E,HS1306571,167,27.833333333333332,0.13533927141836632,56.452768143492705,18.89358416649513,1.68142333661081e-05,0.003362900373140576
2025-01-02 04:10:00,253,E,HS1306571,168,28.0,0.13612335623780378,56.87406920235694,19.007457894590164,5.6371171101576856e-06,0.0011013512615996035
2025-01-02 04:20:00,253,E,HS1306571,169,28.166666666666664,0.13616682076839742,57.50835503199071,19.172223791484235,6.2641883966652046e-06,0.0012468246665875427
2025-01-02 04:30:00,253,E,HS1306571,170,28.333333333333332,0.13728761744469267,58.77620638906675,19.387490704619633,-5.898895355488376e-06,-0.0016578509409903575
2025-01-02 04:40:00,253,E,HS1306571,171,28.5,0.14007247794606134,60.984083590657214,19.645546334330856,-6.295880449092017e-06,-0.002146336501375856
2025-01-02 04:50:00,253,E,HS1306571,172,28.666666666666664,0.1439419683855105,63.888236311730935,19.93410973992115,-5.858977437822599e-06,-0.002273020542510551
2025-01-02 05:00:00,253,E,HS1306571,173,28.833333333333332,0.14818448145793642,67.09035425545812,20.24274908432452,-4.318925116764127e-06,-0.0019492392385487278
2025-01-02 05:10:00,253,E,HS1306571,174,29.0,0.1530097606328924,70.48747840590612,20.570384892490825,-1.5091964426172666e-05,-0.0043959282712933145
2025-01-02 05:20:00,253,E,HS1306571,175,29.166666666666664,0.15931075575817386,74.67980789599098,20.91215612444151,1.7311792101570855e-05,0.005787411305885115
2025-01-02 05:30:00,253,E,HS1306571,176,29.333333333333332,0.16617858268193655,79.33905522539817,21.252567597753078,-7.871445724449977e-06,-0.0032007906360931315
2025-01-02 05:40:00,253,E,HS1306571,177,29.5,0.17316277017936796,84.19434330691091,21.596601616916555,6.138559183660464e-06,0.003230287879240734
2025-01-02 05:50:00,253,E,HS1306571,178,29.666666666666664,0.17991407072813104,88.9770813592741,21.937333039900995,-2.3928914778814647e-06,-0.001733434621996821
2025-01-02 06:00:00,253,E,HS1306571,179,29.833333333333332,0.1864457671964547,93.66558897626858,22.277307270246734,-1.1240531111456065e-06,-0.00125587468216537
2025-01-02 06:10:00,253,E,HS1306571,180,30.0,0.19181726747067943,97.91522652432289,22.87716476982345,-2.479450344899936e-06,0.0001459730009152338
2025-01-02 06:20:00,253,E,HS1306571,181,30.166666666666664,0.19474780157961916,100.85970514268054,23.766427425917314,4.051695868534377e-06,0.0011611721688176146
2025-01-02 06:30:00,253,E,HS1306571,182,30.333333333333332,0.196112252359613,102.6816368233547,24.921463279104078,1.1115807508038644e-05,0.0026584090618726464
2025-01-02 06:40:00,253,E,HS1306571,183,30.5,0.19706504171122052,104.08614315443623,26.24745264950221,-1.1782121664138945e-05,-0.002822724543211308
2025-01-02 06:50:00,253,E,HS1306571,184,30.666666666666664,0.19812762011071322,105.49385584332886,27.69162148910504,-1.3849066267862531e-05,-0.0033902282077313828
2025-01-02 07:00:00,253,E,HS1306571,185,30.833333333333332,0.1993616883540301,106.9934390787181,29.208793687797115,-1.4535322508973936e-05,-0.003637045247174342
2025-01-02 07:10:00,253,E,HS1306571,186,31.0,0.2015981127731679,108.93721465341676,30.40008572356442,1.5299859929762682e-05,0.004174273573298137
2025-01-02 07:20:00,253,E,HS1306571,187,31.166666666666664,0.20498613665976723,111.49175202298784,31.105117604326384,1.5540129664204372e-05,0.004404938342908338
2025-01-02 07:30:00,253,E,HS1306571,188,31.333333333333332,0.2090200854833769,114.51475781388713,31.401866986459677,1.6325542586015374e-05,0.004690424102051338
2025-01-02 07:40:00,253,E,HS1306571,189,31.5,0.21319110503426492,117.69383706788784,31.444506854344056,1.6854363576346287e-05,0.00490408433942946
2025-01-02 07:50:00,253,E,HS1306571,190,31.666666666666664,0.21730909952928346,120.87100106209077,31.33385839799812,1.7301972299987867e-05,0.0050616565734245
2025-01-02 08:00:00,253,E,HS1306571,191,31.833333333333332,0.22126611389166959,123.95380489624246,31.127325902074926,-1.2653735502410335e-05,-0.0036963612698812653
2025-01-02 08:10:00,253,E,HS1306571,192,32.0,0.2239751310903805,126.17203431879217,31.106610426807396,1.2093421531023107e-05,0.0035175190528136113
2025-01-02 08:20:00,253,E,HS1306571,193,32.166666666666664,0.22499316368015726,127.04360106853571,31.291888556414833,5.052089965040807e-06,0.0014283970023001302
2025-01-02 08:30:00,253,E,HS1306571,194,32.33333333333333,0.22465092580109497,126.88440817628656,31.664681585663956,2.986042282882018e-08,-6.22071702380822e-05
2025-01-02 08:40:00,253,E,HS1306571,195,32.5,0.22361663781449262,126.17623603226706,32.1587141920583,-3.4134392378759593e-06,-0.0010558057201635052
2025-01-02 08:50:00,253,E,HS1306571,196,32.666666666666664,0.22228349689323093,125.23157595284351,32.7238617938846,4.155315636161783e-06,0.0012382224576370504
2025-01-02 09:00:00,253,E,HS1306571,197,32.83333333333333,0.22073438318438,124.1338856637914,33.335720898755675,5.3589095655171e-06,0.0015766280987605796
2025-01-02 09:10:00,253,E,HS1306571,198,33.0,0.22024092329375136,123.49391594474184,33.948737309452255,-2.5435635757353747e-06,-0.0005744915155361241
2025-01-02 09:20:00,253,E,HS1306571,199,33.166666666666664,0.22195052071206478,124.16358585095921,34.52321180768516,1.205192425718371e-06,8.177822316213224e-05
2025-01-02 09:30:00,253,E,HS1306571,200,33.33333333333333,0.2250417001179799,125.84766624695554,35.0675314028366,1.1195231051641663e-06,4.153861532074643e-05
2025-01-02 09:40:00,253,E,HS1306571,201,33.5,0.22863474548421658,127.9604277777866,35.59225170840829,-1.438336892478631e-06,-7.551920006676482e-05
2025-01-02 09:50:00,253,E,HS1306571,202,33.666666666666664,0.23235822288648406,130.22119713524367,36.103442518660785,9.251090697937059e-07,7.986963390749224e-05
2025-01-02 10:00:00,253,E,HS1306571,203,33.83333333333333,0.23608792128941958,132.5232632105989,36.609283174011146,8.016561449386561e-07,0.00010638908516824586
2025-01-02 10:10:00,253,E,HS1306571,204,34.0,0.23887596122977836,134.313420473014,36.81196595636175,3.7896759407518577e-06,0.0010747094510179522
2025-01-02 10:20:00,253,E,HS1306571,205,34.166666666666664,0.23911476470073156,134.37032191716503,36.67987839735919,2.5851670015786254e-06,0.0007817858450991366
2025-01-02 10:30:00,253,E,HS1306571,206,34.33333333333333,0.23742758059580793,132.92652042001413,36.28590010858221,1.2318428717073004e-06,0.0004050430443527375
2025-01-02 10:40:00,253,E,HS1306571,207,34.5,0.23500468172035327,130.83661278144336,35.73765848750884,1.9980738438785117e-07,0.00013726913450540223
2025-01-02 10:50:00,253,E,HS1306571,208,34.666666666666664,0.23235425241137228,128.5283666484054,35.09387206054735,7.870034734180908e-07,6.222239664310791e-05
2025-01-02 11:00:00,253,E,HS1306571,209,34.83333333333333,0.2296364180842078,126.15509333106709,34.39313003241879,1.5767339584249473e-06,0.0002335238008157603
2025-01-02 11:10:00,253,E,HS1306571,210,35.0,0.22675527384116914,123.86842119823676,33.86625071302175,-4.933322452549405e-06,-0.001150161621353618
2025-01-02 11:20:00,253,E,HS1306571,211,35.166666666666664,0.22394503737252466,121.96082912952457,33.514204851178064,-2.371883181084833e-06,-0.00046478151860185335
2025-01-02 11:30:00,253,E,HS1306571,212,35.33333333333333,0.22145524119168675,120.4064539456283,33.32566518383247,5.042570958013748e-08,0.00021346570868985282
2025-01-02 11:40:00,253,E,HS1306571,213,35.5,0.21895604210559755,118.90422515405547,33.24869221226307,1.5736610689542907e-06,0.0006640124594312624
2025-01-02 11:50:00,253,E,HS1306571,214,35.666666666666664,0.2163579200200093,117.32241366285766,33.24107269613647,-3.348017422605265e-06,-0.001269620829830842
2025-01-02 12:00:00,253,E,HS1306571,215,35.83333333333333,0.2137240277284137,115.69381613093738,33.276052240836506,-4.020691160067091e-06,-0.001469040071043537
2025-01-02 12:10:00,253,E,HS1306571,216,36.0,0.2110292646771436,113.84786431821726,33.381996683206786,8.424896512759794e-06,0.00246065341085
2025-01-02 12:20:00,253,E,HS1306571,217,36.166666666666664,0.20901798901975252,112.14307824336294,33.54993911261538,7.621623727943616e-06,0.0021310782913204207
2025-01-02 12:30:00,253,E,HS1306571,218,36.33333333333333,0.2078806088424376,111.10241796018988,33.76710830262219,-8.83176262986285e-06,-0.0023527476323934593
2025-01-02 12:40:00,253,E,HS1306571,219,36.5,0.207381778956068,110.58130711855905,34.01681712651847,-7.503412991605174e-06,-0.001920279659799462
2025-01-02 12:50:00,253,E,HS1306571,220,36.666666666666664,0.2073111090403179,110.40402985122732,34.287498932156325,4.7517497493709815e-06,0.0011745434549581546
2025-01-02 13:00:00,253,E,HS1306571,221,36.83333333333333,0.20751964792028912,110.4476095728212,34.573682271042195,-5.831881520951265e-06,-0.0014026775658493307
2025-01-02 13:10:00,253,E,HS1306571,222,37.0,0.20846258512082902,110.96590350967755,34.72760995639987,-3.1847754332070544e-06,-0.0009025160640874219
2025-01-02 13:20:00,253,E,HS1306571,223,37.166666666666664,0.21004436018706424,111.91889303179791,34.71260060117798,1.0456031740296856e-05,0.002825050656390715
2025-01-02 13:30:00,253,E,HS1306571,224,37.33333333333333,0.211767895324032,112.95398759425105,34.562088731620356,-1.041776467769484e-05,-0.002829315216388295
2025-01-02 13:40:00,253,E,HS1306571,225,37.5,0.2136356272612314,114.06809661843154,34.3266550664658,-1.219779794986442e-05,-0.003352410046190357
2025-01-02 13:50:00,253,E,HS1306571,226,37.666666666666664,0.21563842722405632,115.26991202108563,34.03771931765471,-1.3449442120172517e-05,-0.0037540076073199202
2025-01-02 14:00:00,253,E,HS1306571,227,37.83333333333333,0.21776336463720772,116.56003806784376,33.71285049909793,-1.4341651135146849e-05,-0.004031116740392804
2025-01-02 14:10:00,253,E,HS1306571,228,38.0,0.22009316009184282,118.39916941931048,33.4335871371706,1.3582474173240433e-05,0.0040141015656303125
2025-01-02 14:20:00,253,E,HS1306571,229,38.166666666666664,0.22218120628585664,120.72463737997832,33.220469497460684,-6.965830931959793e-06,-0.002149689363932339
2025-01-02 14:30:00,253,E,HS1306571,230,38.33333333333333,0.2243997612845393,123.27895593422559,33.065478319872426,-4.953430384424529e-06,-0.0016136400678590235
2025-01-02 14:40:00,253,E,HS1306571,231,38.5,0.22665173853186427,125.91134374953066,32.95151641083359,-3.4970556737068392e-06,-0.0011894554156199888
2025-01-02 14:50:00,253,E,HS1306571,232,38.666666666666664,0.22880508869439337,128.48998965635565,32.863269053527326,-2.414970582398368e-06,-0.0008700492017723604
2025-01-02 15:00:00,253,E,HS1306571,233,38.83333333333333,0.23085708088020568,130.98947612770752,32.79059507925179,-1.6090218502573528e-06,-0.000625449213295326
2025-01-02 15:10:00,253,E,HS1306571,234,39.0,0.23265375424050028,133.0550707362906,32.79519127217146,1.3298620698876107e-05,0.003965503878774257
2025-01-02 15:20:00,253,E,HS1306571,235,39.166666666666664,0.23534211914106917,135.35408462148277,32.87988687629761,1.7885480033896783e-05,0.005478158073131567
2025-01-02 15:30:00,253,E,HS1306571,236,39.33333333333333,0.23883593155828794,138.21300167759222,33.035562279386625,2.0586843508529906e-05,0.006301922898103385
2025-01-02 15:40:00,253,E,HS1306571,237,39.5,0.24278429840841065,141.43318937013828,33.23821123129033,-1.5692039378401024e-05,-0.0048935331142985206
2025-01-02 15:50:00,253,E,HS1306571,238,39.666666666666664,0.24699658635373894,144.88113905834496,33.47122483925513,-1.624972080921383e-05,-0.005153492595844966
2025-01-02 16:00:00,253,E,HS1306571,239,39.83333333333333,0.2513450767396902,148.46064846134652,33.722073265021514,-1.6461390397459752e-05,-0.005317675890601947
2025-01-02 16:10:00,253,E,HS1306571,240,40.0,0.25634510558291146,152.21461004487244,34.194340740324044,8.775776385250289e-06,0.0030671941519102575
2025-01-02 16:20:00,253,E,HS1306571,241,40.166666666666664,0.26072990183939676,155.2916746643605,34.919314091593805,-2.1916630091878275e-06,-0.0007961627169663643
2025-01-02 16:30:00,253,E,HS1306571,242,40.33333333333333,0.26365537919663534,157.2617424858776,35.86304351177542,3.109916323351669e-07,5.2563829285645625e-05
2025-01-02 16:40:00,253,E,HS1306571,243,40.5,0.2655603054121367,158.41024081696983,36.94894950327072,-2.639012018912368e-06,-0.0008093272940641327
2025-01-02 16:50:00,253,E,HS1306571,244,40.666666666666664,0.26692302665296447,159.10542106617237,38.11985252459952,-4.042078167010299e-06,-0.0012761949489288327
2025-01-02 17:00:00,253,E,HS1306571,245,40.83333333333333,0.2680005281206494,159.5606159959491,39.344999017814956,-4.9146695210722235e-06,-0.001567808613621935
2025-01-02 17:10:00,253,E,HS1306571,246,41.0,0.26776671146593245,159.27801370791758,40.1068818807622,2.2232409540023923e-06,0.0007143551598645104
2025-01-02 17:20:00,253,E,HS1306571,247,41.166666666666664,0.265730861339665,157.77354443100742,40.36615163581302,4.419347426454223e-06,0.0013823756493991368
2025-01-02 17:30:00,253,E,HS1306571,248,41.33333333333333,0.26303096771600476,155.6595390413362,40.189588058945475,6.1277014375415995e-06,0.0019196065737219214
2025-01-02 17:40:00,253,E,HS1306571,249,41.5,0.2600579592745027,153.29056371100256,39.73638912285743,-1.0246017053405776e-05,-0.0032047222029945033
2025-01-02 17:50:00,253,E,HS1306571,250,41.666666666666664,0.25687484423675666,150.76004674861986,39.12053151223689,-1.1298133400727828e-05,-0.0036001414628259454
2025-01-02 18:00:00,253,E,HS1306571,251,41.83333333333333,0.25350885146735813,148.10027213492629,38.407560330798695,-1.2051553896330613e-05,-0.003810225661943889
2025-01-02 18:10:00,253,E,HS1306571,252,42.0,0.249767982156028,145.02667196592603,37.59282691729161,-2.302469434101173e-05,-0.007010404760166011
2025-01-02 18:20:00,253,E,HS1306571,253,42.166666666666664,0.2462193008817486,141.82602626455704,36.69000662941607,1.809430135757406e-05,0.0054047589487851155
2025-01-02 18:30:00,253,E,HS1306571,254,42.33333333333333,0.24295120167359724,138.8415712083229,35.72005138679902,1.887690334362313e-05,0.005518914205211445
2025-01-02 18:40:00,253,E,HS1306571,255,42.5,0.23968589793502376,135.89559683753174,34.707833258856034,1.9325392088820337e-05,0.005616026559124521
2025-01-02 18:50:00,253,E,HS1306571,256,42.666666666666664,0.23632632841880338,132.89103257272077,33.66192922163597,-2.776737007242902e-05,-0.007871555026213173
2025-01-02 19:00:00,253,E,HS1306571,257,42.83333333333333,0.23292169168765245,129.86362643834357,32.603778909657805,-2.8908074395511685e-05,-0.00801210515368922
2025-01-02 19:10:00,253,E,HS1306571,258,43.0,0.23022981397823888,127.45957309041036,31.727365964013664,-1.3738567265220158e-05,-0.0038643216655742663
2025-01-02 19:20:00,253,E,HS1306571,259,43.166666666666664,0.2277311446862422,125.53043069317921,31.12824082923238,-7.32579864146099e-06,-0.002133982613919727
2025-01-02 19:30:00,253,E,HS1306571,260,43.33333333333333,0.2251464344058652,123.55230902742416,30.762175296369538,-3.822935929626015e-06,-0.001184017285574157
2025-01-02 19:40:00,253,E,HS1306571,261,43.5,0.22279621611839792,121.71927887928186,30.539322225155793,-1.5999909245278943e-06,-0.0005921831757191853
2025-01-02 19:50:00,253,E,HS1306571,262,43.666666666666664,0.22067308126112356,120.0596997239527,30.404908860767712,-8.119004696327536e-08,-0.00020420101582629968
2025-01-02 20:00:00,253,E,HS1306571,263,43.83333333333333,0.21872293616511793,118.53006604105676,30.326914489724345,9.67483721248108e-07,6.832973905090967e-05
2025-01-02 20:10:00,253,E,HS1306571,264,44.0,0.21669303565304218,117.02956925136807,30.17435712723584,-6.653100967812797e-06,-0.001873430264922149
2025-01-02 20:20:00,253,E,HS1306571,265,44.166666666666664,0.21476643405375304,115.65898746938399,29.927174220712548,6.586982926992668e-06,0.0017871792309662737
2025-01-02 20:30:00,253,E,HS1306571,266,44.33333333333333,0.21286772249872718,114.3964110917301,29.579072550392553,-1.0156883899214986e-05,-0.0027431988321140466
2025-01-02 20:40:00,253,E,HS1306571,267,44.5,0.2107301067498106,113.0260577784871,29.163278371308646,-1.057878291055303e-05,-0.002855567713538676
2025-01-02 20:50:00,253,E,HS1306571,268,44.666666666666664,0.20838247114800776,111.52490626923466,28.706892624100846,-1.0740130544723003e-05,-0.0028906233507086654
2025-01-02 21:00:00,253,E,HS1306571,269,44.83333333333333,0.2059217176301629,109.94821142189399,28.226986363884055,-1.0699506854922047e-05,-0.002927639275497995
2025-01-02 21:10:00,253,E,HS1306571,270,45.0,0.20328351527958463,108.15034402746686,27.86209232297444,1.1043836670165952e-06,0.0005417689519298108
2025-01-02 21:20:00,253,E,HS1306571,271,45.166666666666664,0.20070341822448656,106.21904062373184,27.619961796699517,-6.727477262491455e-07,-0.0005821785658106648
2025-01-02 21:30:00,253,E,HS1306571,272,45.33333333333333,0.1979381653678267,104.13258164063315,27.51211250310252,8.001751610198227e-07,0.0005285403065542482
2025-01-02 21:40:00,253,E,HS1306571,273,45.5,0.19512203391925467,101.98554496783096,27.49598377726463,1.258229503448005e-06,0.0006512975783294905
2025-01-02 21:50:00,253,E,HS1306571,274,45.666666666666664,0.19237562936897223,99.88687069001897,27.536165384659885,1.8119998455301545e-06,0.0008001625761835385
2025-01-02 22:00:00,253,E,HS1306571,275,45.83333333333333,0.1896261236949965,97.79562923601307,27.609878766200914,-2.8743920650053933e-06,-0.00122211327892785
2025-01-02 22:10:00,253,E,HS1306571,276,46.0,0.18680121576339345,95.73517733520636,27.537556461520698,7.734518974594762e-06,0.002243910869065502
2025-01-02 22:20:00,253,E,HS1306571,277,46.166666666666664,0.18298662391156964,93.19348685347086,27.30139044546929,-1.4653299669209474e-05,-0.004203093780240863
2025-01-02 22:30:00,253,E,HS1306571,278,46.33333333333333,0.17838718142287083,90.14677298732808,26.908915615142792,-1.6623565964463127e-05,-0.004740946608848162
2025-01-02 22:40:00,253,E,HS1306571,279,46.5,0.17323791960292914,86.75263082138862,26.411406525279283,-1.7807268519964836e-05,-0.005089942854581864
2025-01-02 22:50:00,253,E,HS1306571,280,46.666666666666664,0.16765456769132084,83.10785496728454,25.848850597953472,1.3386099017131947e-05,0.0038341790171045886
2025-01-02 23:00:00,253,E,HS1306571,281,46.83333333333333,0.16169308318891165,79.31382057351034,25.240763076734655,-1.8965477433380284e-05,-0.005497164674512334
2025-01-02 23:10:00,253,E,HS1306571,282,47.0,0.15517568855322983,75.17743043193833,24.664953603890627,-2.5628963205209798e-05,-0.006828572109967013
2025-01-02 23:20:00,253,E,HS1306571,283,47.166666666666664,0.14887548802580794,70.88490357585836,24.10548412567991,1.786549704069218e-05,0.004636489516432363
2025-01-02 23:30:00,253,E,HS1306571,284,47.33333333333333,0.1431081463411686,66.85561943390546,23.553148344319045,-2.241719100984363e-05,-0.005666763606583913
2025-01-02 23:40:00,253,E,HS1306571,285,47.5,0.1380797023545246,63.27604283661309,23.012626499581266,-2.1004584180556174e-05,-0.005112016725576041
2025-01-02 23:50:00,253,E,HS1306571,286,47.666666666666664,0.1337139769307465,60.10339655898383,22.480451097064044,1.4042443356121481e-05,0.00331004044263139
2025-01-01 00:10:00,800001,NORMAL,HS1306571,0,0.0,0.026120023982148306,4.293833796977555,21.056622505464304,0.0005325457833677653,-0.18985674160078236
2025-01-01 00:20:00,800001,NORMAL,HS1306571,1,0.16666666666666666,0.060990819827733495,15.82361555937777,21.787866728488844,0.002529949823988617,-1.1617650288502919
2025-01-01 00:30:00,800001,NORMAL,HS1306571,2,0.3333333333333333,0.11602694393044448,40.971785360700856,21.865987840547444,0.009296235109331571,1.0613512459693482
2025-01-01 00:40:00,800001,NORMAL,HS1306571,3,0.5,0.13186456527454737,67.89754439316151,20.20456079582828,-0.006142033028265909,7.604642214110527
2025-01-01 00:50:00,800001,NORMAL,HS1306571,4,0.6666666666666666,0.144709638043463,75.7379853423566,19.936606178738888,-0.0030906755822675547,6.508034975558473
2025-01-01 01:00:00,800001,NORMAL,HS1306571,5,0.8333333333333333,0.1544562713788031,79.92071113346215,18.08734335074043,0.00554159265898807,8.749693114699767
2025-01-01 01:10:00,800001,NORMAL,HS1306571,6,1.0,0.1311343016783919,68.72727667416606,19.124305551536402,-0.0164377906964161,-1.7278523120884586
2025-01-01 01:20:00,800001,NORMAL,HS1306571,7,1.1666666666666665,0.132539141451924,66.82297633573648,17.970765147072065,-0.010804051850427127,-0.7234586201023774
2025-01-01 01:30:00,800001,NORMAL,HS1306571,8,1.3333333333333333,0.14528383698344602,58.60261328079063,19.377615135742825,0.00720236585783407,-4.967165742266225
2025-01-01 01:40:00,800001,NORMAL,HS1306571,9,1.5,0.14767135608010543,61.85749002710515,19.96457493728347,0.01394816112674166,2.019292912183886
2025-01-01 01:50:00,800001,NORMAL,HS1306571,10,1.6666666666666665,0.14265822283829818,54.40581473880307,19.077214982983634,0.012267938068553808,-2.3038807287225325
2025-01-01 02:00:00,800001,NORMAL,HS1306571,11,1.8333333333333333,0.142537544581499,50.81230637637182,19.251293049573245,0.014895825805745194,-3.2236508817816656
2025-01-01 02:10:00,800001,NORMAL,HS1306571,12,2.0,0.13895246615576456,54.526829709940564,18.813855868268533,0.011605468224359594,1.4742402860702626
2025-01-01 02:20:00,800001,NORMAL,HS1306571,13,2.1666666666666665,0.14306377329131637,60.05586648374678,18.94172326641887,0.012752350706982163,5.284903818958547
2025-01-01 02:30:00,800001,NORMAL,HS1306571,14,2.333333333333333,0.1424486126941055,61.74842621031322,18.186282640525295,0.007325790401072507,3.6046200442849567
2025-01-01 02:40:00,800001,NORMAL,HS1306571,15,2.5,0.14819407563138143,67.32431007698234,19.088940358246507,0.008083595032492619,5.305145043959726
2025-01-01 02:50:00,800001,NORMAL,HS1306571,16,2.6666666666666665,0.14722336196565866,71.88073714624115,18.147931452537343,0.0027692944200532477,6.200277690680494
2025-01-01 03:00:00,800001,NORMAL,HS1306571,17,2.833333333333333,0.16353602354337768,73.00820485923396,17.7150635278147,0.015327482774763201,4.004242966868091
2025-01-01 03:10:00,800001,NORMAL,HS1306571,18,3.0,0.1716679367777445,70.06681727684251,18.704174861545358,0.023057992655292764,-0.3840461142755487
2025-01-01 03:20:00,800001,NORMAL,HS1306571,19,3.1666666666666665,0.17071815200813772,73.18965225352314,19.159701639728265,0.02491125331220692,3.809432440256188
2025-01-01 03:30:00,800001,NORMAL,HS1306571,20,3.333333333333333,0.15415426471775412,73.31537226256395,19.745899586047628,0.01169683007524619,5.721828400652782
2025-01-01 03:40:00,800001,NORMAL,HS1306571,21,3.5,0.14108626950922093,73.25084204499836,19.438899492984476,0.0018017016009952425,7.442164638268295
2025-01-01 03:50:00,800001,NORMAL,HS1306571,22,3.6666666666666665,0.15025664590319182,70.28990608643025,21.070419185508293,0.013825293954476903,6.08076503866306
2025-01-01 04:00:00,800001,NORMAL,HS1306571,23,3.833333333333333,0.1473418542745591,63.16402148696829,20.680097488484915,0.013617936264832181,0.4451609795820417
2025-01-01 04:10:00,800001,NORMAL,HS1306571,24,4.0,0.1452339788652532,66.42367338415,20.56996917360434,0.012055843694330881,4.186997567096547
2025-01-01 04:20:00,800001,NORMAL,HS1306571,25,4.166666666666666,0.13997759216511385,67.24354565141263,20.473462980385275,0.004586594456071874,3.6437437074950836
2025-01-01 04:30:00,800001,NORMAL,HS1306571,26,4.333333333333333,0.147480533117826,67.55117864779669,20.926841885254508,0.009019888803613096,1.7763942166831583
2025-01-01 04:40:00,800001,NORMAL,HS1306571,27,4.5,0.1414161789209676,69.73371476277912,20.769936796575124,-0.000247115968957462,1.5983203544230804
2025-01-01 04:50:00,800001,NORMAL,HS1306571,28,4.666666666666666,0.1536759535033018,70.59620842240977,20.533346060049738,0.008737066590853382,0.04676043162689325
2025-01-01 05:00:00,800001,NORMAL,HS1306571,29,4.833333333333333,0.16731261293602173,78.49458398212856,20.544585334510778,0.01899915412969666,5.4774464698537315
2025-01-01 05:10:00,800001,NORMAL,HS1306571,30,5.0,0.1785793756634307,74.36110670662815,18.867940153804867,0.02622500957709889,-1.1428323863270293
2025-01-01 05:20:00,800001,NORMAL,HS1306571,31,5.166666666666666,0.17979534250825524,75.36170869722218,18.260131023231544,0.022427314474409432,-2.5679433683477555
2025-01-01 05:30:00,800001,NORMAL,HS1306571,32,5.333333333333333,0.1655101142498314,80.05917405694801,19.324469800082465,0.002794231305806111,-0.43084659005427284
2025-01-01 05:40:00,800001,NORMAL,HS1306571,33,5.5,0.17584543085999582,92.46186104561124,19.93767938039475,0.007635511119214788,9.249145159644968
2025-01-01 05:50:00,800001,NORMAL,HS1306571,34,5.666666666666666,0.2018472691283315,97.49589274397553,20.99223376611063,0.02816536214011034,11.490323279810141
2025-01-01 06:00:00,800001,NORMAL,HS1306571,35,5.833333333333333,0.1887938831077735,88.9105331647102,21.319531276789075,0.009591786998856516,-0.06293345262693606
2025-01-01 06:10:00,800001,NORMAL,HS1306571,36,6.0,0.1920858018197682,100.72202744534741,22.354026361029174,0.008799049223830152,9.088327161422157
2025-01-01 06:20:00,800001,NORMAL,HS1306571,37,6.166666666666666,0.20870649304135017,107.1855264693556,22.001897714908328,0.02309622680910492,13.494144079764226
2025-01-01 06:30:00,800001,NORMAL,HS1306571,38,6.333333333333333,0.2096422068452676,98.47981541476742,23.46123205628514,0.021816718220933617,2.775320463403318
2025-01-01 06:40:00,800001,NORMAL,HS1306571,39,6.5,0.23014635151229806,88.35454110256805,23.72760058906525,0.040296136958901524,-9.270764146828085
2025-01-01 06:50:00,800001,NORMAL,HS1306571,40,6.666666666666666,0.20742521498332298,97.36780302208902,26.095219832491157,0.01595642486398427,-1.9375632106496852
2025-01-01 07:00:00,800001,NORMAL,HS1306571,41,6.833333333333333,0.1949437796967596,108.63898789045085,25.8652443202119,0.0022279260227204556,7.903054624714116
2025-01-01 07:10:00,800001,NORMAL,HS1306571,42,7.0,0.21338765839412804,117.2174129638604,28.454895770635492,0.01902515311370498,15.081256188976354
2025-01-01 07:20:00,800001,NORMAL,HS1306571,43,7.166666666666666,0.1972701351972532,108.13728623335285,28.210354684096096,0.0013835066653051786,4.842226812430013
2025-01-01 07:30:00,800001,NORMAL,HS1306571,44,7.333333333333333,0.20097242251676695,118.94967491848726,29.487332882105036,0.003887861986296509,14.796142099568357
2025-01-01 07:40:00,800001,NORMAL,HS1306571,45,7.5,0.2053449874151853,102.34670438845133,31.692383838661424,0.0064543031158469655,-2.9869753195745687
2025-01-01 07:50:00,800001,NORMAL,HS1306571,46,7.666666666666666,0.22086622357833258,106.34234576409857,32.250698579208084,0.019567273104285604,-0.5762581731331551
2025-01-01 08:00:00,800001,NORMAL,HS1306571,47,7.833333333333333,0.22511955391559949,108.95074320808875,30.691727457182328,0.021160285840858356,0.251268329307365
2025-01-01 08:10:00,800001,NORMAL,HS1306571,48,8.0,0.22611386044628773,120.03927540126448,31.281328343996023,0.020231752320100854,9.898999805656203
2025-01-01 08:20:00,800001,NORMAL,HS1306571,49,8.166666666666666,0.21733768525842906,126.23816727817548,30.851558660658075,0.010300066072066294,15.220657348094761
2025-01-01 08:30:00,800001,NORMAL,HS1306571,50,8.333333333333332,0.2325890523841415,127.82516335574508,30.665290938943777,0.02391062977420677,15.689605770162217
2025-01-01 08:40:00,800001,NORMAL,HS1306571,51,8.5,0.2728690880232828,115.61468658367382,32.91279677880543,0.06205582901503018,2.00961313826609
2025-01-01 08:50:00,800001,NORMAL,HS1306571,52,8.666666666666666,0.2550703216717428,124.63072045011623,34.71132014661917,0.04190698812141361,9.367736379493266
2025-01-01 09:00:00,800001,NORMAL,HS1306571,53,8.833333333333332,0.24164278602156317,127.63282396146137,35.64600778510811,0.026063630253222697,10.639370546210401
2025-01-01 09:10:00,800001,NORMAL,HS1306571,54,9.0,0.2204474429400465,116.08857392951442,36.46108970791596,0.0026043964963898547,-2.5547264418274978
2025-01-01 09:20:00,800001,NORMAL,HS1306571,55,9.166666666666666,0.2188408369974868,108.64381497750023,36.23685902059686,-0.0003695051954517581,-11.186399715520949
2025-01-01 09:30:00,800001,NORMAL,HS1306571,56,9.333333333333332,0.2219224359093306,124.63067897238363,35.923600135637365,0.0032542906511217606,4.8741706129428195
2025-01-01 09:40:00,800001,NORMAL,HS1306571,57,9.5,0.21785589563776506,122.82753663529645,34.88919055311673,0.0011149413181305856,4.240330419405566
2025-01-01 09:50:00,800001,NORMAL,HS1306571,58,9.666666666666666,0.22016734123036757,113.78170648026007,35.2913433251526,0.006110288791037477,-2.998891603641482
2025-01-01 10:00:00,800001,NORMAL,HS1306571,59,9.833333333333332,0.2394512197549496,115.11508098086398,34.458933031486154,0.028519329269563187,0.5022079199671055
2025-01-01 10:10:00,800001,NORMAL,HS1306571,60,10.0,0.2408730848929191,118.20853422822982,34.76064928092276,0.03228161632075577,5.475398791335721
2025-01-01 10:20:00,800001,NORMAL,HS1306571,61,10.166666666666666,0.2268626315807767,117.16163036609676,36.15303745090161,0.018391977044719954,4.99251440969627
2025-01-01 10:30:00,800001,NORMAL,HS1306571,62,10.333333333333332,0.21057596046360783,108.87132359996201,36.605369378111725,0.00043093142384789673,-4.07010015916137
2025-01-01 10:40:00,800001,NORMAL,HS1306571,63,10.5,0.23381662244215964,127.2265241383637,40.929315734965655,0.02119285567106205,12.804552038551094
2025-01-01 10:50:00,800001,NORMAL,HS1306571,64,10.666666666666666,0.2303287260686712,131.4409528646884,37.35848088538997,0.014930594600487956,15.250816877065205
2025-01-01 11:00:00,800001,NORMAL,HS1306571,65,10.833333333333332,0.2109309545361245,126.21189192767024,37.377933486910415,-0.007474871472416794,8.056717136543924
2025-01-01 11:10:00,800001,NORMAL,HS1306571,66,11.0,0.2329120735121686,125.65296557406762,35.77626433523172,0.011062302456510104,5.060601974004342
2025-01-01 11:20:00,800001,NORMAL,HS1306571,67,11.166666666666666,0.246829299644037,130.07364675335802,36.411126460445246,0.023350943112048966,7.966041282639296
2025-01-01 11:30:00,800001,NORMAL,HS1306571,68,11.333333333333332,0.2108359809489144,121.7817472614433,36.76603996761118,-0.012477085937844412,-0.49868520915931924
2025-01-01 11:40:00,800001,NORMAL,HS1306571,69,11.5,0.2130256883656844,127.01878184172074,38.4735544378741,-0.009393175064419834,5.183617549123852
2025-01-01 11:50:00,800001,NORMAL,HS1306571,70,11.666666666666666,0.2216383433982498,118.07341367632323,37.581920812635175,0.0004797222935701284,-3.035634982361927
2025-01-01 12:00:00,800001,NORMAL,HS1306571,71,11.833333333333332,0.23454703346566447,121.70874082344326,37.519928791401284,0.01481526040059461,1.4471206900931008
2025-01-01 12:10:00,800001,NORMAL,HS1306571,72,12.0,0.2233272842398095,115.08566025672962,37.09917057302043,0.006462178950736891,-3.5724784769253546
2025-01-01 12:20:00,800001,NORMAL,HS1306571,73,12.166666666666666,0.21297493016251304,111.55715939853324,35.54458932549531,-0.0008739048227922597,-5.423862598669913
2025-01-01 12:30:00,800001,NORMAL,HS1306571,74,12.333333333333332,0.2252236687072214,126.7793538975783,35.650936621367094,0.013590231336334246,10.936496562071909
2025-01-01 12:40:00,800001,NORMAL,HS1306571,75,12.5,0.21647572120488295,123.46414957547678,35.86408846248918,0.006487679570945232,8.372771119955019
2025-01-01 12:50:00,800001,NORMAL,HS1306571,76,12.666666666666666,0.22326544343730645,122.65866273787175,36.34216432390948,0.014613762175082506,8.125235466518262
2025-01-01 13:00:00,800001,NORMAL,HS1306571,77,12.833333333333332,0.20729917690881455,108.51384421692775,36.956154251393215,-0.0001966095278849722,-5.562047761740587
2025-01-01 13:10:00,800001,NORMAL,HS1306571,78,13.0,0.19750664682370767,110.53862919710625,36.37582498391593,-0.00947888249244841,-3.0483809977351797
2025-01-01 13:20:00,800001,NORMAL,HS1306571,79,13.166666666666666,0.2178444033803635,118.09290063256434,36.411043299918724,0.009769675370660508,4.512281828180562
2025-01-01 13:30:00,800001,NORMAL,HS1306571,80,13.333333333333332,0.22366580486124374,120.92371000531107,35.030139146285684,0.013008312502984981,6.344416325344326
2025-01-01 13:40:00,800001,NORMAL,HS1306571,81,13.5,0.23622865665614232,108.89063742854584,37.8139888665934,0.022312828184046035,-7.371937785315936
2025-01-01 13:50:00,800001,NORMAL,HS1306571,82,13.666666666666666,0.22737637492197688,119.38628586170407,38.02709736501467,0.00989383111991854,1.1419030961793908
2025-01-01 14:00:00,800001,NORMAL,HS1306571,83,13.833333333333332,0.2224830038440264,126.64094329386359,40.648810732506384,0.0010981613019725445,6.154271106576019
2025-01-01 14:10:00,800001,NORMAL,HS1306571,84,14.0,0.24899188937389244,138.36869440193607,42.83649011784069,0.02309433148507306,14.699709158882854
2025-01-01 14:20:00,800001,NORMAL,HS1306571,85,14.166666666666666,0.2280310690380063,133.14397316928165,41.58766243517338,-0.0019562170317177774,5.790983269832751
2025-01-01 14:30:00,800001,NORMAL,HS1306571,86,14.333333333333332,0.2543447309838802,121.1453790576683,39.488329045445624,0.0210693471671409,-9.480807030612738
2025-01-01 14:40:00,800001,NORMAL,HS1306571,87,14.5,0.26878154007066407,125.68334224922931,39.47018640786215,0.0326956645579114,-7.877090205310779
2025-01-01 14:50:00,800001,NORMAL,HS1306571,88,14.666666666666666,0.2708915398813696,128.30398977800743,39.43557395212419,0.03232518924354602,-7.933194467335198
2025-01-01 15:00:00,800001,NORMAL,HS1306571,89,14.833333333333332,0.25319000357073457,144.37520225099442,37.987785453383545,0.012334644648045484,5.601212386638338
2025-01-01 15:10:00,800001,NORMAL,HS1306571,90,15.0,0.24449277560260815,126.76638220488304,36.69165788542936,0.001551519858121797,-14.13409153775929
2025-01-01 15:20:00,800001,NORMAL,HS1306571,91,15.166666666666666,0.24959958920601819,136.68191861196686,37.35332438319321,0.004584384731472352,-6.003121271872942
2025-01-01 15:30:00,800001,NORMAL,HS1306571,92,15.333333333333332,0.23864743714483486,156.55595988297384,37.4802843844971,-0.008368623233226985,12.205648166210523
2025-01-01 15:40:00,800001,NORMAL,HS1306571,93,15.5,0.23907533055208946,155.51845427466984,36.453269015510685,-0.009879230263537042,9.5641509198787
2025-01-01 15:50:00,800001,NORMAL,HS1306571,94,15.666666666666666,0.26186309738176006,162.9855417597281,34.357356879097196,0.010983644269822124,15.434675512260668
2025-01-01 16:00:00,800001,NORMAL,HS1306571,95,15.833333333333332,0.273407139380802,147.0751097577443,36.03096258903722,0.020623682361835538,-2.058933542938263
2025-01-01 16:10:00,800001,NORMAL,HS1306571,96,16.0,0.2568521379782694,140.91276795041773,35.1951827361416,0.0019291663272795745,-9.789330278997824
2025-01-01 16:20:00,800001,NORMAL,HS1306571,97,16.166666666666664,0.27405566414194804,163.40331690710667,35.902928692088366,0.01714253271279792,11.381930355723142
2025-01-01 16:30:00,800001,NORMAL,HS1306571,98,16.333333333333332,0.2790698043429078,162.7689711097131,35.974721257613396,0.02102079510372884,10.107263317185101
2025-01-01 16:40:00,800001,NORMAL,HS1306571,99,16.5,0.29615478047916594,162.43162408525515,33.35144071630493,0.03742552197481669,9.543085486080741
2025-01-01 16:50:00,800001,NORMAL,HS1306571,100,16.666666666666664,0.29102787105271477,152.21146645967806,34.38161723733206,0.031801891682776584,-0.7237460693092146
2025-01-01 17:00:00,800001,NORMAL,HS1306571,101,16.833333333333332,0.2957752406032097,157.56617203216584,35.16320073367067,0.036099711755239405,4.643106339663149
2025-01-01 17:10:00,800001,NORMAL,HS1306571,102,17.0,0.2887509577625821,148.9537369562286,35.560619669348284,0.029830903895090133,-3.140200312769906
2025-01-01 17:20:00,800001,NORMAL,HS1306571,103,17.166666666666664,0.28965451233563133,161.76170484889218,35.08926620462075,0.033650195152724494,12.175634051568352
2025-01-01 17:30:00,800001,NORMAL,HS1306571,104,17.333333333333332,0.2563870724739793,176.88431624213547,32.424749748862986,0.0043540151830303575,30.684632748797355
2025-01-01 17:40:00,800001,NORMAL,HS1306571,105,17.5,0.25458747519358227,163.4176412253535,35.074698798181956,0.007016797828314214,21.001896682753994
2025-01-01 17:50:00,800001,NORMAL,HS1306571,106,17.666666666666664,0.25193313122534683,146.60670422395555,35.28320936629443,0.009166217718360598,8.22425108916039
2025-01-01 18:00:00,800001,NORMAL,HS1306571,107,17.833333333333332,0.24502045805222214,123.156920033351,33.5140182714569,0.0073723370810242494,-10.989519956781763
2025-01-01 18:10:00,800001,NORMAL,HS1306571,108,18.0,0.248074522916443,117.38164415681109,33.23617807077113,0.01510480287608057,-13.046675497070453
2025-01-01 18:20:00,800001,NORMAL,HS1306571,109,18.166666666666664,0.25032088345406456,136.33405369769332,34.34221814761696,0.020723293499527867,8.367803455485117
2025-01-01 18:30:00,800001,NORMAL,HS1306571,110,18.333333333333332,0.24754855190995836,126.63978625495461,35.39640100031364,0.020174090600931144,0.17347905599336855
2025-01-01 18:40:00,800001,NORMAL,HS1306571,111,18.5,0.23857997085751786,126.36028860467661,34.512776245800765,0.01298047069861824,0.9828591065167132
2025-01-01 18:50:00,800001,NORMAL,HS1306571,112,18.666666666666664,0.22702761757935647,132.62576550401363,35.695327346811446,0.0030377689726871215,8.180176423066484
2025-01-01 19:00:00,800001,NORMAL,HS1306571,113,18.833333333333332,0.24291609580201806,140.39975152192216,33.142724924699,0.020462181779865196,16.818786681850852
2025-01-01 19:10:00,800001,NORMAL,HS1306571,114,19.0,0.24029549416553106,132.26953779124904,32.72160349754469,0.01927800463027729,9.529594659997414
2025-01-01 19:20:00,800001,NORMAL,HS1306571,115,19.166666666666664,0.22173069351204844,126.57195009532946,31.06825917200093,0.0025779926029455003,4.908784817871776
2025-01-01 19:30:00,800001,NORMAL,HS1306571,116,19.333333333333332,0.2211966221728492,125.86728515272122,31.34355212902449,0.004763126850714061,5.889212054831972
2025-01-01 19:40:00,800001,NORMAL,HS1306571,117,19.5,0.2013553400486582,119.8531231942,33.78570702449289,-0.012038369000957727,1.8352364624144144
2025-01-01 19:50:00,800001,NORMAL,HS1306571,118,19.666666666666664,0.21100716919905246,116.36329645050867,34.975257795258536,0.0007570760623558936,0.387746129548745
2025-01-01 20:00:00,800001,NORMAL,HS1306571,119,19.833333333333332,0.21085281040335338,119.71622069408609,33.01403694457305,0.0037450506521628513,5.77300340564598
2025-01-01 20:10:00,800001,NORMAL,HS1306571,120,20.0,0.20382667995209372,117.81747354289186,30.930533545286345,0.0009026176377694983,6.649991960579072
2025-01-01 20:20:00,800001,NORMAL,HS1306571,121,20.166666666666664,0.22112463740412266,126.03770637164003,30.221777513520138,0.02262839824342064,18.149554111719425
2025-01-01 20:30:00,800001,NORMAL,HS1306571,122,20.333333333333332,0.19844515769791973,118.63837279744206,30.435335565269096,0.0032101816512458137,13.304483959939532
2025-01-01 20:40:00,800001,NORMAL,HS1306571,123,20.5,0.20644728250660258,118.27092497521588,28.314073004058567,0.013927053313614657,15.032592527290305
2025-01-01 20:50:00,800001,NORMAL,HS1306571,124,20.666666666666664,0.2234474441490788,104.81650708829558,28.248685134055464,0.033572342324550614,3.565589322490794
2025-01-01 21:00:00,800001,NORMAL,HS1306571,125,20.833333333333332,0.2178910909254393,106.30947288895007,30.100536434939748,0.030760438817850955,7.054783634034337
2025-01-01 21:10:00,800001,NORMAL,HS1306571,126,21.0,0.20357196746897638,99.76316312642044,28.346310352500844,0.018400931939516835,1.9885573058651858
2025-01-01 21:20:00,800001,NORMAL,HS1306571,127,21.166666666666664,0.18531708041375783,102.01061762945154,27.752504797617004,0.002024311845777116,5.54056539259318
2025-01-01 21:30:00,800001,NORMAL,HS1306571,128,21.333333333333332,0.17240002518700465,102.53851831122662,28.13062565704248,-0.0073555814367878,8.451678833123665
2025-01-01 21:40:00,800001,NORMAL,HS1306571,129,21.5,0.17273273052312638,97.20886006320154,28.456025920580828,-0.002341405104484884,6.375310219293581
2025-01-01 21:50:00,800001,NORMAL,HS1306571,130,21.666666666666664,0.16725749018162853,103.57031370096034,27.624694061804476,-0.002674225043087619,16.365288265032405
2025-01-01 22:00:00,800001,NORMAL,HS1306571,131,21.833333333333332,0.1615135037100756,99.09157817157087,27.820548509932806,-0.003051760111812185,15.684981104420004
2025-01-01 22:10:00,800001,NORMAL,HS1306571,132,22.0,0.1593339845388814,93.55883066223015,28.26800512870076,0.00020089381108370774,13.920409783528925
2025-01-01 22:20:00,800001,NORMAL,HS1306571,133,22.166666666666664,0.15740076543483444,87.36413489011473,29.55994707392036,0.003415605158540058,11.176793799441498
2025-01-01 22:30:00,800001,NORMAL,HS1306571,134,22.333333333333332,0.15974426392299637,87.4362107354806,27.993779441301985,0.009477613116346262,13.811378959193135
2025-01-01 22:40:00,800001,NORMAL,HS1306571,135,22.5,0.14619086931391015,74.34621835682078,27.176664783411272,-0.0016034290073839996,2.480283083761819
2025-01-01 22:50:00,800001,NORMAL,HS1306571,136,22.666666666666664,0.14397037181619535,78.80987148157806,28.024492441107625,-0.00209546095286936,8.194531719389204
2025-01-01 23:00:00,800001,NORMAL,HS1306571,137,22.833333333333332,0.14653617152874532,71.50190566686828,26.3291881011917,0.001749124449610645,1.8254765145051266
2025-01-01 23:10:00,800001,NORMAL,HS1306571,138,23.0,0.14673288014490563,69.41699273339052,24.73765315783298,0.0031661796091922434,0.5948483441994483
2025-01-01 23:20:00,800001,NORMAL,HS1306571,139,23.166666666666664,0.16186395228649295,72.34327165662862,25.268879078906675,0.019304630573507592,4.16318649996704
2025-01-01 23:30:00,800001,NORMAL,HS1306571,140,23.333333333333332,0.15683194499947611,76.31457288004175,26.090284638735742,0.01431867447276966,8.215941167241027
2025-01-01 23:40:00,800001,NORMAL,HS1306571,141,23.5,0.14134585423489027,69.92552587683333,25.722538401437525,-0.002029386870898764,1.3423520985993065
2025-01-01 23:50:00,800001,NORMAL,HS1306571,142,23.666666666666664,0.15107091841108639,70.04268638440462,25.057244685593055,0.006246176102037426,0.5859675398621818
2025-01-02 00:00:00,800001,NORMAL,HS1306571,143,23.833333333333332,0.1576682568285539,73.08371143604302,23.521938490872174,0.011100676147556332,2.5473648460789207
2025-01-02 00:10:00,800001,NORMAL,HS1306571,144,24.0,0.1565952536607647,74.22341827251391,23.846840566776216,0.008089003087512314,2.395975435903779
2025-01-02 00:20:00,800001,NORMAL,HS1306571,145,24.166666666666664,0.1474889274866751,79.08964731759541,24.872606885602888,-0.002005148011652469,6.387816040819601
2025-01-02 00:30:00,800001,NORMAL,HS1306571,146,24.333333333333332,0.1661113963574955,90.9117374498681,23.121282690591528,0.01716670850889812,18.22497897921184
2025-01-02 00:40:00,800001,NORMAL,HS1306571,147,24.5,0.15055999700800463,83.70718155602775,22.940678893558488,0.00318775658570139,11.694167192601
2025-01-02 00:50:00,800001,NORMAL,HS1306571,148,24.666666666666664,0.1557605782038005,75.30064514970483,22.536109678752645,0.010492825609302564,4.314140098135539
2025-01-02 01:00:00,800001,NORMAL,HS1306571,149,24.833333333333332,0.15295074018485744,68.74733494631879,21.902592453401862,0.010048161252186688,-1.0489653553524363
2025-01-02 01:10:00,800001,NORMAL,HS1306571,150,25.0,0.15217961827326604,68.04527561440179,22.098160995182027,0.012683788337347762,0.19683357304555216
2025-01-02 01:20:00,800001,NORMAL,HS1306571,151,25.166666666666664,0.15711673400694615,63.72854934147994,22.048260907717154,0.021608757298799436,-1.4324238103082294
2025-01-02 01:30:00,800001,NORMAL,HS1306571,152,25.333333333333332,0.14840643408946086,64.9675953905223,21.716087343012767,0.01695053320905085,2.6337128851447673
2025-01-02 01:40:00,800001,NORMAL,HS1306571,153,25.5,0.13418733865411187,63.54669963403744,20.25576415367944,0.007017570574595511,4.175301648788221
2025-01-02 01:50:00,800001,NORMAL,HS1306571,154,25.666666666666664,0.1362712516194231,58.18233401764554,18.860889069442017,0.013635275448225265,1.9088399632213466
2025-01-02 02:00:00,800001,NORMAL,HS1306571,155,25.833333333333332,0.12316974614392989,61.0479958030211,19.238125836356524,0.005113000871130258,7.9033279431489305
2025-01-02 02:10:00,800001,NORMAL,HS1306571,156,26.0,0.12111299330985942,53.39060043239536,18.671771603900428,0.006351469558193074,2.764504706304791
2025-01-02 02:20:00,800001,NORMAL,HS1306571,157,26.166666666666664,0.11142319981736569,51.42028425119558,19.82558743957179,-0.001960236989229938,2.2267660578795443
2025-01-02 02:30:00,800001,NORMAL,HS1306571,158,26.333333333333332,0.10957053790148964,52.66591058035116,20.318641271434547,-0.004098095452066186,3.9782074515739367
2025-01-02 02:40:00,800001,NORMAL,HS1306571,159,26.5,0.11691431412620215,54.43632040065609,20.6341868710438,0.0015711276365581311,5.46775962540471
2025-01-02 02:50:00,800001,NORMAL,HS1306571,160,26.666666666666664,0.12416280397232161,57.06503837052346,19.008421852480268,0.006243159288652947,7.261068275688125
2025-01-02 03:00:00,800001,NORMAL,HS1306571,161,26.833333333333332,0.11611106846213805,56.87067275366592,19.382667320312702,-0.004875808610591489,5.895680134213471
2025-01-02 03:10:00,800001,NORMAL,HS1306571,162,27.0,0.12882763725363688,59.49832567480894,19.892770042859027,0.004428871234409826,7.097564680087601
2025-01-02 03:20:00,800001,NORMAL,HS1306571,163,27.166666666666664,0.12810291699306534,56.89112789275022,20.180430986333324,-0.0001017401698510112,2.8329570918052482
2025-01-02 03:30:00,800001,NORMAL,HS1306571,164,27.333333333333332,0.14369307778114274,60.90726832484417,19.656412809170316,0.012502774598718652,5.5303161226209525
2025-01-02 03:40:00,800001,NORMAL,HS1306571,165,27.5,0.1398631671476925,62.84571515344206,20.562416464385564,0.006801967332636438,6.758948397658827
2025-01-02 03:50:00,800001,NORMAL,HS1306571,166,27.666666666666664,0.13294574223169808,65.51941990371381,20.16043474360433,-0.0013578278757106488,9.15299989829959
2025-01-02 04:00:00,800001,NORMAL,HS1306571,167,27.833333333333332,0.13893459660286742,57.060165555623115,20.099692174273663,0.003600421878485721,0.607814773357326
2025-01-02 04:10:00,800001,NORMAL,HS1306571,168,28.0,0.1347569913136583,55.92301032612311,19.023736097561002,-0.0013652781562953076,-0.9481259396476958
2025-01-02 04:20:00,800001,NORMAL,HS1306571,169,28.166666666666664,0.1484977677651882,61.16669985595313,20.13987266571999,0.012332575205508178,3.6627137454369247
2025-01-02 04:30:00,800001,NORMAL,HS1306571,170,28.333333333333332,0.14661432337013264,53.7092391955137,20.174128004056552,0.009319189261289884,-5.073547532693986
2025-01-02 04:40:00,800001,NORMAL,HS1306571,171,28.5,0.14702086621980934,61.885229084901724,20.863304344410093,0.006935541241566978,0.8914136628053413
2025-01-02 04:50:00,800001,NORMAL,HS1306571,172,28.666666666666664,0.15562963053111575,69.67985392780915,21.198302353912958,0.011672184106464256,5.7800384833005936
2025-01-02 05:00:00,800001,NORMAL,HS1306571,173,28.833333333333332,0.1496421435372654,69.57908871108862,21.500381222346324,0.0014421947502293586,2.476959400550996
2025-01-02 05:10:00,800001,NORMAL,HS1306571,174,29.0,0.1472753586481853,71.95698073971184,21.66988337379545,-0.005754551040117295,1.4560233198594688
2025-01-02 05:20:00,800001,NORMAL,HS1306571,175,29.166666666666664,0.16438296460493354,73.07753190462277,22.566921884777237,0.005104883639345664,-1.5804077339517733
2025-01-02 05:30:00,800001,NORMAL,HS1306571,176,29.333333333333332,0.1633094058162922,78.53192385959746,22.436176252254644,-0.002893227946980742,-0.8236660790886248
2025-01-02 05:40:00,800001,NORMAL,HS1306571,177,29.5,0.16626060517916508,83.83759991234537,21.59816201044694,-0.006870202667024594,-0.33429513638537856
2025-01-02 05:50:00,800001,NORMAL,HS1306571,178,29.666666666666664,0.18966506030368738,87.9885830719778,22.980119373210137,0.009729094053743725,-1.004118828159335
2025-01-02 06:00:00,800001,NORMAL,HS1306571,179,29.833333333333332,0.2013011806400846,92.04003164488302,22.714161478737452,0.014834723353252977,-1.640502202678448
2025-01-02 06:10:00,800001,NORMAL,HS1306571,180,30.0,0.19097656088635598,98.35848174891014,22.612977333674202,-0.0008227934318177366,0.4592109332151324
2025-01-02 06:20:00,800001,NORMAL,HS1306571,181,30.166666666666664,0.19317919911191775,102.26535225509967,23.41608939651978,-0.0015604390655991063,1.4152732080810182
2025-01-02 06:30:00,800001,NORMAL,HS1306571,182,30.333333333333332,0.19121756169232995,116.41597011216423,25.68020441846873,-0.004890445486271239,13.740631631928807
2025-01-02 06:40:00,800001,NORMAL,HS1306571,183,30.5,0.21895195659574498,110.98019092707409,27.234481863040408,0.02188404150311779,6.88999134208666
2025-01-02 06:50:00,800001,NORMAL,HS1306571,184,30.666666666666664,0.223018058077509,113.44405748853464,26.80299496784695,0.024887067225767195,7.945965912728624
2025-01-02 07:00:00,800001,NORMAL,HS1306571,185,30.833333333333332,0.2115399414935017,110.21579743598517,29.180466406734404,0.012174526030527821,3.2179428045217264
2025-01-02 07:10:00,800001,NORMAL,HS1306571,186,31.0,0.21881127595116118,109.91235007719747,32.47399443126619,0.017224606371842616,0.9840493778701358
2025-01-02 07:20:00,800001,NORMAL,HS1306571,187,31.166666666666664,0.20351079846852466,104.77323584127069,32.40119258269075,-0.0014603379312156106,-6.707340503501115
2025-01-02 07:30:00,800001,NORMAL,HS1306571,188,31.333333333333332,0.20646324206594394,104.8637392397937,32.65606201216483,-0.0025406029313051193,-9.638743642721266
2025-01-02 07:40:00,800001,NORMAL,HS1306571,189,31.5,0.21898196946226073,108.80098664567035,34.03353641397239,0.005806996009782073,-8.880469076899146
2025-01-02 07:50:00,800001,NORMAL,HS1306571,190,31.666666666666664,0.23110932725627778,121.21866589999769,34.23470100911319,0.013815814346329808,0.3597697610242676
2025-01-02 08:00:00,800001,NORMAL,HS1306571,191,31.833333333333332,0.23244731457357018,134.6347236282955,34.40243474988898,0.011170378090790078,10.672481834293976
2025-01-02 08:10:00,800001,NORMAL,HS1306571,192,32.0,0.2380999418444992,122.39418673308869,30.341464781626264,0.01413182320543041,-3.7721419205237083
2025-01-02 08:20:00,800001,NORMAL,HS1306571,193,32.166666666666664,0.23842051071533577,125.03743105073234,33.72991084880318,0.013428233113253502,-2.0050909207991197
2025-01-02 08:30:00,800001,NORMAL,HS1306571,194,32.33333333333333,0.23480475427775438,120.12952138395512,34.35127651478878,0.010150871795038707,-6.75679662899806
2025-01-02 08:40:00,800001,NORMAL,HS1306571,195,32.5,0.23067799571489556,124.78751072440451,37.08390325344571,0.007056779979126598,-1.3919421795068558
2025-01-02 08:50:00,800001,NORMAL,HS1306571,196,32.666666666666664,0.2263812433262658,135.21825022300854,34.95396712505211,0.0041015943134655175,9.989411046667797
2025-01-02 09:00:00,800001,NORMAL,HS1306571,197,32.83333333333333,0.2312859543639138,128.97723394721422,33.16215286167425,0.010555985097940146,4.846475353692938
2025-01-02 09:10:00,800001,NORMAL,HS1306571,198,33.0,0.2357926733253808,128.69498362808784,34.794644039353074,0.015554199396873136,5.200976238564252
2025-01-02 09:20:00,800001,NORMAL,HS1306571,199,33.166666666666664,0.23738383448997788,139.56593975679465,35.50858782861415,0.01542633078710387,15.39887170839286
2025-01-02 09:30:00,800001,NORMAL,HS1306571,200,33.33333333333333,0.22397420592687164,139.37386266371277,37.287606697333175,-0.0010766135915846464,13.520973621137387
2025-01-02 09:40:00,800001,NORMAL,HS1306571,201,33.5,0.22208583163749243,132.39346278416187,38.93436286144594,-0.0065351762143116,4.441272629696826
2025-01-02 09:50:00,800001,NORMAL,HS1306571,202,33.666666666666664,0.24064087590970049,136.89845121933908,38.4969352097258,0.008272602902902965,6.671091416719207
2025-01-02 10:00:00,800001,NORMAL,HS1306571,203,33.83333333333333,0.2648941102381689,133.29843536252667,38.37923480263685,0.028796200180830345,0.7689722251043065
2025-01-02 10:10:00,800001,NORMAL,HS1306571,204,34.0,0.26041388945971117,141.33196026552181,39.29698297704915,0.02153357888799115,7.015736716133034
2025-01-02 10:20:00,800001,NORMAL,HS1306571,205,34.166666666666664,0.2500153345020359,144.87688027052954,38.4511411345827,0.010903185487668138,10.508858410555291
2025-01-02 10:30:00,800001,NORMAL,HS1306571,206,34.33333333333333,0.25157946929311364,131.46343939774624,37.61577312984086,0.014157855690434817,-1.4579731236600537
2025-01-02 10:40:00,800001,NORMAL,HS1306571,207,34.5,0.2333557897623832,134.95700688866873,38.618084179639254,-0.0016418668816386983,4.126492730095123
2025-01-02 10:50:00,800001,NORMAL,HS1306571,208,34.666666666666664,0.2542260338900019,133.03418830743323,38.90033477303234,0.021861588277508226,4.496930352146563
2025-01-02 11:00:00,800001,NORMAL,HS1306571,209,34.83333333333333,0.2478870293296869,135.2505082453748,38.33714098769322,0.018240238657367958,9.086349507918001
2025-01-02 11:10:00,800001,NORMAL,HS1306571,210,35.0,0.2328609251688192,136.74997841063438,36.32517855863316,0.006113887484742481,12.88739046555358
2025-01-02 11:20:00,800001,NORMAL,HS1306571,211,35.166666666666664,0.23072052768648021,134.09012681051775,32.95536861613068,0.006782678713287471,12.134028500551636
2025-01-02 11:30:00,800001,NORMAL,HS1306571,212,35.33333333333333,0.22421247976950573,127.09895742652321,33.80199657726597,0.0027641287435148376,6.696655782332812
2025-01-02 11:40:00,800001,NORMAL,HS1306571,213,35.5,0.24149852740165315,131.0431536273354,33.463131519176535,0.022549608227699025,12.143227679439008
2025-01-02 11:50:00,800001,NORMAL,HS1306571,214,35.666666666666664,0.22991300593640288,120.41091221702432,34.08404910070832,0.013544880387569902,3.0822282733887505
2025-01-02 12:00:00,800001,NORMAL,HS1306571,215,35.83333333333333,0.22732505405085934,112.01602485760546,33.75943628309349,0.013590738763172516,-3.684180332315023
2025-01-02 12:10:00,800001,NORMAL,HS1306571,216,36.0,0.22926452182135215,95.80446927325107,34.480352605046214,0.018242289348462837,-18.037888098213784
2025-01-02 12:20:00,800001,NORMAL,HS1306571,217,36.166666666666664,0.21451099893426184,106.76017630606523,33.710480113504744,0.005497372559074953,-5.379008905487879
2025-01-02 12:30:00,800001,NORMAL,HS1306571,218,36.33333333333333,0.21813374565188265,106.82630942571697,33.208670912695624,0.01025009217460826,-4.279033723751084
2025-01-02 12:40:00,800001,NORMAL,HS1306571,219,36.5,0.2206520880426463,114.01873328887001,36.17027903085853,0.013269310787833083,3.43615593847413
2025-01-02 12:50:00,800001,NORMAL,HS1306571,220,36.666666666666664,0.20163407850611037,103.27765254634797,35.00685453584442,-0.005677282665915856,-7.126233294422349
2025-01-02 13:00:00,800001,NORMAL,HS1306571,221,36.83333333333333,0.21339295933691663,106.40131569422134,35.83562685920406,0.005874513425086797,-4.045813821956969
2025-01-02 13:10:00,800001,NORMAL,HS1306571,222,37.0,0.21625872769992285,114.9415452496661,37.42368117254127,0.007792177289416308,3.973296084320907
2025-01-02 13:20:00,800001,NORMAL,HS1306571,223,37.166666666666664,0.22072382598615156,110.57471225695924,37.9997477305127,0.010685894303964633,-1.3402945294108832
2025-01-02 13:30:00,800001,NORMAL,HS1306571,224,37.33333333333333,0.22276288866981428,117.88543947405361,37.951768879349444,0.010989984832035615,4.92846151299652
2025-01-02 13:40:00,800001,NORMAL,HS1306571,225,37.5,0.22738484717464807,115.99680431064947,37.14243661905035,0.013743828462261909,1.9254870779746796
2025-01-02 13:50:00,800001,NORMAL,HS1306571,226,37.666666666666664,0.24318153342145618,119.06931458587611,37.0960090507135,0.02753734530328278,3.7959270715729616
2025-01-02 14:00:00,800001,NORMAL,HS1306571,227,37.83333333333333,0.22242010316040572,125.16612611717173,37.64221016323839,0.004650680863409057,8.602386342548627
2025-01-02 14:10:00,800001,NORMAL,HS1306571,228,38.0,0.22412757681864848,131.5740166307485,36.602041641243126,0.004042729628506769,13.183306574629654
2025-01-02 14:20:00,800001,NORMAL,HS1306571,229,38.166666666666664,0.23797943492880128,130.65045681136084,33.356056257280784,0.015792262794492612,9.918954347828304
2025-01-02 14:30:00,800001,NORMAL,HS1306571,230,38.33333333333333,0.2434458090314325,125.80699965823376,33.397601377488755,0.019039747147201053,2.5207621571392167
2025-01-02 14:40:00,800001,NORMAL,HS1306571,231,38.5,0.2470315997762568,127.39811323752693,34.812724725692604,0.020373785313445497,1.4795707341990436
2025-01-02 14:50:00,800001,NORMAL,HS1306571,232,38.666666666666664,0.2780240921049227,137.04308408904205,33.852645730048486,0.04921326522219502,8.546157234440443
2025-01-02 15:00:00,800001,NORMAL,HS1306571,233,38.83333333333333,0.26705840664574193,131.29744808367502,36.020745939217925,0.03619589204265533,0.3013098819972697
2025-01-02 15:10:00,800001,NORMAL,HS1306571,234,39.0,0.26946035669411406,135.52044285710858,35.063351142045526,0.03681455573278691,2.4727970844237177
2025-01-02 15:20:00,800001,NORMAL,HS1306571,235,39.166666666666664,0.25459165992183896,137.3447040808101,34.893684460175194,0.01926124555353026,2.000267725184557
2025-01-02 15:30:00,800001,NORMAL,HS1306571,236,39.33333333333333,0.2413826024842097,142.0995864673249,36.16781544929879,0.002560489697185364,3.8978532165295405
2025-01-02 15:40:00,800001,NORMAL,HS1306571,237,39.5,0.24645508724616996,139.419974729429,35.34070158345668,0.0036600693210058766,-2.0219690483710906
2025-01-02 15:50:00,800001,NORMAL,HS1306571,238,39.666666666666664,0.26479804089516124,133.5060081119573,35.5419271133531,0.017790360378227177,-11.384234856578956
2025-01-02 16:00:00,800001,NORMAL,HS1306571,239,39.83333333333333,0.27179191050028745,151.38548813627287,36.65795962373012,0.020435519391200474,2.915503403552407
2025-01-02 16:10:00,800001,NORMAL,HS1306571,240,40.0,0.27818786796179173,165.5330103442943,34.65957679567935,0.02186064046168218,13.331107486854421
2025-01-02 16:20:00,800001,NORMAL,HS1306571,241,40.166666666666664,0.2748150433174744,150.71345858828442,35.726455235266364,0.014075938328277193,-4.5845888942074
2025-01-02 16:30:00,800001,NORMAL,HS1306571,242,40.33333333333333,0.271928539344377,162.54564870195603,38.27160843829198,0.008267354076454347,5.280178532229996
2025-01-02 16:40:00,800001,NORMAL,HS1306571,243,40.5,0.27393704968393773,174.28584107177178,39.147761433282945,0.008382225013400635,15.878641974640573
2025-01-02 16:50:00,800001,NORMAL,HS1306571,244,40.666666666666664,0.2883030072989941,175.6708579461643,42.16876923135843,0.021384131591123345,16.567357400655993
2025-01-02 17:00:00,800001,NORMAL,HS1306571,245,40.83333333333333,0.29699198308299146,167.79642313551548,40.074351527641674,0.028994878333960472,8.23711810584362
2025-01-02 17:10:00,800001,NORMAL,HS1306571,246,41.0,0.27361710327526534,159.23874419839743,39.11011463340235,0.005853754609637385,-0.03686351685274758
2025-01-02 17:20:00,800001,NORMAL,HS1306571,247,41.166666666666664,0.28639186890760915,162.71110078996648,42.11758546362789,0.02066729901215214,4.942366178320725
2025-01-02 17:30:00,800001,NORMAL,HS1306571,248,41.33333333333333,0.27018454085855115,164.1315949224975,43.3051295064994,0.007160764224543759,8.47776851050557
2025-01-02 17:40:00,800001,NORMAL,HS1306571,249,41.5,0.2768350592466244,161.99660764313572,41.92724077849779,0.016766276126943758,8.697417234606746
2025-01-02 17:50:00,800001,NORMAL,HS1306571,250,41.666666666666664,0.2686561983706154,157.24790484663896,41.71213555024607,0.011769740716776445,6.47865382438718
2025-01-02 18:00:00,800001,NORMAL,HS1306571,251,41.83333333333333,0.28688622844632944,146.3945323172971,41.617218993587095,0.03336516120804184,-1.7153672260262738
2025-01-02 18:10:00,800001,NORMAL,HS1306571,252,42.0,0.2657459693822443,151.49681865922292,38.934005054856065,0.01596448911234677,6.45832691887199
2025-01-02 18:20:00,800001,NORMAL,HS1306571,253,42.166666666666664,0.2623185537791784,152.07987252550225,37.34275602238827,0.016107928678078587,10.261792692854272
2025-01-02 18:30:00,800001,NORMAL,HS1306571,254,42.33333333333333,0.2645730808997708,148.60970502037063,37.214212235117095,0.021630329308534563,9.775809476671611
2025-01-02 18:40:00,800001,NORMAL,HS1306571,255,42.5,0.2445496894360015,144.68319687447354,37.42061605921539,0.004872455292630862,8.795377153918054
2025-01-02 18:50:00,800001,NORMAL,HS1306571,256,42.666666666666664,0.24398095757250923,152.33170373759845,34.361058065671216,0.007642275015936284,19.429654027593955
2025-01-02 19:00:00,800001,NORMAL,HS1306571,257,42.83333333333333,0.23930720101722622,137.5925931571737,33.56358887004637,0.006372852878015228,7.717735532251851
2025-01-02 19:10:00,800001,NORMAL,HS1306571,258,43.0,0.23297211695936015,143.08069714381526,32.731509342217315,0.002733487584039712,15.613954504302697
2025-01-02 19:20:00,800001,NORMAL,HS1306571,259,43.166666666666664,0.2297617337655595,130.92140112337415,32.88021379021919,0.0020208233200326997,5.383563642714037
2025-01-02 19:30:00,800001,NORMAL,HS1306571,260,43.33333333333333,0.24557034548675705,136.63329850059853,32.36543702528372,0.020414526806308397,13.073726215818013
2025-01-02 19:40:00,800001,NORMAL,HS1306571,261,43.5,0.23078571195533967,138.86382540525724,31.487596987768452,0.007981153094374,17.13800822801032
2025-01-02 19:50:00,800001,NORMAL,HS1306571,262,43.666666666666664,0.23691427939510037,129.04023738930553,33.00966627313962,0.016233391243428263,8.974439641792415
2025-01-02 20:00:00,800001,NORMAL,HS1306571,263,43.83333333333333,0.2355832912703073,136.2833542309452,31.733514676524273,0.016853271938010672,17.74771553935325
2025-01-02 20:10:00,800001,NORMAL,HS1306571,264,44.0,0.21386482796341036,131.03274447568018,31.307456173636517,-0.002836180172351044,13.997392931091468
2025-01-02 20:20:00,800001,NORMAL,HS1306571,265,44.166666666666664,0.22528887425866578,119.57681962550296,29.541124959553535,0.010527632815263616,3.9214103378338763
2025-01-02 20:30:00,800001,NORMAL,HS1306571,266,44.33333333333333,0.2072157066527625,116.95280410496058,29.45658579017512,-0.005659838316850074,2.5513307142800272
2025-01-02 20:40:00,800001,NORMAL,HS1306571,267,44.5,0.22101919916117507,124.08883678320831,30.43777850979693,0.010280192939743055,11.057093443954585
2025-01-02 20:50:00,800001,NORMAL,HS1306571,268,44.666666666666664,0.21294906014553913,124.97851674955952,30.379098305500513,0.004556991563380408,13.44746548927283
2025-01-02 21:00:00,800001,NORMAL,HS1306571,269,44.83333333333333,0.21362950692657337,112.66578944618992,30.337333481154154,0.0076978205326259375,2.711191068068615
2025-01-02 21:10:00,800001,NORMAL,HS1306571,270,45.0,0.1981055188699165,111.46781287619613,30.10076748742246,-0.005170675448094075,3.3228571473594
2025-01-02 21:20:00,800001,NORMAL,HS1306571,271,45.166666666666664,0.20517065909634652,111.73226248575618,31.427874306080106,0.0044564044391982305,5.505076878621395
2025-01-02 21:30:00,800001,NORMAL,HS1306571,272,45.33333333333333,0.21510047085575534,106.54353018208012,29.228847420709283,0.017170545077071914,2.4171992455243156
2025-01-02 21:40:00,800001,NORMAL,HS1306571,273,45.5,0.19958023562516675,118.6909792063868,27.422526548350408,0.004466360422599069,16.71167454486438
2025-01-02 21:50:00,800001,NORMAL,HS1306571,274,45.666666666666664,0.19330234754864503,111.20262708780997,27.215870026327824,0.0009348456362439361,11.321953941299043
2025-01-02 22:00:00,800001,NORMAL,HS1306571,275,45.83333333333333,0.1998093147376034,105.11900832062878,27.51895050130148,0.010171796296258528,7.314735050689521
2025-01-02 22:10:00,800001,NORMAL,HS1306571,276,46.0,0.20116071068109423,107.65187899026309,27.284084105904345,0.01436943812734684,11.923453272807947
2025-01-02 22:20:00,800001,NORMAL,HS1306571,277,46.166666666666664,0.1704289016233802,99.13076647153636,28.020889537948232,-0.012575749279622545,5.9253274174719905
2025-01-02 22:30:00,800001,NORMAL,HS1306571,278,46.33333333333333,0.19699067218576333,100.04937879029701,29.16259951740279,0.018582555383498706,9.888757550267869
2025-01-02 22:40:00,800001,NORMAL,HS1306571,279,46.5,0.19098302576383241,85.64756436646631,29.57660223116907,0.01772176437949466,-1.1203870266707128
2025-01-02 22:50:00,800001,NORMAL,HS1306571,280,46.666666666666664,0.1861536889618539,82.8445484147425,28.405610890116478,0.018517356310888772,-0.25147404362432724
2025-01-02 23:00:00,800001,NORMAL,HS1306571,281,46.83333333333333,0.17289643060959461,85.831253787297,28.98275512302392,0.011176219682601601,6.500446370251424
2025-01-02 23:10:00,800001,NORMAL,HS1306571,282,47.0,0.14880732096077276,86.33365602436126,26.66604649966646,-0.006397941662037998,11.136619718798485
2025-01-02 23:20:00,800001,NORMAL,HS1306571,283,47.166666666666664,0.15550844298688807,74.57766430389181,24.229817511875154,0.0066530248687212135,3.706685681440163
2025-01-02 23:30:00,800001,NORMAL,HS1306571,284,47.33333333333333,0.1455552459993094,67.07061111381012,25.13552561300337,0.0024218973525665655,0.19724141515304439
2025-01-02 23:40:00,800001,NORMAL,HS1306571,285,47.5,0.1469198326250191,67.01510029994718,22.821752966712882,0.00881792808863835,3.723078732767675
2025-01-02 23:50:00,800001,NORMAL,HS1306571,286,47.666666666666664,0.13959593599277903,61.305514901714254,22.396339478973083,0.005896288147196976,1.2126376605922502
2025-01-01 00:10:00,800002,NORMAL,HS1306571,0,0.0,0.02554904790881748,4.298809434797755,21.769354236639476,-3.843028996305953e-05,-0.1848811037805831
2025-01-01 00:20:00,800002,NORMAL,HS1306571,1,0.16666666666666666,0.05730520509240965,17.46010660003269,20.152296235704604,-0.0011556649113352302,0.4747260118046306
2025-01-01 00:30:00,800002,NORMAL,HS1306571,2,0.3333333333333333,0.11063879518317596,40.003337615164284,20.604486534070382,0.003908086362063051,0.09290350043277584
2025-01-01 00:40:00,800002,NORMAL,HS1306571,3,0.5,0.15176741548223172,64.82741485965826,20.422330567532423,0.013760817179418433,4.534512680607278
2025-01-01 00:50:00,800002,NORMAL,HS1306571,4,0.6666666666666666,0.15199552618970477,68.90158997014841,19.394571177320977,0.004195212563974204,-0.32836039664971395
2025-01-01 01:00:00,800002,NORMAL,HS1306571,5,0.8333333333333333,0.14987000330230915,73.80281431290129,18.873486189279657,0.0009553245824941159,2.6317962941389084
2025-01-01 01:10:00,800002,NORMAL,HS1306571,6,1.0,0.1685406582900622,71.23728549445873,18.81256869125322,0.0209685659152542,0.7821565082042099
2025-01-01 01:20:00,800002,NORMAL,HS1306571,7,1.1666666666666665,0.15957665861392925,71.46324031962911,18.59953384630342,0.016233465311578127,3.916805363790246
2025-01-01 01:30:00,800002,NORMAL,HS1306571,8,1.3333333333333333,0.14761432789230292,66.12634475968163,19.04063847866948,0.009532856766690967,2.5565657366247763
2025-01-01 01:40:00,800002,NORMAL,HS1306571,9,1.5,0.13696711832623262,63.55201233653286,19.10517485288876,0.0032439233728688566,3.713815221611597
2025-01-01 01:50:00,800002,NORMAL,HS1306571,10,1.6666666666666665,0.14217049157758066,57.591153638288176,18.353899382455726,0.011780206807836285,0.8814581707625706
2025-01-01 02:00:00,800002,NORMAL,HS1306571,11,1.8333333333333333,0.13779312562194856,55.05844985805307,18.843254373029897,0.010151406846194755,1.0224925998995857
2025-01-01 02:10:00,800002,NORMAL,HS1306571,12,2.0,0.13625909322917246,54.00959812951127,20.064541571801165,0.008912095297767486,0.9570087056409662
2025-01-01 02:20:00,800002,NORMAL,HS1306571,13,2.1666666666666665,0.1368385761115696,58.08168223133557,18.425253908054565,0.006527153527235402,3.310719566547334
2025-01-01 02:30:00,800002,NORMAL,HS1306571,14,2.333333333333333,0.13649824328659443,65.54638742982,18.032838465148274,0.0013754209935614436,7.402581263791738
2025-01-01 02:40:00,800002,NORMAL,HS1306571,15,2.5,0.14667662274964344,65.9643123959619,19.144428121647245,0.006566142150754628,3.945147362939281
2025-01-01 02:50:00,800002,NORMAL,HS1306571,16,2.6666666666666665,0.1508635713773433,68.91741484406592,19.37696764153597,0.006409503831737884,3.2369553885052653
2025-01-01 03:00:00,800002,NORMAL,HS1306571,17,2.833333333333333,0.15211375064476923,69.76829730190161,18.897334565497136,0.0039052098761547527,0.7643354095357466
2025-01-01 03:10:00,800002,NORMAL,HS1306571,18,3.0,0.1430634729044955,67.10944341866926,20.44725312812357,-0.005546471217956234,-3.3414199724488043
2025-01-01 03:20:00,800002,NORMAL,HS1306571,19,3.1666666666666665,0.1412951471151142,72.05563088799543,19.114166918526024,-0.0045117515808165976,2.675411074728487
2025-01-01 03:30:00,800002,NORMAL,HS1306571,20,3.333333333333333,0.12773469035574575,72.25243043257929,18.049585403278762,-0.01472274428676218,4.658886570668116
2025-01-01 03:40:00,800002,NORMAL,HS1306571,21,3.5,0.13093524757636998,68.65260964079093,19.24013935332287,-0.008349320331855703,2.8439322340608584
2025-01-01 03:50:00,800002,NORMAL,HS1306571,22,3.6666666666666665,0.13870234320233016,71.22138399093193,20.042348996900657,0.00227099125361524,7.012242943164736
2025-01-01 04:00:00,800002,NORMAL,HS1306571,23,3.833333333333333,0.13381648817057867,65.99079370731428,20.132221641688698,9.257016085176262e-05,3.2719331999280357
2025-01-01 04:10:00,800002,NORMAL,HS1306571,24,4.0,0.1285072681102173,64.46470306161132,19.680142090651817,-0.0046708670607050196,2.2280272445578575
2025-01-01 04:20:00,800002,NORMAL,HS1306571,25,4.166666666666666,0.12524259782517627,62.78363710711009,18.65678624923133,-0.010148399883865705,-0.8161648368074594
2025-01-01 04:30:00,800002,NORMAL,HS1306571,26,4.333333333333333,0.1335528607345707,62.28457082150254,18.599526194738953,-0.004907783579642194,-3.49021360961099
2025-01-01 04:40:00,800002,NORMAL,HS1306571,27,4.5,0.14246096287856286,76.3809177727063,19.820169877658415,0.0007976679886377847,8.245523364350262
2025-01-01 04:50:00,800002,NORMAL,HS1306571,28,4.666666666666666,0.15008690268508326,76.5935617743913,19.66766362596755,0.005148015772634851,6.044113783608424
2025-01-01 05:00:00,800002,NORMAL,HS1306571,29,4.833333333333333,0.14477502122946548,76.53136788236493,20.260803615832778,-0.0035384375768595933,3.514230370090104
2025-01-01 05:10:00,800002,NORMAL,HS1306571,30,5.0,0.15820941329203977,76.66007911911339,19.806249306771193,0.005855047205707953,1.1561400261582122
2025-01-01 05:20:00,800002,NORMAL,HS1306571,31,5.166666666666666,0.17770490818352966,81.83795704452967,19.07017788796821,0.02033688014968385,3.908304978959734
2025-01-01 05:30:00,800002,NORMAL,HS1306571,32,5.333333333333333,0.18529187063797406,81.15448535077732,19.464945672703838,0.02257598769394878,0.6644647037750389
2025-01-01 05:40:00,800002,NORMAL,HS1306571,33,5.5,0.18009918107866033,75.7999009913777,20.602745214789365,0.011889261337879292,-7.412814894588578
2025-01-01 05:50:00,800002,NORMAL,HS1306571,34,5.666666666666666,0.17802032723509786,91.74075526313372,20.572873736086244,0.004338420246876695,5.735185798968331
2025-01-01 06:00:00,800002,NORMAL,HS1306571,35,5.833333333333333,0.18216429201230772,94.96278820326387,21.629491040475997,0.002962195903390724,5.9893215859267315
2025-01-01 06:10:00,800002,NORMAL,HS1306571,36,6.0,0.18418931106287714,93.27456525469862,22.17834249254573,0.0009025584669390962,1.6408649707733645
2025-01-01 06:20:00,800002,NORMAL,HS1306571,37,6.166666666666666,0.1893347703328471,94.25558968987201,23.375905933860246,0.0037245041006018498,0.5642073002806427
2025-01-01 06:30:00,800002,NORMAL,HS1306571,38,6.333333333333333,0.1944853093610919,94.41425501661631,22.18813889244479,0.006659820736757915,-1.2902399347477882
2025-01-01 06:40:00,800002,NORMAL,HS1306571,39,6.5,0.19167233219483462,104.16179303089282,24.327566965479264,0.0018221176414380813,6.536487781496689
2025-01-01 06:50:00,800002,NORMAL,HS1306571,40,6.666666666666666,0.16622289894319875,109.30390339730788,25.102678754061877,-0.025245891176139956,9.998537164569171
2025-01-01 07:00:00,800002,NORMAL,HS1306571,41,6.833333333333333,0.186326733973419,106.16773795591789,27.249950788398543,-0.006389119700620144,5.431804690181153
2025-01-01 07:10:00,800002,NORMAL,HS1306571,42,7.0,0.18754143883402605,103.59480327711515,30.26780558820232,-0.006821066446397017,1.4586465022311046
2025-01-01 07:20:00,800002,NORMAL,HS1306571,43,7.166666666666666,0.19564232507806137,102.54452522421647,30.873238020790954,-0.00024430345388665176,-0.7505341967063686
2025-01-01 07:30:00,800002,NORMAL,HS1306571,44,7.333333333333333,0.19638276198324953,104.61887465591025,31.651151564065565,-0.000701798547220911,0.46534183699134246
2025-01-01 07:40:00,800002,NORMAL,HS1306571,45,7.5,0.19324006607682465,107.95362113379286,31.84527328558822,-0.005650618222513698,2.6199414257669673
2025-01-01 07:50:00,800002,NORMAL,HS1306571,46,7.666666666666666,0.19296292714174018,114.06322641502817,31.789330307968033,-0.008336023332306791,7.144622477796446
2025-01-01 08:00:00,800002,NORMAL,HS1306571,47,7.833333333333333,0.18002445707335402,117.36396258311159,31.815273343539552,-0.023934811001387113,8.664487704330199
2025-01-01 08:10:00,800002,NORMAL,HS1306571,48,8.0,0.22250823952505525,118.50232069782068,31.63073271990398,0.01662613139886837,8.362045102212406
2025-01-01 08:20:00,800002,NORMAL,HS1306571,49,8.166666666666666,0.21136253580667724,118.28201262775838,32.061506649161814,0.004324916620314478,7.264502697677656
2025-01-01 08:30:00,800002,NORMAL,HS1306571,50,8.333333333333332,0.21737765221153835,129.46576892254217,33.41318616414091,0.00869922960160363,17.33021133695931
2025-01-01 08:40:00,800002,NORMAL,HS1306571,51,8.5,0.20311757464363062,113.92748641112442,34.036152435725235,-0.0076956843646220074,0.3224129657166941
2025-01-01 08:50:00,800002,NORMAL,HS1306571,52,8.666666666666666,0.2180355465470035,117.2153601271266,35.65725026068047,0.0048722129966742855,1.9523760565036383
2025-01-01 09:00:00,800002,NORMAL,HS1306571,53,8.833333333333332,0.21711418500718424,112.34332162605625,34.98864134820667,0.0015350292388437714,-4.650131789194717
2025-01-01 09:10:00,800002,NORMAL,HS1306571,54,9.0,0.23581535330937997,117.15446881547591,34.01345828075675,0.01797230686572332,-1.488831555866014
2025-01-01 09:20:00,800002,NORMAL,HS1306571,55,9.166666666666666,0.24093021820193902,125.54009340782356,34.375858631709406,0.021719876009000466,5.709878714802386
2025-01-01 09:30:00,800002,NORMAL,HS1306571,56,9.333333333333332,0.23145912212408407,123.14463811498997,36.29382690754645,0.012790976865875214,3.3881297555491585
2025-01-01 09:40:00,800002,NORMAL,HS1306571,57,9.5,0.22899673075739094,110.91206141785607,33.416082713612994,0.012255776437756466,-7.675144798034822
2025-01-01 09:50:00,800002,NORMAL,HS1306571,58,9.666666666666666,0.21891228412587826,104.77545379282954,35.81083856211962,0.004855231686548167,-12.005144291072014
2025-01-01 10:00:00,800002,NORMAL,HS1306571,59,9.833333333333332,0.21091792241521737,104.35524521242772,36.61387538761597,-1.3968070169040336e-05,-10.257627848469156
2025-01-01 10:10:00,800002,NORMAL,HS1306571,60,10.0,0.21803250746939212,107.59894199717036,35.54290937413922,0.009441038897228804,-5.134193439723745
2025-01-01 10:20:00,800002,NORMAL,HS1306571,61,10.166666666666666,0.2202760029843603,107.70639104917598,37.82649473934741,0.011805348448303526,-4.462724907224512
2025-01-01 10:30:00,800002,NORMAL,HS1306571,62,10.333333333333332,0.20148283645711224,102.70779826751385,36.514778689156046,-0.008662192582647693,-10.23362549160953
2025-01-01 10:40:00,800002,NORMAL,HS1306571,63,10.5,0.1874627667434312,113.38677246483657,36.617345114608135,-0.025161000027666386,-1.0351996349760384
2025-01-01 10:50:00,800002,NORMAL,HS1306571,64,10.666666666666666,0.21202279106859728,128.58418190369187,37.12371055845706,-0.003375340399585952,12.394045916068677
2025-01-01 11:00:00,800002,NORMAL,HS1306571,65,10.833333333333332,0.2327531739438143,125.31270719958535,37.830424613307144,0.014347347935273008,7.1575324084590335
2025-01-01 11:10:00,800002,NORMAL,HS1306571,66,11.0,0.238192339509749,122.19712633884843,38.249775384132725,0.01634256845409049,1.6047627387851549
2025-01-01 11:20:00,800002,NORMAL,HS1306571,67,11.166666666666666,0.23030245076320474,136.03536447865798,35.73919365109887,0.006824094231216715,13.927759007939258
2025-01-01 11:30:00,800002,NORMAL,HS1306571,68,11.333333333333332,0.24260053466852444,131.36771150452262,34.755380806022295,0.019287467781765627,9.087279033919998
2025-01-01 11:40:00,800002,NORMAL,HS1306571,69,11.5,0.23074740600444835,136.02101880848926,37.35448286080709,0.008328542574344122,14.185854515892373
2025-01-01 11:50:00,800002,NORMAL,HS1306571,70,11.666666666666666,0.24147782356919478,138.49074896703604,37.13649235671028,0.0203192024645151,17.381700308350887
2025-01-01 12:00:00,800002,NORMAL,HS1306571,71,11.833333333333332,0.23689907746376665,125.11885970546034,36.04700426233409,0.017167304398696792,4.857239572110174
2025-01-01 12:10:00,800002,NORMAL,HS1306571,72,12.0,0.23218636244211188,127.02834878994045,35.7660696369752,0.01532125715303928,8.370210056285472
2025-01-01 12:20:00,800002,NORMAL,HS1306571,73,12.166666666666666,0.2266519147455778,120.23961655676638,35.56208794373729,0.012803079760272507,3.258594559563221
2025-01-01 12:30:00,800002,NORMAL,HS1306571,74,12.333333333333332,0.2356898083965179,116.70356482942555,37.02099013725464,0.02405637102563074,0.8607074939191506
2025-01-01 12:40:00,800002,NORMAL,HS1306571,75,12.5,0.2285198704072003,115.21100279948368,35.270259919025584,0.018531828773262565,0.11962434396191668
2025-01-01 12:50:00,800002,NORMAL,HS1306571,76,12.666666666666666,0.201446282906925,114.17348823540843,38.25814319759809,-0.007205398355298931,-0.35993903594506094
2025-01-01 13:00:00,800002,NORMAL,HS1306571,77,12.833333333333332,0.21241633038254767,115.40827199551904,35.270054629615586,0.004920543945848149,1.3323800168507063
2025-01-01 13:10:00,800002,NORMAL,HS1306571,78,13.0,0.2143558810572071,109.67512988623902,34.446392503472296,0.007370351741051023,-3.911880308602406
2025-01-01 13:20:00,800002,NORMAL,HS1306571,79,13.166666666666666,0.20366598675532033,112.73996921392636,35.95380292606847,-0.004408741254382675,-0.8406495904574172
2025-01-01 13:30:00,800002,NORMAL,HS1306571,80,13.333333333333332,0.22853297621302324,127.82026070007943,36.61981739316942,0.01787548385476448,13.240967020112691
2025-01-01 13:40:00,800002,NORMAL,HS1306571,81,13.5,0.2275018141449781,123.16654431449295,39.06224762036073,0.013585985672881828,6.903969100631173
2025-01-01 13:50:00,800002,NORMAL,HS1306571,82,13.666666666666666,0.22401782501068127,122.58080946106263,37.94908734510226,0.006535281208622928,4.336426695537952
2025-01-01 14:00:00,800002,NORMAL,HS1306571,83,13.833333333333332,0.24247811137888492,128.06025040642135,39.033689798712686,0.021093268836831075,7.573578219133779
2025-01-01 14:10:00,800002,NORMAL,HS1306571,84,14.0,0.24090056034484045,120.22726943222862,39.84127420932383,0.01500300245602107,-3.44171581082459
2025-01-01 14:20:00,800002,NORMAL,HS1306571,85,14.166666666666666,0.24462151068243798,108.37590799851777,38.526540005415356,0.014634224612713909,-18.977081900931125
2025-01-01 14:30:00,800002,NORMAL,HS1306571,86,14.333333333333332,0.22050920970598079,127.52056650263886,40.84668348508407,-0.012766174110758532,-3.1056195856421738
2025-01-01 14:40:00,800002,NORMAL,HS1306571,87,14.5,0.23149968815330116,128.13341263366044,39.8984218989854,-0.004586187359451516,-5.42701982087965
2025-01-01 14:50:00,800002,NORMAL,HS1306571,88,14.666666666666666,0.2414144352963242,128.72728025141834,38.58684564517614,0.002848084658500616,-7.509903993924297
2025-01-01 15:00:00,800002,NORMAL,HS1306571,89,14.833333333333332,0.2424624379696085,143.55365294142436,37.08346903144882,0.001607079046919424,4.779663077068278
2025-01-01 15:10:00,800002,NORMAL,HS1306571,90,15.0,0.25428455635243385,134.9034750638459,32.711918912401536,0.011343300607947499,-5.996998678796444
2025-01-01 15:20:00,800002,NORMAL,HS1306571,91,15.166666666666666,0.23469696529451653,138.58491128693322,34.7003832825909,-0.010318239180029304,-4.100128596906586
2025-01-01 15:30:00,800002,NORMAL,HS1306571,92,15.333333333333332,0.2303878252583676,149.96972292232044,33.12459799680492,-0.016628235119694246,5.619411205557128
2025-01-01 15:40:00,800002,NORMAL,HS1306571,93,15.5,0.2581242567154193,144.11676607427893,33.89956359702757,0.009169695899792774,-1.8375372805122083
2025-01-01 15:50:00,800002,NORMAL,HS1306571,94,15.666666666666666,0.24471108612613246,150.10520384393843,35.251605103373116,-0.0061683669858054735,2.5543375964709867
2025-01-01 16:00:00,800002,NORMAL,HS1306571,95,15.833333333333332,0.2658818017855261,154.51430220969527,35.1089456839813,0.013098344766559633,5.380258909012724
2025-01-01 16:10:00,800002,NORMAL,HS1306571,96,16.0,0.27669053310252056,153.92771218527014,34.238592039098364,0.021767561451530748,3.225613955854584
2025-01-01 16:20:00,800002,NORMAL,HS1306571,97,16.166666666666664,0.28333357416097427,153.83873320605446,32.25252844668098,0.026420442731824145,1.8173466546709278
2025-01-01 16:30:00,800002,NORMAL,HS1306571,98,16.333333333333332,0.25544637308361057,151.84444085461092,33.231490644407856,-0.002602636155568383,-0.8172669379170827
2025-01-01 16:40:00,800002,NORMAL,HS1306571,99,16.5,0.264659583080122,154.75828020562594,34.50377765830125,0.00593032457577275,1.8697416064515266
2025-01-01 16:50:00,800002,NORMAL,HS1306571,100,16.666666666666664,0.26879334521477105,156.0429195916717,33.607707343765966,0.009567365844832865,3.107707062684426
2025-01-01 17:00:00,800002,NORMAL,HS1306571,101,16.833333333333332,0.28334546038217173,150.83770757441806,34.698882717117485,0.023669931534201438,-2.0853581180846277
2025-01-01 17:10:00,800002,NORMAL,HS1306571,102,17.0,0.28654230260852126,161.3559462610292,34.751350356686515,0.02762224874102931,9.262008992030701
2025-01-01 17:20:00,800002,NORMAL,HS1306571,103,17.166666666666664,0.26692585756178305,148.39496123719442,33.265370494171755,0.010921540378876216,-1.191109560129405
2025-01-01 17:30:00,800002,NORMAL,HS1306571,104,17.333333333333332,0.2517677026621484,146.11473766473978,33.09473435134248,-0.0002653546288005626,-0.08494582859833599
2025-01-01 17:40:00,800002,NORMAL,HS1306571,105,17.5,0.2577193655241356,161.96630451326573,33.94742011154226,0.010148688158867547,19.550559970666228
2025-01-01 17:50:00,800002,NORMAL,HS1306571,106,17.666666666666664,0.267856363607684,140.3544746206769,35.64732189905719,0.02508945010069777,1.9720214858817542
2025-01-01 18:00:00,800002,NORMAL,HS1306571,107,17.833333333333332,0.262570213664967,138.91432224538872,33.38435020413581,0.024922092693769132,4.767882255255955
2025-01-01 18:10:00,800002,NORMAL,HS1306571,108,18.0,0.2380533296623913,128.7405552359437,36.058816062059606,0.005083609622028862,-1.6877644179378422
2025-01-01 18:20:00,800002,NORMAL,HS1306571,109,18.166666666666664,0.2573994377871329,113.15606935818677,33.800447769369455,0.027801847832596233,-14.810180884021435
2025-01-01 18:30:00,800002,NORMAL,HS1306571,110,18.333333333333332,0.2395766297281066,132.57175385031604,33.920667073599624,0.012202168419079368,6.1054466513547965
2025-01-01 18:40:00,800002,NORMAL,HS1306571,111,18.5,0.24271953459234236,131.99065438959013,32.69945250517831,0.017120034433442732,6.613224891430235
2025-01-01 18:50:00,800002,NORMAL,HS1306571,112,18.666666666666664,0.2451676111956668,124.63199173879003,33.63806635087015,0.02117776258899745,0.18640265784289056
2025-01-01 19:00:00,800002,NORMAL,HS1306571,113,18.833333333333332,0.27030010248182307,127.97469515596664,33.40775551197349,0.0478461884596702,4.39373031589534
2025-01-01 19:10:00,800002,NORMAL,HS1306571,114,19.0,0.24214829166174237,127.27235914401504,34.40114649660732,0.0211308021264886,4.53241601276342
2025-01-01 19:20:00,800002,NORMAL,HS1306571,115,19.166666666666664,0.22419838620549307,128.80697888936982,34.037856770121486,0.005045685296390129,7.143813611912137
2025-01-01 19:30:00,800002,NORMAL,HS1306571,116,19.333333333333332,0.22939278874291452,127.07474518245955,33.966677086667346,0.012959293420779394,7.096672084570301
2025-01-01 19:40:00,800002,NORMAL,HS1306571,117,19.5,0.24543702599562653,136.3236553961643,34.59151341540245,0.03204331694601059,18.305768664378718
2025-01-01 19:50:00,800002,NORMAL,HS1306571,118,19.666666666666664,0.22572819567366978,124.847175128861,31.349917107062808,0.01547810253697321,8.871624807901071
2025-01-01 20:00:00,800002,NORMAL,HS1306571,119,19.833333333333332,0.19758582625845358,119.62529548974601,29.920610684303675,-0.009521933492736945,5.682078201305899
2025-01-01 20:10:00,800002,NORMAL,HS1306571,120,20.0,0.17360733753047428,111.26554783641706,30.73696197421835,-0.029316724783849946,0.09806625410426761
2025-01-01 20:20:00,800002,NORMAL,HS1306571,121,20.166666666666664,0.20106157214278073,113.4328901132265,29.971958263669457,0.0025653329820786996,5.544737853305904
2025-01-01 20:30:00,800002,NORMAL,HS1306571,122,20.333333333333332,0.19883939298215933,104.46710072682811,31.185300574745,0.0036044169354854105,-0.8667881106744204
2025-01-01 20:40:00,800002,NORMAL,HS1306571,123,20.5,0.20053457664557678,100.97818233989851,29.55948305686175,0.00801434745258886,-2.2601501080270623
2025-01-01 20:50:00,800002,NORMAL,HS1306571,124,20.666666666666664,0.19201049866047853,93.82043205661212,27.978467905789493,0.0021353968359503483,-7.430485709192666
2025-01-01 21:00:00,800002,NORMAL,HS1306571,125,20.833333333333332,0.17599608107923093,90.36885559133347,27.347883842349802,-0.01113457102835741,-8.885833663582261
2025-01-01 21:10:00,800002,NORMAL,HS1306571,126,21.0,0.18841464904707414,88.67578096618838,25.806036001992737,0.0032436135176145964,-9.098824854366867
2025-01-01 21:20:00,800002,NORMAL,HS1306571,127,21.166666666666664,0.1877868741518303,103.11875830827353,25.977031502738456,0.004494105583849578,6.6487060714151625
2025-01-01 21:30:00,800002,NORMAL,HS1306571,128,21.333333333333332,0.18133838273778574,97.64139978104255,26.976830768409005,0.001582776113993295,3.554560302939592
2025-01-01 21:40:00,800002,NORMAL,HS1306571,129,21.5,0.18858139514045438,94.62688589934383,28.14846687947935,0.013507259512843123,3.793336055435873
2025-01-01 21:50:00,800002,NORMAL,HS1306571,130,21.666666666666664,0.18498129080959091,98.57228311780389,27.359059592637863,0.01504957558487477,11.367257681875955
2025-01-01 22:00:00,800002,NORMAL,HS1306571,131,21.833333333333332,0.16890530902135117,85.82117627640338,25.767022449606944,0.004340045199463377,2.4145792092525085
2025-01-01 22:10:00,800002,NORMAL,HS1306571,132,22.0,0.14755619123363756,81.84448638740618,27.49346575263054,-0.011576899494160131,2.2060655087049525
2025-01-01 22:20:00,800002,NORMAL,HS1306571,133,22.166666666666664,0.13778029629051874,77.31689913074936,26.522223196577702,-0.01620486398577564,1.1295580400761338
2025-01-01 22:30:00,800002,NORMAL,HS1306571,134,22.333333333333332,0.15773216590245984,70.8210682215439,24.052302242815223,0.007465515095809727,-2.8037635547435684
2025-01-01 22:40:00,800002,NORMAL,HS1306571,135,22.5,0.15215860062577236,77.2350572566652,23.165029803016424,0.004364302304478207,5.3691219836062345
2025-01-01 22:50:00,800002,NORMAL,HS1306571,136,22.666666666666664,0.15656185586787497,75.10738056918788,23.378617493854257,0.010496023098810259,4.492040806999029
2025-01-01 23:00:00,800002,NORMAL,HS1306571,137,22.833333333333332,0.1404580417361729,71.47654721190148,24.981541233245338,-0.004329005342961767,1.8001180595383204
2025-01-01 23:10:00,800002,NORMAL,HS1306571,138,23.0,0.131343724055122,72.37928908249407,25.204942350951413,-0.012222976480591369,3.5571446933030018
2025-01-01 23:20:00,800002,NORMAL,HS1306571,139,23.166666666666664,0.142213213855042,70.39605366269414,26.123766941525982,-0.0003461078579433674,2.215968506032567
2025-01-01 23:30:00,800002,NORMAL,HS1306571,140,23.333333333333332,0.13692653683267458,66.67287327488071,24.534722014350685,-0.00558673369403187,-1.4257584379200097
2025-01-01 23:40:00,800002,NORMAL,HS1306571,141,23.5,0.1412533798050441,59.30576438023501,23.918100723903805,-0.0021218613007449316,-9.277409397999016
2025-01-01 23:50:00,800002,NORMAL,HS1306571,142,23.666666666666664,0.15414718526112134,68.16888191907847,22.771624110598715,0.00932244295207238,-1.2878369254639637
2025-01-02 00:00:00,800002,NORMAL,HS1306571,143,23.833333333333332,0.15798969320772294,70.66910978217774,24.616133573383706,0.01142211252672537,0.13276319221364474
2025-01-02 00:10:00,800002,NORMAL,HS1306571,144,24.0,0.1635594760182475,74.24638289330532,21.92078033944575,0.0150532254449951,2.4189400566951917
2025-01-02 00:20:00,800002,NORMAL,HS1306571,145,24.166666666666664,0.15343517225815997,75.58261021021076,21.537470608109608,0.0039410967598323965,2.8807789334349536
2025-01-02 00:30:00,800002,NORMAL,HS1306571,146,24.333333333333332,0.1582843059658393,76.78914682134052,21.384523108841034,0.009339618117241932,4.102388350684265
2025-01-02 00:40:00,800002,NORMAL,HS1306571,147,24.5,0.1532707083179669,67.95887592815662,22.478695908365456,0.005898467895663673,-4.054138435270133
2025-01-02 00:50:00,800002,NORMAL,HS1306571,148,24.666666666666664,0.1486005469419718,73.87357963115973,21.47217711072025,0.003332794347473883,2.8870745795904327
2025-01-02 01:00:00,800002,NORMAL,HS1306571,149,24.833333333333332,0.14482438391356048,74.50588616574488,21.472959782490374,0.0019218049808897297,4.709585864073659
2025-01-02 01:10:00,800002,NORMAL,HS1306571,150,25.0,0.15232987971345982,69.86256487145874,20.157536493519018,0.012834049777541545,2.014122830102508
2025-01-02 01:20:00,800002,NORMAL,HS1306571,151,25.166666666666664,0.13399773281495136,66.79656748016943,19.52887114564573,-0.0015102438931953455,1.6355943283812593
2025-01-02 01:30:00,800002,NORMAL,HS1306571,152,25.333333333333332,0.14628425214164212,61.371280965950156,18.764599072975056,0.014828351261232109,-0.9626015394273821
2025-01-02 01:40:00,800002,NORMAL,HS1306571,153,25.5,0.12207606933060385,57.02111075724242,19.71963994125996,-0.005093698748912509,-2.350287228006799
2025-01-02 01:50:00,800002,NORMAL,HS1306571,154,25.666666666666664,0.12584496682584595,55.83715787716141,19.04269480780218,0.0032089906546481084,-0.4363361772627812
2025-01-02 02:00:00,800002,NORMAL,HS1306571,155,25.833333333333332,0.12091033646438874,52.89442834030026,17.845746020213547,0.0028535911915891082,-0.25023951957191315
2025-01-02 02:10:00,800002,NORMAL,HS1306571,156,26.0,0.10776549769365854,47.67386015350812,18.350051839299642,-0.006996026058007809,-2.9522355725824454
2025-01-02 02:20:00,800002,NORMAL,HS1306571,157,26.166666666666664,0.10691618344233392,45.966107810046516,18.520590519932355,-0.00646725336426171,-3.227410383269522
2025-01-02 02:30:00,800002,NORMAL,HS1306571,158,26.333333333333332,0.11126207639533048,46.44716897501715,17.96639721134675,-0.0024065569582253504,-2.2405341537600734
2025-01-02 02:40:00,800002,NORMAL,HS1306571,159,26.5,0.11435375860303697,47.57792642660576,19.669697573779395,-0.0009894278866070527,-1.3906343486456265
2025-01-02 02:50:00,800002,NORMAL,HS1306571,160,26.666666666666664,0.1191886509268759,45.48751733151415,18.67453537403093,0.0012690062432072352,-4.3164527633211875
2025-01-02 03:00:00,800002,NORMAL,HS1306571,161,26.833333333333332,0.1232981964221723,49.836861506976575,18.552793802667228,0.0023113193494427586,-1.1381311124758753
2025-01-02 03:10:00,800002,NORMAL,HS1306571,162,27.0,0.12605898657678757,57.03306980302559,19.107616966290614,0.0016602205575605156,4.632308808304252
2025-01-02 03:20:00,800002,NORMAL,HS1306571,163,27.166666666666664,0.13309628540439647,50.74870111232926,18.506596268861934,0.004891628241480123,-3.309469688615714
2025-01-02 03:30:00,800002,NORMAL,HS1306571,164,27.333333333333332,0.14023292627816258,50.57117790930214,18.748217966096004,0.0090426230957385,-4.805774292921072
2025-01-02 03:40:00,800002,NORMAL,HS1306571,165,27.5,0.1403741022524492,55.18486023310733,18.689539643908464,0.007312902437393132,-0.9019065226759011
2025-01-02 03:50:00,800002,NORMAL,HS1306571,166,27.666666666666664,0.1462828268259985,55.269803702147506,19.97395789380867,0.011979256718589765,-1.096616303266714
2025-01-02 04:00:00,800002,NORMAL,HS1306571,167,27.833333333333332,0.14062350534853732,50.68627349430764,19.663544633781562,0.005289330624155625,-5.766077287958147
2025-01-02 04:10:00,800002,NORMAL,HS1306571,168,28.0,0.14420958231968775,54.91534622249326,19.23310540143949,0.008087312849734157,-1.9557900432775455
2025-01-02 04:20:00,800002,NORMAL,HS1306571,169,28.166666666666664,0.14750789843613213,56.9484355893386,19.971581259042452,0.011342705876452114,-0.5555505211776008
2025-01-02 04:30:00,800002,NORMAL,HS1306571,170,28.333333333333332,0.1443521129841675,57.32539741696887,20.659005931995594,0.007056978875324749,-1.4573893112388205
2025-01-02 04:40:00,800002,NORMAL,HS1306571,171,28.5,0.14034159507658478,62.83133543087988,19.642337908520684,0.0002562700983424204,1.8375200087834997
2025-01-02 04:50:00,800002,NORMAL,HS1306571,172,28.666666666666664,0.15645511207560067,69.1616006080966,19.839507167813522,0.012497665650949175,5.261785163588051
2025-01-02 05:00:00,800002,NORMAL,HS1306571,173,28.833333333333332,0.16491275162065708,72.4990436504963,20.210420418097804,0.016712802833621032,5.396914339958684
2025-01-02 05:10:00,800002,NORMAL,HS1306571,174,29.0,0.1644189390621277,68.03599800030915,20.246095724462094,0.011389029373825105,-2.46495941954322
2025-01-02 05:20:00,800002,NORMAL,HS1306571,175,29.166666666666664,0.16537695640173086,70.38128335785727,21.23870059577045,0.0060988754361429864,-4.276656280717276
2025-01-02 05:30:00,800002,NORMAL,HS1306571,176,29.333333333333332,0.15858793280984232,72.3102882633889,22.210324681652427,-0.007614700953430614,-7.045301675297182
2025-01-02 05:40:00,800002,NORMAL,HS1306571,177,29.5,0.17168960040010334,88.231971490695,22.779718540616486,-0.0014412074460863344,4.060076441964256
2025-01-02 05:50:00,800002,NORMAL,HS1306571,178,29.666666666666664,0.18282018135379638,91.13917165715222,23.571366020614644,0.0028842151038527275,2.1464697570150832
2025-01-02 06:00:00,800002,NORMAL,HS1306571,179,29.833333333333332,0.1987431209590781,99.27956138251706,22.95924597250442,0.012276663672246474,5.599027534955596
2025-01-02 06:10:00,800002,NORMAL,HS1306571,180,30.0,0.19538172732148623,101.83856724830244,25.239505377617828,0.0035823730033125167,3.939296432607435
2025-01-02 06:20:00,800002,NORMAL,HS1306571,181,30.166666666666664,0.18807030060177585,102.50656700562793,25.621449909440642,-0.006669337575741008,1.6564879586092758
2025-01-02 06:30:00,800002,NORMAL,HS1306571,182,30.333333333333332,0.20400749181987637,98.17410151524042,25.212090551059458,0.007899484641275184,-4.501236964995002
2025-01-02 06:40:00,800002,NORMAL,HS1306571,183,30.5,0.22790319064457806,107.12244449286538,25.83484032135116,0.03083527555195087,3.0322449078779528
2025-01-02 06:50:00,800002,NORMAL,HS1306571,184,30.666666666666664,0.21004564659273625,117.18899344418749,27.688690965470922,0.011914655740994456,11.690901868381474
2025-01-02 07:00:00,800002,NORMAL,HS1306571,185,30.833333333333332,0.21212371089839188,109.89977613109774,29.742318788304427,0.01275829543541801,2.901921499634298
2025-01-02 07:10:00,800002,NORMAL,HS1306571,186,31.0,0.1976127706430089,104.79687621611752,28.519614816651927,-0.003973898936309672,-4.131424483209813
2025-01-02 07:20:00,800002,NORMAL,HS1306571,187,31.166666666666664,0.20957471150461976,109.31568690808386,32.96846692713452,0.004603575104879493,-2.164889436687943
2025-01-02 07:30:00,800002,NORMAL,HS1306571,188,31.333333333333332,0.22032678181747056,114.23313217561333,31.649092546008312,0.011322936820221507,-0.26935070690163343
2025-01-02 07:40:00,800002,NORMAL,HS1306571,189,31.5,0.224047354319124,116.71743696837146,31.986586332038183,0.010872380866645354,-0.9640187541980367
2025-01-02 07:50:00,800002,NORMAL,HS1306571,190,31.666666666666664,0.23804866821177179,119.05690649816653,32.70037068456186,0.020755155301823813,-1.8019896408068945
2025-01-02 08:00:00,800002,NORMAL,HS1306571,191,31.833333333333332,0.22610281394094575,132.4229234609405,32.81883793165506,0.0048258774581656505,8.460681666938981
2025-01-02 08:10:00,800002,NORMAL,HS1306571,192,32.0,0.21817485874771134,135.06693758673504,31.290172544529064,-0.005793259891357455,8.90060893312264
2025-01-02 08:20:00,800002,NORMAL,HS1306571,193,32.166666666666664,0.20227249400028774,136.02914453663394,33.091096133336876,-0.022719783601794524,8.98662256510248
2025-01-02 08:30:00,800002,NORMAL,HS1306571,194,32.33333333333333,0.21762254885743249,140.37294156333905,31.19945753928262,-0.007031333625283187,13.486623550385872
2025-01-02 08:40:00,800002,NORMAL,HS1306571,195,32.5,0.23865348091399452,142.13500293889024,33.21158236832666,0.015032265178225562,15.95555003497887
2025-01-02 08:50:00,800002,NORMAL,HS1306571,196,32.666666666666664,0.22790356837893658,133.2733729361102,32.59742951854924,0.005623919366136293,8.044533759769465
2025-01-02 09:00:00,800002,NORMAL,HS1306571,197,32.83333333333333,0.22113213811809562,128.34447635880176,33.16366501737995,0.0004021688521219646,4.213717765280478
2025-01-02 09:10:00,800002,NORMAL,HS1306571,198,33.0,0.22287618196781234,124.7788378995344,34.03966793734115,0.0026377080393046592,1.2848305100108064
2025-01-02 09:20:00,800002,NORMAL,HS1306571,199,33.166666666666664,0.2313267494828275,126.47932705110081,32.82597880634475,0.009369245779953489,2.3122590026990224
2025-01-02 09:30:00,800002,NORMAL,HS1306571,200,33.33333333333333,0.2421536299238201,113.45049668083601,34.99669124972812,0.017102810405363822,-12.402392361739373
2025-01-02 09:40:00,800002,NORMAL,HS1306571,201,33.5,0.23008712322128938,124.52622418654592,36.517051637883235,0.001466115369485349,-3.425965967919126
2025-01-02 09:50:00,800002,NORMAL,HS1306571,202,33.666666666666664,0.22693848487767687,146.52380350306728,33.55250816869938,-0.0054297881291206496,16.296443700447412
2025-01-02 10:00:00,800002,NORMAL,HS1306571,203,33.83333333333333,0.23339978348524854,140.1896891350134,36.60479495536791,-0.0026981265720900094,7.660225997591027
2025-01-02 10:10:00,800002,NORMAL,HS1306571,204,34.0,0.2356299028938988,134.34165019502493,37.59082693549364,-0.0032504076778212265,0.02542664563614494
2025-01-02 10:20:00,800002,NORMAL,HS1306571,205,34.166666666666664,0.23125390216851438,142.8710527042166,37.29783986685037,-0.007858246845853373,8.503030844242346
2025-01-02 10:30:00,800002,NORMAL,HS1306571,206,34.33333333333333,0.2424668251559647,144.08495611267392,35.477473658937434,0.005045211553285883,11.163543591267626
2025-01-02 10:40:00,800002,NORMAL,HS1306571,207,34.5,0.26074554368269903,133.43087069277558,37.507770700311646,0.025747887038677142,2.6003565342019783
2025-01-02 10:50:00,800002,NORMAL,HS1306571,208,34.666666666666664,0.2572085206415038,118.43316590362238,36.371688314028134,0.024844075029010093,-10.104092051664281
2025-01-02 11:00:00,800002,NORMAL,HS1306571,209,34.83333333333333,0.22199524482593636,125.5475738483214,33.25570933961882,-0.007651545846382585,-0.6165848891353818
2025-01-02 11:10:00,800002,NORMAL,HS1306571,210,35.0,0.21545262081300706,128.1638726375282,34.09978446801661,-0.011294416871069662,4.301284692447382
2025-01-02 11:20:00,800002,NORMAL,HS1306571,211,35.166666666666664,0.20939147299824945,130.4536182576605,34.9685583807397,-0.014546375974943293,8.4975199476944
2025-01-02 11:30:00,800002,NORMAL,HS1306571,212,35.33333333333333,0.20366019379814207,129.02433602947596,35.02222342038635,-0.017788157227848822,8.62203438528556
2025-01-02 11:40:00,800002,NORMAL,HS1306571,213,35.5,0.2285707239493359,134.37432139632338,35.37923787896366,0.00962180477538177,15.474395448426975
2025-01-02 11:50:00,800002,NORMAL,HS1306571,214,35.666666666666664,0.22749015777073534,138.05066145814826,32.91362886945855,0.011122032221902362,20.721977514512687
2025-01-02 12:00:00,800002,NORMAL,HS1306571,215,35.83333333333333,0.24344525752194293,125.68054176974961,32.81025256008621,0.029710942234256105,9.980336579829128
2025-01-02 12:10:00,800002,NORMAL,HS1306571,216,36.0,0.23033306518024446,126.83430579191224,34.67437267256056,0.019310832707355147,12.991948420447386
2025-01-02 12:20:00,800002,NORMAL,HS1306571,217,36.166666666666664,0.22920986084082146,118.29208957629653,33.9600548261961,0.020196234465634566,6.152904364743421
2025-01-02 12:30:00,800002,NORMAL,HS1306571,218,36.33333333333333,0.2249524696906718,119.02624353148194,36.14395253552006,0.017068816213397425,7.920900382013883
2025-01-02 12:40:00,800002,NORMAL,HS1306571,219,36.5,0.2268095602893026,112.14876030349679,39.4698759691821,0.019426783034489387,1.5661829531009062
2025-01-02 12:50:00,800002,NORMAL,HS1306571,220,36.666666666666664,0.217512253693991,106.6809860238068,37.815380357255556,0.010200892521964766,-3.722899816963519
2025-01-02 13:00:00,800002,NORMAL,HS1306571,221,36.83333333333333,0.2260880216209262,114.89343657677787,35.611700505220675,0.01856957570909637,4.446307060599565
2025-01-02 13:10:00,800002,NORMAL,HS1306571,222,37.0,0.23327348958531674,116.8562040879017,36.655613755114096,0.024806939174810194,5.887954922556503
2025-01-02 13:20:00,800002,NORMAL,HS1306571,223,37.166666666666664,0.20704131476044138,119.56193793928504,36.54588990864264,-0.0029966169217455485,7.646931152914917
2025-01-02 13:30:00,800002,NORMAL,HS1306571,224,37.33333333333333,0.19075273513603738,124.46819411535314,36.327832470625204,-0.021020168701741282,11.51121615429605
2025-01-02 13:40:00,800002,NORMAL,HS1306571,225,37.5,0.20760232810890641,133.80713483314386,33.753577242153476,-0.006038690603479752,19.735817600469076
2025-01-02 13:50:00,800002,NORMAL,HS1306571,226,37.666666666666664,0.2225664612400174,126.06770771778153,33.90388912884829,0.006922273121843986,10.794320203478378
2025-01-02 14:00:00,800002,NORMAL,HS1306571,227,37.83333333333333,0.23098154903058718,128.07117087456672,36.03231000312229,0.013212126733590512,11.507431099943616
2025-01-02 14:10:00,800002,NORMAL,HS1306571,228,38.0,0.23472777184626606,119.79945457078345,34.94892550962458,0.014642924656124351,1.4087445146646047
2025-01-02 14:20:00,800002,NORMAL,HS1306571,229,38.166666666666664,0.20589144872180543,117.4075105827619,35.38762178749213,-0.016295723412503238,-3.3239918807706346
2025-01-02 14:30:00,800002,NORMAL,HS1306571,230,38.33333333333333,0.2281905664855625,130.17940511263103,36.577116915192256,0.0037845046013310346,6.893167611536484
2025-01-02 14:40:00,800002,NORMAL,HS1306571,231,38.5,0.22330477565785378,137.03389119623222,33.41021826507717,-0.00335303880495752,11.115348692904334
2025-01-02 14:50:00,800002,NORMAL,HS1306571,232,38.666666666666664,0.22610207816176509,142.72017479899276,34.11227950627652,-0.0027087487209625782,14.223247944391147
2025-01-02 15:00:00,800002,NORMAL,HS1306571,233,38.83333333333333,0.23502283005352056,147.16282271091174,33.154142023759626,0.004160315450433966,16.16668450923399
2025-01-02 15:10:00,800002,NORMAL,HS1306571,234,39.0,0.2535542559247429,153.25057987253751,32.89933692556868,0.020908454963415757,20.202934099852655
2025-01-02 15:20:00,800002,NORMAL,HS1306571,235,39.166666666666664,0.2592532096847942,149.1190586177823,33.536365754122535,0.0239227953164855,13.774622262156754
2025-01-02 15:30:00,800002,NORMAL,HS1306571,236,39.33333333333333,0.2544606103036594,145.6261606515597,33.213620185791456,0.01563849751663507,7.42442740076433
2025-01-02 15:40:00,800002,NORMAL,HS1306571,237,39.5,0.2513729508393571,138.6952384742089,32.88742665372055,0.008577932914193037,-2.7467053035911704
2025-01-02 15:50:00,800002,NORMAL,HS1306571,238,39.666666666666664,0.24229759016966687,146.44495389913212,33.947017886903424,-0.004710090347267187,1.55471093059586
2025-01-02 16:00:00,800002,NORMAL,HS1306571,239,39.83333333333333,0.248404381119172,142.4638286077652,34.57903618487172,-0.002952009989914961,-6.006156124955254
2025-01-02 16:10:00,800002,NORMAL,HS1306571,240,40.0,0.2806810104258289,144.8918240396255,34.44834468488589,0.024353782925719325,-7.310078817814372
2025-01-02 16:20:00,800002,NORMAL,HS1306571,241,40.166666666666664,0.2665560749253664,137.33059925778932,38.57544127753809,0.005816969936169203,-17.96744822470251
2025-01-02 16:30:00,800002,NORMAL,HS1306571,242,40.33333333333333,0.2750236306750111,163.47531872590358,37.01537652592899,0.011362445407088473,6.209848556177548
2025-01-02 16:40:00,800002,NORMAL,HS1306571,243,40.5,0.26593739470553496,151.99590203661043,37.36646577091901,0.00038257003499786446,-6.411297060520781
2025-01-02 16:50:00,800002,NORMAL,HS1306571,244,40.666666666666664,0.28219114171118226,147.62386182324693,38.24807430659624,0.015272266003311497,-11.47963872226137
2025-01-02 17:00:00,800002,NORMAL,HS1306571,245,40.83333333333333,0.309533645229693,153.2368929539827,38.526986821421985,0.04153654048066202,-6.322412075689158
2025-01-02 17:10:00,800002,NORMAL,HS1306571,246,41.0,0.3097260828601747,161.6229298877743,39.517846922430095,0.04196273419454677,2.347322172524116
2025-01-02 17:20:00,800002,NORMAL,HS1306571,247,41.166666666666664,0.3122876516363964,150.0489522455011,42.619801959771245,0.04656308174093937,-7.719782366144642
2025-01-02 17:30:00,800002,NORMAL,HS1306571,248,41.33333333333333,0.289337636453566,148.29925228848964,41.03301601651656,0.026313859819558638,-7.354574123502289
2025-01-02 17:40:00,800002,NORMAL,HS1306571,249,41.5,0.26580721211904945,133.99319824982413,39.664957245707996,0.0057384289993688276,-19.30599215870484
2025-01-02 17:50:00,800002,NORMAL,HS1306571,250,41.666666666666664,0.2749982738830377,150.55352894590794,38.262473248790094,0.018111816229198774,-0.21572207634383744
2025-01-02 18:00:00,800002,NORMAL,HS1306571,251,41.83333333333333,0.2765441769103563,158.71228484089215,40.979617993473,0.02302310967206872,10.602385297568787
2025-01-02 18:10:00,800002,NORMAL,HS1306571,252,42.0,0.26854455193445403,147.74393440677085,39.32342698753963,0.018763071664556485,2.7054426664199127
2025-01-02 18:20:00,800002,NORMAL,HS1306571,253,42.166666666666664,0.2632679867841264,142.8472176576283,34.62362502198815,0.017057361683026573,1.0291378249803245
2025-01-02 18:30:00,800002,NORMAL,HS1306571,254,42.33333333333333,0.25873100343751637,143.16775449706446,33.73951098449599,0.01578825184628016,4.33385895336545
2025-01-02 18:40:00,800002,NORMAL,HS1306571,255,42.5,0.24425068604291048,151.10582845418563,34.711763751339504,0.004573451899539838,15.218008733630143
2025-01-02 18:50:00,800002,NORMAL,HS1306571,256,42.666666666666664,0.237305803437191,148.71032199982218,33.952530947042824,0.0009671208806180387,15.808272289817694
2025-01-02 19:00:00,800002,NORMAL,HS1306571,257,42.83333333333333,0.2517401287178939,133.34256534662876,33.17491355215757,0.01880578057868293,3.4677077217069154
2025-01-02 19:10:00,800002,NORMAL,HS1306571,258,43.0,0.22179684253834922,118.91016999785799,33.93108111646367,-0.008441786836971221,-8.556572641654569
2025-01-02 19:20:00,800002,NORMAL,HS1306571,259,43.166666666666664,0.2214034499647246,134.52343840020635,33.95710762293954,-0.006337460480802193,8.98560091954623
2025-01-02 19:30:00,800002,NORMAL,HS1306571,260,43.33333333333333,0.21795382403585295,135.78772503165678,32.44916432602863,-0.0072019946445956995,12.228152746876262
2025-01-02 19:40:00,800002,NORMAL,HS1306571,261,43.5,0.21793165999724154,135.22250218323708,32.47526122101733,-0.004872898863724134,13.496685005990159
2025-01-02 19:50:00,800002,NORMAL,HS1306571,262,43.666666666666664,0.21579404731663743,130.28487794305724,30.541205441971254,-0.004886840835034684,10.219080195544123
2025-01-02 20:00:00,800002,NORMAL,HS1306571,263,43.83333333333333,0.2121207473708158,119.36958131814713,31.435413484598822,-0.006609271961480839,0.8339426265551708
2025-01-02 20:10:00,800002,NORMAL,HS1306571,264,44.0,0.21373751114057193,111.10933859473253,31.84938163314757,-0.0029634969951894685,-5.926012949856172
2025-01-02 20:20:00,800002,NORMAL,HS1306571,265,44.166666666666664,0.21169096455589942,116.76945634251675,29.287920163740896,-0.0030702768875027486,1.11404705484766
2025-01-02 20:30:00,800002,NORMAL,HS1306571,266,44.33333333333333,0.19337921545352343,120.38018093394726,29.880308956965692,-0.01949632951608915,5.978707543266708
2025-01-02 20:40:00,800002,NORMAL,HS1306571,267,44.5,0.21758792946473104,109.65110221481265,30.36897034602465,0.006848923243299027,-3.3806411244410697
2025-01-02 20:50:00,800002,NORMAL,HS1306571,268,44.666666666666664,0.21870685253535652,106.17396680330954,29.316188048032057,0.010314783953197793,-5.357084456977148
2025-01-02 21:00:00,800002,NORMAL,HS1306571,269,44.83333333333333,0.21593031004479035,104.69620554513288,27.606546867622306,0.00999862365084292,-5.25839283298842
2025-01-02 21:10:00,800002,NORMAL,HS1306571,270,45.0,0.21318550556369942,114.12775649028129,28.342587853227013,0.009909311245688834,5.982800761444551
2025-01-02 21:20:00,800002,NORMAL,HS1306571,271,45.166666666666664,0.21153619916079913,105.85415740984362,28.439341666215814,0.010821944503650843,-0.37302819729116266
2025-01-02 21:30:00,800002,NORMAL,HS1306571,272,45.33333333333333,0.2043047044985056,106.8630611472854,28.85541975765721,0.006374778719822172,2.736730210729604
2025-01-02 21:40:00,800002,NORMAL,HS1306571,273,45.5,0.21431319618677724,101.73788725095551,25.904632912052975,0.019199320984209567,-0.24141741056691046
2025-01-02 21:50:00,800002,NORMAL,HS1306571,274,45.666666666666664,0.19630286127156857,96.23706095579706,28.338147413507766,0.003935359359167473,-3.643612190713867
2025-01-02 22:00:00,800002,NORMAL,HS1306571,275,45.83333333333333,0.2031411590695783,106.10336939503283,28.28188483976446,0.013503640628233421,8.29909612509357
2025-01-02 22:10:00,800002,NORMAL,HS1306571,276,46.0,0.18941072561787975,85.5884470269664,28.636508580705954,0.00261945306413236,-10.139978690488732
2025-01-02 22:20:00,800002,NORMAL,HS1306571,277,46.166666666666664,0.1841559389882374,86.46594535869197,28.368860498753197,0.001151288085234653,-6.739493695372403
2025-01-02 22:30:00,800002,NORMAL,HS1306571,278,46.33333333333333,0.18771629184442054,85.27693632830406,27.062906364796888,0.00930817504215592,-4.883684911725084
2025-01-02 22:40:00,800002,NORMAL,HS1306571,279,46.5,0.17576194572905693,87.87803107637683,27.007366956395312,0.002500684344719173,1.1100796832398032
2025-01-02 22:50:00,800002,NORMAL,HS1306571,280,46.666666666666664,0.1724112437789245,78.84422257695189,27.242746877518663,0.004774911127959358,-4.251799881414939
2025-01-02 23:00:00,800002,NORMAL,HS1306571,281,46.83333333333333,0.16853263409599192,79.27627853268638,26.59882662117797,0.00681242316899891,-0.05452888435920045
2025-01-02 23:10:00,800002,NORMAL,HS1306571,282,47.0,0.15110436997833887,79.25667378329557,25.677185433666974,-0.004100892644471887,4.059637477732792
2025-01-02 23:20:00,800002,NORMAL,HS1306571,283,47.166666666666664,0.14987836117239683,70.60385883731026,25.237953559601742,0.00102294305422998,-0.26711978514138934
2025-01-02 23:30:00,800002,NORMAL,HS1306571,284,47.33333333333333,0.15178918316680903,64.39368589515753,24.200206827492796,0.008655834520066186,-2.4796838034995403
2025-01-02 23:40:00,800002,NORMAL,HS1306571,285,47.5,0.1393794191955612,67.31238826879611,22.45465624473603,0.0012775146591804676,4.020366701616609
2025-01-02 23:50:00,800002,NORMAL,HS1306571,286,47.666666666666664,0.1298631301799119,68.47808431393604,22.779710140251908,-0.0038365176656701416,8.385207072814033
2025-01-01 00:10:00,800003,NORMAL,HS1306571,0,0.0,0.026560061325639917,4.379864654084322,21.474179101191606,0.0009725831268593763,-0.10382588449401542
2025-01-01 00:20:00,800003,NORMAL,HS1306571,1,0.16666666666666666,0.05555371879080678,16.112034279354717,20.324356233280106,-0.0029071512129380944,-0.8733463088733444
2025-01-01 00:30:00,800003,NORMAL,HS1306571,2,0.3333333333333333,0.09235165852525247,37.80439544776674,19.551910480179412,-0.014379050295860438,-2.1060386669647713
2025-01-01 00:40:00,800003,NORMAL,HS1306571,3,0.5,0.12144085389617931,59.43079341860248,20.05455276393191,-0.01656574440663397,-0.8621087604485069
2025-01-01 00:50:00,800003,NORMAL,HS1306571,4,0.6666666666666666,0.12776048066248535,69.38063921335613,19.470804195214644,-0.020039832963245213,0.15068884655801185
2025-01-01 01:00:00,800003,NORMAL,HS1306571,5,0.8333333333333333,0.15761454977323053,69.61034511819982,19.12810427194823,0.008699871053415492,-1.5606729005625652
2025-01-01 01:10:00,800003,NORMAL,HS1306571,6,1.0,0.1612262537858,74.59061585496599,18.693592892145293,0.013654161410991988,4.135486868711467
2025-01-01 01:20:00,800003,NORMAL,HS1306571,7,1.1666666666666665,0.15150291042025263,65.85277529944875,18.438630325542196,0.008159717117901505,-1.6936596563901105
2025-01-01 01:30:00,800003,NORMAL,HS1306571,8,1.3333333333333333,0.148573881763195,68.95530559534832,18.590534304169022,0.01049241063758305,5.385526572291468
2025-01-01 01:40:00,800003,NORMAL,HS1306571,9,1.5,0.13922432276775756,68.60962129904847,18.245881433516313,0.005501127814393797,8.771424184127206
2025-01-01 01:50:00,800003,NORMAL,HS1306571,10,1.6666666666666665,0.12678042371238651,64.75316098835329,18.812527962447277,-0.0036098610573578604,8.04346552082768
2025-01-01 02:00:00,800003,NORMAL,HS1306571,11,1.8333333333333333,0.14203206644999844,57.96285885563471,17.92508310250487,0.01439034767424463,3.926901597481219
2025-01-01 02:10:00,800003,NORMAL,HS1306571,12,2.0,0.13203924590587487,59.93842140699934,17.571841634007995,0.004692247974469904,6.885831983129037
2025-01-01 02:20:00,800003,NORMAL,HS1306571,13,2.1666666666666665,0.13521253543264022,58.49430203149359,17.818495799419193,0.004901112848306022,3.7233393667053534
2025-01-01 02:30:00,800003,NORMAL,HS1306571,14,2.333333333333333,0.14279130817400923,59.82233389170201,18.671487530408232,0.007668485880976239,1.6785277256737459
2025-01-01 02:40:00,800003,NORMAL,HS1306571,15,2.5,0.15362282962460833,68.46020324263134,18.435965242280865,0.013512349025719517,6.44103820960872
2025-01-01 02:50:00,800003,NORMAL,HS1306571,16,2.6666666666666665,0.161344204576289,71.04260467153014,18.664607939244945,0.016890137030683594,5.362145215969491
2025-01-01 03:00:00,800003,NORMAL,HS1306571,17,2.833333333333333,0.15394564010123135,73.66470677166899,18.283557301799572,0.005737099332616874,4.660744879303124
2025-01-01 03:10:00,800003,NORMAL,HS1306571,18,3.0,0.1507002533283291,74.70874168011103,18.9979099072551,0.0020903092058773554,4.25787828899297
2025-01-01 03:20:00,800003,NORMAL,HS1306571,19,3.1666666666666665,0.14884712068005546,70.56294772396643,17.880193415914857,0.0030402219841246525,1.1827279106994837
2025-01-01 03:30:00,800003,NORMAL,HS1306571,20,3.333333333333333,0.16169995370689705,65.35361846506754,19.00098355047761,0.01924251906438912,-2.2399253968436312
2025-01-01 03:40:00,800003,NORMAL,HS1306571,21,3.5,0.1431751873510605,67.30487689000687,18.726504747652108,0.0038906194428348084,1.496199483276797
2025-01-01 03:50:00,800003,NORMAL,HS1306571,22,3.6666666666666665,0.14249607317360896,66.4273417847929,18.45550959870937,0.006064721224894043,2.218200737025711
2025-01-01 04:00:00,800003,NORMAL,HS1306571,23,3.833333333333333,0.13994878707829422,58.51712104978602,18.946720410701467,0.0062248690685673125,-4.201739457600226
2025-01-01 04:10:00,800003,NORMAL,HS1306571,24,4.0,0.1322286032478145,62.18798367368625,18.553822607764076,-0.0009495319231078159,-0.04869214336721228
2025-01-01 04:20:00,800003,NORMAL,HS1306571,25,4.166666666666666,0.14700345278510238,62.03304249209771,18.984663336613238,0.011612455076060402,-1.5667594518198413
2025-01-01 04:30:00,800003,NORMAL,HS1306571,26,4.333333333333333,0.1404890909839949,69.55122071837035,18.312785279413205,0.002028446669781997,3.7764362872568142
2025-01-01 04:40:00,800003,NORMAL,HS1306571,27,4.5,0.14345866426105705,73.58210272012239,17.41956139273345,0.0017953693711319774,5.446708311766358
2025-01-01 04:50:00,800003,NORMAL,HS1306571,28,4.666666666666666,0.14233512620381966,71.79621902440867,17.35042331475054,-0.0026037607086287495,1.246771033625791
2025-01-01 05:00:00,800003,NORMAL,HS1306571,29,4.833333333333333,0.14367778804169568,76.42022240639392,17.5639567283467,-0.004635670764629396,3.4030848941190897
2025-01-01 05:10:00,800003,NORMAL,HS1306571,30,5.0,0.14794498219350483,81.11420062527267,18.810399820853902,-0.004409383892826996,5.6102615323174945
2025-01-01 05:20:00,800003,NORMAL,HS1306571,31,5.166666666666666,0.14996395623356973,84.32306203165034,17.58428363162681,-0.00740407180027608,6.393409966080398
2025-01-01 05:30:00,800003,NORMAL,HS1306571,32,5.333333333333333,0.16641392887149173,84.15755876677882,19.231298192965077,0.003698045927466448,3.6675381197765375
2025-01-01 05:40:00,800003,NORMAL,HS1306571,33,5.5,0.1660288435753189,85.29705920903908,19.418995398811006,-0.0021810761654621202,2.084343323072801
2025-01-01 05:50:00,800003,NORMAL,HS1306571,34,5.666666666666666,0.17445733180012354,99.66378754207426,19.67410848776014,0.0007754248119023754,13.65821807790887
2025-01-01 06:00:00,800003,NORMAL,HS1306571,35,5.833333333333333,0.19045345452156676,94.00255322109908,20.80954170892977,0.011251358412649765,5.0290866037619395
2025-01-01 06:10:00,800003,NORMAL,HS1306571,36,6.0,0.19858112889485743,95.36035890091667,21.81578357634868,0.015294376298919388,3.726658616991415
2025-01-01 06:20:00,800003,NORMAL,HS1306571,37,6.166666666666666,0.1844658742455575,91.87065898367048,22.670347553579,-0.0011443919866877539,-1.8207234059208872
2025-01-01 06:30:00,800003,NORMAL,HS1306571,38,6.333333333333333,0.19313997358142582,100.10719871469662,21.84702487882803,0.005314484957091831,4.402703763332525
2025-01-01 06:40:00,800003,NORMAL,HS1306571,39,6.5,0.2009487444007185,99.83692607297968,24.10074303617876,0.011098529847321958,2.2116208235835444
2025-01-01 06:50:00,800003,NORMAL,HS1306571,40,6.666666666666666,0.19877358934030873,103.3177438423285,25.89558723414541,0.007304799220970021,4.012377609589791
2025-01-01 07:00:00,800003,NORMAL,HS1306571,41,6.833333333333333,0.18609018712472197,109.18854015395391,26.74964488722769,-0.006625666549317177,8.452606888217176
2025-01-01 07:10:00,800003,NORMAL,HS1306571,42,7.0,0.19496410955727164,112.83024757361805,28.15934786040459,0.0006016042768485774,10.69409079873401
2025-01-01 07:20:00,800003,NORMAL,HS1306571,43,7.166666666666666,0.21243717174226587,100.80346222048055,28.614916445226527,0.016550543210317847,-2.4915972004422855
2025-01-01 07:30:00,800003,NORMAL,HS1306571,44,7.333333333333333,0.20001371368485987,99.449053366676,28.4000805292173,0.0029291531543894356,-4.704479452242907
2025-01-01 07:40:00,800003,NORMAL,HS1306571,45,7.5,0.1929230684952137,107.38194983432729,28.160993866049644,-0.0059676158041246374,2.0482701263013894
2025-01-01 07:50:00,800003,NORMAL,HS1306571,46,7.666666666666666,0.1814377777268253,102.85215501112216,30.204017705017062,-0.019861172747221684,-4.066448926109558
2025-01-01 08:00:00,800003,NORMAL,HS1306571,47,7.833333333333333,0.19788802942393433,105.65941446567876,28.959238955144766,-0.006071238650806804,-3.0400604131026228
2025-01-01 08:10:00,800003,NORMAL,HS1306571,48,8.0,0.19687988557794903,114.61703250067588,30.793037841404608,-0.009002222548237848,4.476756905067603
2025-01-01 08:20:00,800003,NORMAL,HS1306571,49,8.166666666666666,0.19770380672766666,109.34205844401315,31.0543331690676,-0.009333812458696106,-1.6754514860675727
2025-01-01 08:30:00,800003,NORMAL,HS1306571,50,8.333333333333332,0.19613332543923342,126.46124037691806,31.440753311533708,-0.012545097170701291,14.325682791335197
2025-01-01 08:40:00,800003,NORMAL,HS1306571,51,8.5,0.20075631308551192,127.43428333920394,31.29260667793831,-0.010056945922740701,13.829209893796218
2025-01-01 08:50:00,800003,NORMAL,HS1306571,52,8.666666666666666,0.20327452197343293,123.71843910804077,32.72514537285626,-0.009888811576896278,8.455455037417806
2025-01-01 09:00:00,800003,NORMAL,HS1306571,53,8.833333333333332,0.21137179921343321,115.88265403224116,34.72839120768461,-0.0042073565549072545,-1.1107993830098053
2025-01-01 09:10:00,800003,NORMAL,HS1306571,54,9.0,0.22144753181791416,122.33830175320578,34.94121060946924,0.0036044853742575045,3.695001381863861
2025-01-01 09:20:00,800003,NORMAL,HS1306571,55,9.166666666666666,0.24588307733981438,119.24839888647266,35.891647483641286,0.02667273514687582,-0.5818158065485193
2025-01-01 09:30:00,800003,NORMAL,HS1306571,56,9.333333333333332,0.2309704650011132,123.43629859856286,36.87835754179333,0.012302319742904355,3.679790239122042
2025-01-01 09:40:00,800003,NORMAL,HS1306571,57,9.5,0.21655519536045065,121.79568501356087,35.77051429649146,-0.0001857589591838238,3.208478797669983
2025-01-01 09:50:00,800003,NORMAL,HS1306571,58,9.666666666666666,0.22562085831200065,113.80305484308279,36.61111527394123,0.011563805872670557,-2.977543240818761
2025-01-01 10:00:00,800003,NORMAL,HS1306571,59,9.833333333333332,0.2281998449398789,110.09474380338726,35.18457185281233,0.0172679544544925,-4.518129257509614
2025-01-01 10:10:00,800003,NORMAL,HS1306571,60,10.0,0.2226354354111823,107.4048650328621,36.426624892884796,0.014043966839018984,-5.328270404031997
2025-01-01 10:20:00,800003,NORMAL,HS1306571,61,10.166666666666666,0.20752762183118456,102.4881573351682,36.01965928781383,-0.0009430327048721987,-9.680958621232293
2025-01-01 10:30:00,800003,NORMAL,HS1306571,62,10.333333333333332,0.2091396601659327,117.73944380037352,35.81978615503098,-0.0010053688738272393,4.79802004125014
2025-01-01 10:40:00,800003,NORMAL,HS1306571,63,10.5,0.20368909578167022,126.52269177900797,36.62667848517635,-0.008934670989427379,12.100719679195365
2025-01-01 10:50:00,800003,NORMAL,HS1306571,64,10.666666666666666,0.2023672322593992,124.95930686735963,37.746047495909295,-0.01303089920878403,8.769170879736436
2025-01-01 11:00:00,800003,NORMAL,HS1306571,65,10.833333333333332,0.22970381119519784,138.0151440194614,38.40518168541065,0.011297985186656534,19.859969228335075
2025-01-01 11:10:00,800003,NORMAL,HS1306571,66,11.0,0.23620792236078203,135.03829027961754,38.34352219942655,0.014358151305123523,14.445926679554262
2025-01-01 11:20:00,800003,NORMAL,HS1306571,67,11.166666666666666,0.22939573467102756,124.61423992988867,37.005561076544936,0.005917378139039531,2.5066344591699448
2025-01-01 11:30:00,800003,NORMAL,HS1306571,68,11.333333333333332,0.23032940203568242,122.75335289680966,35.98092578574534,0.007016335148923608,0.47292042620703967
2025-01-01 11:40:00,800003,NORMAL,HS1306571,69,11.5,0.23595204911055276,118.94298708590233,36.64558396071642,0.013533185680448534,-2.892177206694555
2025-01-01 11:50:00,800003,NORMAL,HS1306571,70,11.666666666666666,0.23578237363074922,126.71259264915972,35.78641352256453,0.014623752526069539,5.603543990474563
2025-01-01 12:00:00,800003,NORMAL,HS1306571,71,11.833333333333332,0.22131978847144834,123.84360260729555,35.594674885462176,0.0015880154063784846,3.581982473945388
2025-01-01 12:10:00,800003,NORMAL,HS1306571,72,12.0,0.22621848013905801,125.44097978560853,34.7554529185443,0.009353374849985413,6.782841051953554
2025-01-01 12:20:00,800003,NORMAL,HS1306571,73,12.166666666666666,0.2410024564901602,118.16723068559652,33.728685088477285,0.027153621504854897,1.1862086883933642
2025-01-01 12:30:00,800003,NORMAL,HS1306571,74,12.333333333333332,0.21382676763237396,104.08849739201689,35.50652338556355,0.0021933302614867978,-11.754359943489504
2025-01-01 12:40:00,800003,NORMAL,HS1306571,75,12.5,0.21431010737981981,114.74078542037658,36.716136812353895,0.004322065745882092,-0.3505930351451809
2025-01-01 12:50:00,800003,NORMAL,HS1306571,76,12.666666666666666,0.20136811881720162,102.52874190985854,35.997716568601525,-0.007283562445022318,-12.00468536149495
2025-01-01 13:00:00,800003,NORMAL,HS1306571,77,12.833333333333332,0.22676683471641518,100.16111055157711,35.75132910402269,0.019271048279715652,-13.914781427091228
2025-01-01 13:10:00,800003,NORMAL,HS1306571,78,13.0,0.23685311841204718,110.6952942490379,37.24003819399587,0.0298675890958911,-2.8917159458035258
2025-01-01 13:20:00,800003,NORMAL,HS1306571,79,13.166666666666666,0.2357502080837084,109.95039147344656,38.161837907879274,0.027675480074005387,-3.630227330937217
2025-01-01 13:30:00,800003,NORMAL,HS1306571,80,13.333333333333332,0.20855015351759748,110.2303562280224,39.54101679869268,-0.002107338840661277,-4.348937451944337
2025-01-01 13:40:00,800003,NORMAL,HS1306571,81,13.5,0.2045056167569598,129.83537179793586,40.27874362322573,-0.00941021171513648,13.572796584074084
2025-01-01 13:50:00,800003,NORMAL,HS1306571,82,13.666666666666666,0.2380055175390251,127.72564603771383,38.3737680609806,0.020522973736966765,9.481263272189153
2025-01-01 14:00:00,800003,NORMAL,HS1306571,83,13.833333333333332,0.22467206888727742,122.93278514272141,38.257265116181216,0.003287226345223576,2.446112955433847
2025-01-01 14:10:00,800003,NORMAL,HS1306571,84,14.0,0.23904740826720408,131.05074257490193,39.45358086012002,0.013149850378384703,7.381757331848718
2025-01-01 14:20:00,800003,NORMAL,HS1306571,85,14.166666666666666,0.23679595714004245,125.88037652381476,39.928990196722864,0.006808671070318378,-1.4726133756341397
2025-01-01 14:30:00,800003,NORMAL,HS1306571,86,14.333333333333332,0.222944769686948,139.3964727403126,39.60828004658835,-0.010330614129791305,8.770286652031558
2025-01-01 14:40:00,800003,NORMAL,HS1306571,87,14.5,0.21441460535615078,139.94845087996666,37.735396760055686,-0.02167127015660189,6.388018425426566
2025-01-01 14:50:00,800003,NORMAL,HS1306571,88,14.666666666666666,0.23772740476496357,134.49447998059998,38.36151032381189,-0.0008389458728600141,-1.742704264742656
2025-01-01 15:00:00,800003,NORMAL,HS1306571,89,14.833333333333332,0.22679081880838595,139.36262818281767,37.87780613880885,-0.014064540114303137,0.5886383184615909
2025-01-01 15:10:00,800003,NORMAL,HS1306571,90,15.0,0.23076889275477094,142.517856318825,37.38428292277209,-0.012172362989715413,1.6173825761826777
2025-01-01 15:20:00,800003,NORMAL,HS1306571,91,15.166666666666666,0.2395508968702917,135.35794231763074,36.32708799913731,-0.0054643076042541205,-7.327097566209062
2025-01-01 15:30:00,800003,NORMAL,HS1306571,92,15.333333333333332,0.26425451757741636,136.24742224072475,34.865089930182904,0.017238457199354518,-8.10288947603857
2025-01-01 15:40:00,800003,NORMAL,HS1306571,93,15.5,0.25180409450599245,138.5577682086554,38.37015569382628,0.0028495336903659463,-7.396535146135733
2025-01-01 15:50:00,800003,NORMAL,HS1306571,94,15.666666666666666,0.2622721974421179,145.35557297125513,37.36173913601438,0.01139274433017995,-2.195293276212311
2025-01-01 16:00:00,800003,NORMAL,HS1306571,95,15.833333333333332,0.2766386638916386,147.4683893982849,35.66547546674048,0.02385520687267212,-1.6656539023976507
2025-01-01 16:10:00,800003,NORMAL,HS1306571,96,16.0,0.27597374336430275,147.6777831077252,35.05466458408028,0.021050771713312932,-3.024315121690364
2025-01-01 16:20:00,800003,NORMAL,HS1306571,97,16.166666666666664,0.25695668221527485,154.98013389961002,34.361113088989306,4.3550786124724183e-05,2.9587473482264954
2025-01-01 16:30:00,800003,NORMAL,HS1306571,98,16.333333333333332,0.23729075105091355,160.0064457992575,33.66557943086721,-0.020758258188265405,7.3447380067295
2025-01-01 16:40:00,800003,NORMAL,HS1306571,99,16.5,0.2259850303463258,147.06599978830124,35.940813940335346,-0.03274422815802344,-5.822538810873169
2025-01-01 16:50:00,800003,NORMAL,HS1306571,100,16.666666666666664,0.24446927814745567,144.22909316026067,33.86908393300632,-0.014756701222482516,-8.706119368726604
2025-01-01 17:00:00,800003,NORMAL,HS1306571,101,16.833333333333332,0.2825367727529936,158.59604917903363,34.05363496359189,0.02286124390502331,5.6729834865309385
2025-01-01 17:10:00,800003,NORMAL,HS1306571,102,17.0,0.2752246001158173,157.76459202128302,32.678495755567695,0.016304546248325336,5.67065475228452
2025-01-01 17:20:00,800003,NORMAL,HS1306571,103,17.166666666666664,0.277786178646556,141.88505069019575,33.41905110122768,0.021781861463649188,-7.701020107128073
2025-01-01 17:30:00,800003,NORMAL,HS1306571,104,17.333333333333332,0.24886769985013302,139.53314392768905,31.586188641082472,-0.003165357440815919,-6.66653956564906
2025-01-01 17:40:00,800003,NORMAL,HS1306571,105,17.5,0.26083706023417447,141.42947494273434,30.656541754550595,0.013266382868906412,-0.9862695998651532
2025-01-01 17:50:00,800003,NORMAL,HS1306571,106,17.666666666666664,0.25628424200306604,138.44870297407593,32.78546121309055,0.013517328496079811,0.066249839280772
2025-01-01 18:00:00,800003,NORMAL,HS1306571,107,17.833333333333332,0.26049488117239306,138.06666070910558,30.540061138642024,0.022846760201195165,3.920220718972814
2025-01-01 18:10:00,800003,NORMAL,HS1306571,108,18.0,0.23571741372108196,135.28892569486933,32.949202945411194,0.002747693680719532,4.86060604098779
2025-01-01 18:20:00,800003,NORMAL,HS1306571,109,18.166666666666664,0.21653531528180758,131.1708951629903,33.03837528744878,-0.013062274672729107,3.204644920782087
2025-01-01 18:30:00,800003,NORMAL,HS1306571,110,18.333333333333332,0.2459137591189576,126.41155885518442,32.48742083575961,0.018539297809930383,-0.05474834377682214
2025-01-01 18:40:00,800003,NORMAL,HS1306571,111,18.5,0.22196362583696416,123.91078579630732,32.462112324455966,-0.0036358743219354617,-1.4666437018525755
2025-01-01 18:50:00,800003,NORMAL,HS1306571,112,18.666666666666664,0.2216535191729347,120.26188415852512,33.08010769138094,-0.0023363294337346574,-4.183704922422024
2025-01-01 19:00:00,800003,NORMAL,HS1306571,113,18.833333333333332,0.21010445322068372,114.77965612920126,34.11380344975676,-0.012349460801469148,-8.801308710870046
2025-01-01 19:10:00,800003,NORMAL,HS1306571,114,19.0,0.237159739397335,123.78327408495896,34.75167879610761,0.016142249862081237,1.0433309537073399
2025-01-01 19:20:00,800003,NORMAL,HS1306571,115,19.166666666666664,0.22834625845358694,113.02103653644622,33.62849780928755,0.009193557544484005,-8.642128741011462
2025-01-01 19:30:00,800003,NORMAL,HS1306571,116,19.333333333333332,0.23182537341482395,114.95831007007352,32.637578093304185,0.015391878092688827,-5.019763027815728
2025-01-01 19:40:00,800003,NORMAL,HS1306571,117,19.5,0.21493823377155508,115.3434094813563,32.03693651025266,0.001544524721939139,-2.674477250429277
2025-01-01 19:50:00,800003,NORMAL,HS1306571,118,19.666666666666664,0.21844987905115607,115.08503104204337,31.11540285941263,0.008199785914459495,-0.8905192789165568
2025-01-01 20:00:00,800003,NORMAL,HS1306571,119,19.833333333333332,0.20363257405969343,116.1613630486946,29.171824611705052,-0.0034751856914971013,2.2181457602544867
2025-01-01 20:10:00,800003,NORMAL,HS1306571,120,20.0,0.1968257145551626,117.56448911169585,28.353372713477057,-0.006098347759161626,6.39700752938306
2025-01-01 20:20:00,800003,NORMAL,HS1306571,121,20.166666666666664,0.1928435053487441,102.85508717157269,28.90886623511574,-0.0056527338119579384,-5.033065088347911
2025-01-01 20:30:00,800003,NORMAL,HS1306571,122,20.333333333333332,0.19054265917560473,104.26854039546116,28.61586637705178,-0.004692316871069191,-1.065348442041369
2025-01-01 20:40:00,800003,NORMAL,HS1306571,123,20.5,0.18315323139265471,103.37185074663824,28.725916172557522,-0.009366997800333204,0.13351829871267284
2025-01-01 20:50:00,800003,NORMAL,HS1306571,124,20.666666666666664,0.17463209728531356,103.75602042759796,28.560000332281113,-0.015243004539214622,2.505102661793174
2025-01-01 21:00:00,800003,NORMAL,HS1306571,125,20.833333333333332,0.18718664446493655,95.22167712092461,28.339133091306813,5.5992357348211286e-05,-4.033012133991122
2025-01-01 21:10:00,800003,NORMAL,HS1306571,126,21.0,0.19590212011956745,91.21756163052576,28.350027758897784,0.010731084590107909,-6.557044190029487
2025-01-01 21:20:00,800003,NORMAL,HS1306571,127,21.166666666666664,0.20243544536685087,99.06433124881794,28.626913636474946,0.019142676798870162,2.5942790119595713
2025-01-01 21:30:00,800003,NORMAL,HS1306571,128,21.333333333333332,0.19003380495146519,107.85922125252277,27.141432535068915,0.010278198327672738,13.772381774419813
2025-01-01 21:40:00,800003,NORMAL,HS1306571,129,21.5,0.20620944415533757,102.2651977100568,26.537738971085872,0.031135308527726308,11.431647866148836
2025-01-01 21:50:00,800003,NORMAL,HS1306571,130,21.666666666666664,0.1807373978447334,99.36079310412285,26.80042746629281,0.010805682620017243,12.155767668194912
2025-01-01 22:00:00,800003,NORMAL,HS1306571,131,21.833333333333332,0.18519249927002915,95.53536193800512,26.055716990485504,0.02062723544814135,12.128764870854255
2025-01-01 22:10:00,800003,NORMAL,HS1306571,132,22.0,0.17016407694070554,88.27746200543433,25.950880832726,0.01103098621290785,8.639041126733105
2025-01-01 22:20:00,800003,NORMAL,HS1306571,133,22.166666666666664,0.16265098878731726,77.2064318601741,24.29493387891979,0.008665828511022877,1.0190907695008775
2025-01-01 22:30:00,800003,NORMAL,HS1306571,134,22.333333333333332,0.15697311278407822,73.6210533794331,24.571317907841156,0.006706461977428108,-0.0037783968543578794
2025-01-01 22:40:00,800003,NORMAL,HS1306571,135,22.5,0.14658792758676278,76.81552700202442,24.326395752646988,-0.0012063707345313646,4.9495917289654585
2025-01-01 22:50:00,800003,NORMAL,HS1306571,136,22.666666666666664,0.1487752550923351,71.47345430332345,25.996155081768418,0.0027094223232703996,0.8581145411345972
2025-01-01 23:00:00,800003,NORMAL,HS1306571,137,22.833333333333332,0.14884602033196265,75.68691456846304,25.19691499241642,0.004058973252827974,6.010485416099883
2025-01-01 23:10:00,800003,NORMAL,HS1306571,138,23.0,0.14021247552946167,65.31918869407353,25.602903344958982,-0.00335422500625171,-3.502955695117535
2025-01-01 23:20:00,800003,NORMAL,HS1306571,139,23.166666666666664,0.13855050527067014,67.22595825542709,24.387990938337513,-0.004008816442315211,-0.9541269012344884
2025-01-01 23:30:00,800003,NORMAL,HS1306571,140,23.333333333333332,0.1284452418746398,67.43064700530552,25.542195193658536,-0.01406802865206666,-0.6679847074952079
2025-01-01 23:40:00,800003,NORMAL,HS1306571,141,23.5,0.15061461906614315,64.18441511982081,24.24708236844951,0.007239377960354121,-4.398758658413215
2025-01-01 23:50:00,800003,NORMAL,HS1306571,142,23.666666666666664,0.13934881985077677,66.71945059638799,25.37002699239334,-0.005475922458272192,-2.73726824815445
2025-01-02 00:00:00,800003,NORMAL,HS1306571,143,23.833333333333332,0.13173990589015458,70.03872216176727,23.776911381077998,-0.014827674790842987,-0.49762442819682917
2025-01-02 00:10:00,800003,NORMAL,HS1306571,144,24.0,0.12899380550184322,73.20514883412612,22.603848487100485,-0.019512445071409174,1.3777059975159887
2025-01-02 00:20:00,800003,NORMAL,HS1306571,145,24.166666666666664,0.1379348312881688,72.48950496894861,22.013344539967925,-0.011559244210158776,-0.21232630782719752
2025-01-02 00:30:00,800003,NORMAL,HS1306571,146,24.333333333333332,0.14013255281157638,68.95508211267092,23.67664138011038,-0.008812135037020996,-3.731676357985336
2025-01-02 00:40:00,800003,NORMAL,HS1306571,147,24.5,0.143915023704051,73.42733055466785,22.027754851247558,-0.0034572167182522484,1.4143161912410989
2025-01-02 00:50:00,800003,NORMAL,HS1306571,148,24.666666666666664,0.15933413449465297,72.64700175939485,20.899528914116342,0.01406638190015505,1.6604967078255584
2025-01-02 01:00:00,800003,NORMAL,HS1306571,149,24.833333333333332,0.15132684879110572,67.29672049680644,21.959008617567882,0.008424269858434974,-2.49957980486478
2025-01-02 01:10:00,800003,NORMAL,HS1306571,150,25.0,0.1466017360134304,63.65312725373386,20.01107858341923,0.007105906077512131,-4.1953147876223795
2025-01-02 01:20:00,800003,NORMAL,HS1306571,151,25.166666666666664,0.15476519163121966,59.035446698765554,19.9772414728301,0.019257214923072946,-6.125526453022616
2025-01-02 01:30:00,800003,NORMAL,HS1306571,152,25.333333333333332,0.139864629418651,56.5772403292713,21.06522939795028,0.008408728538240984,-5.75664217610624
2025-01-02 01:40:00,800003,NORMAL,HS1306571,153,25.5,0.12802672225475006,54.02191881788427,20.601985934131797,0.0008569541752337095,-5.349479167364947
2025-01-02 01:50:00,800003,NORMAL,HS1306571,154,25.666666666666664,0.1260063059458794,57.31733598491428,19.80122172596975,0.0033703297746815464,1.043841930490089
2025-01-02 02:00:00,800003,NORMAL,HS1306571,155,25.833333333333332,0.11288707057530706,53.8547262186686,18.420537822136627,-0.005169674697492577,0.7100583587964309
2025-01-02 02:10:00,800003,NORMAL,HS1306571,156,26.0,0.12514651103935623,43.183696799948486,18.053041939952223,0.010384987287689884,-7.442398926142083
2025-01-02 02:20:00,800003,NORMAL,HS1306571,157,26.166666666666664,0.12338952975440518,46.31799952509018,18.691037950768276,0.010006092947809547,-2.875518668225858
2025-01-02 02:30:00,800003,NORMAL,HS1306571,158,26.333333333333332,0.12032853897947603,44.80746474250735,17.467093631225126,0.006659905625920198,-3.8802383862698733
2025-01-02 02:40:00,800003,NORMAL,HS1306571,159,26.5,0.12414522199877248,42.932791254355706,18.433138457729058,0.008802035509128461,-6.035769520895677
2025-01-02 02:50:00,800003,NORMAL,HS1306571,160,26.666666666666664,0.11586585770885496,52.13003520880956,18.15536658663835,-0.002053786974813704,2.3260651139742237
2025-01-02 03:00:00,800003,NORMAL,HS1306571,161,26.833333333333332,0.12442474375651832,54.17115673190663,17.931276163736342,0.0034378666837887872,3.196164112454177
2025-01-02 03:10:00,800003,NORMAL,HS1306571,162,27.0,0.13322499582494568,52.311736755501165,19.263478522295674,0.008826229805718622,-0.08902423922017277
2025-01-02 03:20:00,800003,NORMAL,HS1306571,163,27.166666666666664,0.13243247549943796,57.34011715702556,18.731433481074646,0.00422781833652161,3.2819463560805886
2025-01-02 03:30:00,800003,NORMAL,HS1306571,164,27.333333333333332,0.12469473475089853,57.20478728923174,18.63195770036108,-0.0064955684315255585,1.8278350870085234
2025-01-02 03:40:00,800003,NORMAL,HS1306571,165,27.5,0.1264120165291433,55.6608611602748,18.755832308722088,-0.006649183285912769,-0.4259055955084321
2025-01-02 03:50:00,800003,NORMAL,HS1306571,166,27.666666666666664,0.1276364126954283,59.436648657041985,19.81258102267678,-0.006667157411980429,3.0702286516277653
2025-01-02 04:00:00,800003,NORMAL,HS1306571,167,27.833333333333332,0.12968812532908658,56.43570164145061,18.961440561820265,-0.005646049395295116,-0.016649140815175656
2025-01-02 04:10:00,800003,NORMAL,HS1306571,168,28.0,0.13536847482563505,56.35009258633009,19.58817562070033,-0.000753794644318545,-0.5210436794407158
2025-01-02 04:20:00,800003,NORMAL,HS1306571,169,28.166666666666664,0.13876655785885889,61.82039354571653,19.769788348650987,0.0026013652991788705,4.316407435200325
2025-01-02 04:30:00,800003,NORMAL,HS1306571,170,28.333333333333332,0.14568306566496164,62.520576836697614,19.94145186907446,0.008387931556118888,3.737790108489925
2025-01-02 04:40:00,800003,NORMAL,HS1306571,171,28.5,0.14161272549139187,61.64679748870348,19.832030201990232,0.0015274005131495072,0.6529820666070947
2025-01-02 04:50:00,800003,NORMAL,HS1306571,172,28.666666666666664,0.1495498256145099,70.13864542031986,19.08098522848385,0.005592379189858415,6.238829975811306
2025-01-02 05:00:00,800003,NORMAL,HS1306571,173,28.833333333333332,0.1478381060056018,62.99020200315694,20.243857366301395,-0.00036184278143425175,-4.111927307380682
2025-01-02 05:10:00,800003,NORMAL,HS1306571,174,29.0,0.16069165020947246,67.19962881026069,20.436947868601333,0.0076617405211698575,-3.3013286095916783
2025-01-02 05:20:00,800003,NORMAL,HS1306571,175,29.166666666666664,0.14857786845076906,74.79429531203105,21.70773429255467,-0.010700212514818813,0.13635567345650657
2025-01-02 05:30:00,800003,NORMAL,HS1306571,176,29.333333333333332,0.16051592590375066,75.13867768046536,20.776380921209974,-0.005686707859522272,-4.216912258220717
2025-01-02 05:40:00,800003,NORMAL,HS1306571,177,29.5,0.16322394621068814,79.90407318403498,21.13922271459063,-0.00990686163550153,-4.267821864695762
2025-01-02 05:50:00,800003,NORMAL,HS1306571,178,29.666666666666664,0.18359632955416383,86.27664799220949,23.21680894671473,0.0036603633042201766,-2.7160539079276447
2025-01-02 06:00:00,800003,NORMAL,HS1306571,179,29.833333333333332,0.2006948306924091,88.60752771515021,23.67322124477375,0.014228373405577477,-5.073006132411251
2025-01-02 06:10:00,800003,NORMAL,HS1306571,180,30.0,0.1879346648056807,101.3968037163569,23.644730884272146,-0.0038646895124930247,3.497532900661895
2025-01-02 06:20:00,800003,NORMAL,HS1306571,181,30.166666666666664,0.1991490755496143,92.72026192432494,24.849038783071236,0.004409437372097452,-8.129817122693709
2025-01-02 06:30:00,800003,NORMAL,HS1306571,182,30.333333333333332,0.18898821044280653,105.65473929884347,25.99298328848647,-0.007119796735794659,2.979400818608042
2025-01-02 06:40:00,800003,NORMAL,HS1306571,183,30.5,0.21313344773153337,99.20721790252178,27.23911968109958,0.01606553263890617,-4.882981682465655
2025-01-02 06:50:00,800003,NORMAL,HS1306571,184,30.666666666666664,0.23110770239295153,103.73484293166285,29.16486912038939,0.032976711541209736,-1.763248644143161
2025-01-02 07:00:00,800003,NORMAL,HS1306571,185,30.833333333333332,0.19439891935711887,100.97301610715128,29.337075621173756,-0.004966496105855006,-6.024838524312159
2025-01-02 07:10:00,800003,NORMAL,HS1306571,186,31.0,0.18820605053798098,105.7023842165887,33.210380927660545,-0.013380619041337583,-3.22591648273864
2025-01-02 07:20:00,800003,NORMAL,HS1306571,187,31.166666666666664,0.19730595966391282,110.6567855601196,32.30564266369786,-0.00766517673582745,-0.8237907846522035
2025-01-02 07:30:00,800003,NORMAL,HS1306571,188,31.333333333333332,0.2100930129598067,106.50568930107468,35.06107362023104,0.0010891679625576467,-7.996793581440286
2025-01-02 07:40:00,800003,NORMAL,HS1306571,189,31.5,0.19559379812565025,115.49866362375819,33.072106520451364,-0.017581175326828402,-2.182792098811305
2025-01-02 07:50:00,800003,NORMAL,HS1306571,190,31.666666666666664,0.2258360674261451,119.13615496921351,30.660675599569608,0.00854255451619712,-1.7227411697599138
2025-01-02 08:00:00,800003,NORMAL,HS1306571,191,31.833333333333332,0.22134446484474385,132.69466600324904,30.22952366403498,6.75283619637479e-05,8.732424209247526
2025-01-02 08:10:00,800003,NORMAL,HS1306571,192,32.0,0.23082561722092326,129.2733027595196,29.39263464931654,0.006857498581854471,3.1069741059071987
2025-01-02 08:20:00,800003,NORMAL,HS1306571,193,32.166666666666664,0.21428470346623268,135.68204433108548,30.085507158518027,-0.010707574135849579,8.639522359554022
2025-01-02 08:30:00,800003,NORMAL,HS1306571,194,32.33333333333333,0.2172392080607404,137.41724009638278,32.56979507118414,-0.00741467442197527,10.530922083429601
2025-01-02 08:40:00,800003,NORMAL,HS1306571,195,32.5,0.20397351180669893,135.06116266507468,32.36352807480059,-0.01964770392907003,8.881709761163307
2025-01-02 08:50:00,800003,NORMAL,HS1306571,196,32.666666666666664,0.2252917068253221,106.11470223968095,33.930586780509906,0.0030120578125218123,-19.11413693665979
2025-01-02 09:00:00,800003,NORMAL,HS1306571,197,32.83333333333333,0.22260653796701935,126.1062449200958,34.897108118627266,0.0018765687010456888,1.9754863265745257
2025-01-02 09:10:00,800003,NORMAL,HS1306571,198,33.0,0.220335300421276,124.9715440739949,37.13857281420101,9.682649276832045e-05,1.4775366844713176
2025-01-02 09:20:00,800003,NORMAL,HS1306571,199,33.166666666666664,0.24652203682120502,139.7966860765424,36.88359860787085,0.02456453311833101,15.629618028140598
2025-01-02 09:30:00,800003,NORMAL,HS1306571,200,33.33333333333333,0.23272447477888378,140.51152752731096,36.17807761895607,0.007673655260427487,14.658638484735576
2025-01-02 09:40:00,800003,NORMAL,HS1306571,201,33.5,0.23719141219971648,136.8345371236928,36.97558124253387,0.008570404347912453,8.882346969227754
2025-01-02 09:50:00,800003,NORMAL,HS1306571,202,33.666666666666664,0.2470258588885618,137.82258240705585,37.28681886350954,0.014657585881764273,7.595222604435975
2025-01-02 10:00:00,800003,NORMAL,HS1306571,203,33.83333333333333,0.23188025961834646,130.88983007695995,37.97314715286526,-0.004217650438992082,-1.6396330604624154
2025-01-02 10:10:00,800003,NORMAL,HS1306571,204,34.0,0.2290101686214411,127.86340362627004,37.52226789292543,-0.00987014195027891,-6.452819923118739
2025-01-02 10:20:00,800003,NORMAL,HS1306571,205,34.166666666666664,0.21895116541315904,137.855154301371,37.865030617060604,-0.020160983601208715,3.4871324413967386
2025-01-02 10:30:00,800003,NORMAL,HS1306571,206,34.33333333333333,0.22541503014100064,139.77890287750907,36.295283929077414,-0.012006583461678183,6.8574903561027725
2025-01-02 10:40:00,800003,NORMAL,HS1306571,207,34.5,0.2252204961016546,136.56432137137602,36.70968163313982,-0.009777160542367297,5.733807212802418
2025-01-02 10:50:00,800003,NORMAL,HS1306571,208,34.666666666666664,0.23397423114029164,129.9280810608705,35.479279493676934,0.0016097855277979467,1.3908231055838485
2025-01-02 11:00:00,800003,NORMAL,HS1306571,209,34.83333333333333,0.23484870190993812,137.06349778011128,36.02022919557059,0.005201911237619178,10.89933904265449
2025-01-02 11:10:00,800003,NORMAL,HS1306571,210,35.0,0.22433572744473756,138.32738437240695,33.70806987723578,-0.0024113102393391594,14.46479642732615
2025-01-02 11:20:00,800003,NORMAL,HS1306571,211,35.166666666666664,0.22872784418802564,123.18944043824624,35.58472538869376,0.004789995214832893,1.2333421282801282
2025-01-02 11:30:00,800003,NORMAL,HS1306571,212,35.33333333333333,0.22718909165413384,117.55899379741058,34.348956186324656,0.0057407406281429485,-2.8433078467798225
2025-01-02 11:40:00,800003,NORMAL,HS1306571,213,35.5,0.20615275482956202,113.75933678901198,35.05027985698979,-0.012796164344392097,-5.140589158884424
2025-01-02 11:50:00,800003,NORMAL,HS1306571,214,35.666666666666664,0.2227559133835722,102.28460871941978,35.815321119684214,0.006387787834739228,-15.044075224215788
2025-01-02 12:00:00,800003,NORMAL,HS1306571,215,35.83333333333333,0.1866834309697748,117.60923054911439,34.05492256197646,-0.027050884317912027,1.9090253591939046
2025-01-02 12:10:00,800003,NORMAL,HS1306571,216,36.0,0.19627316700364447,112.09713857062992,35.64594940117011,-0.014749065469244843,-1.7452188008349339
2025-01-02 12:20:00,800003,NORMAL,HS1306571,217,36.166666666666664,0.19951641713893953,113.77475063211494,35.79057601661665,-0.009497209236247361,1.6355654205618322
2025-01-02 12:30:00,800003,NORMAL,HS1306571,218,36.33333333333333,0.20664380211372022,111.43388014116233,34.13567429992786,-0.001239851363554173,0.3285369916942784
2025-01-02 12:40:00,800003,NORMAL,HS1306571,219,36.5,0.21469367696590708,116.30858114158563,34.212128333224385,0.00731089971109386,5.726003791189754
2025-01-02 12:50:00,800003,NORMAL,HS1306571,220,36.666666666666664,0.2260388106504597,107.3220402334602,33.44053314854084,0.018727449478433467,-3.0818456073101146
2025-01-02 13:00:00,800003,NORMAL,HS1306571,221,36.83333333333333,0.21928459154554544,105.91591941628009,35.3428553480778,0.011766145633715613,-4.531210099898217
2025-01-02 13:10:00,800003,NORMAL,HS1306571,222,37.0,0.2121115181908355,110.3665929777467,35.15394754412717,0.003644967780328967,-0.6016561875984934
2025-01-02 13:20:00,800003,NORMAL,HS1306571,223,37.166666666666664,0.21555380704528163,117.44221748766236,36.72942738572542,0.005515875363094697,5.527210701292233
2025-01-02 13:30:00,800003,NORMAL,HS1306571,224,37.33333333333333,0.2171031959334766,114.72074577584246,36.349462762708505,0.005330292095697936,1.7637678147853677
2025-01-02 13:40:00,800003,NORMAL,HS1306571,225,37.5,0.20145784345810303,112.58938148353742,34.39534307359497,-0.01218317525428314,-1.4819357491373637
2025-01-02 13:50:00,800003,NORMAL,HS1306571,226,37.666666666666664,0.19325102865410584,127.19409773399876,32.96314131888797,-0.022393159464067558,11.920710219695607
2025-01-02 14:00:00,800003,NORMAL,HS1306571,227,37.83333333333333,0.20067830576569007,115.61282340257821,34.49530233818009,-0.0170911165313066,-0.9509163720448868
2025-01-02 14:10:00,800003,NORMAL,HS1306571,228,38.0,0.2181636257920218,118.75339293115869,33.91247409519952,-0.001921221398119899,0.3626828750398374
2025-01-02 14:20:00,800003,NORMAL,HS1306571,229,38.166666666666664,0.21321529361636618,112.13094188874375,33.26947201589417,-0.008971878517942483,-8.600560574788787
2025-01-02 14:30:00,800003,NORMAL,HS1306571,230,38.33333333333333,0.22259240486538337,115.42341484171106,31.937219030120477,-0.001813657018848086,-7.8628226593834825
2025-01-02 14:40:00,800003,NORMAL,HS1306571,231,38.5,0.2311211474800989,117.65897187410923,34.24567680418394,0.004463333017287602,-8.259570629218658
2025-01-02 14:50:00,800003,NORMAL,HS1306571,232,38.666666666666664,0.2513267389028585,105.16129845342883,34.75242010897462,0.02251591202013084,-23.335628401172784
2025-01-02 15:00:00,800003,NORMAL,HS1306571,233,38.83333333333333,0.23025637929996173,121.58266780641175,33.28651766154872,-0.0006061353031248662,-9.413470395266003
2025-01-02 15:10:00,800003,NORMAL,HS1306571,234,39.0,0.22774234457323886,142.41121820744638,32.325901365046334,-0.004903456388088284,9.363572434761522
2025-01-02 15:20:00,800003,NORMAL,HS1306571,235,39.166666666666664,0.24254983267408697,145.88475787845996,31.64143406085967,0.007219418305778269,10.540321522834432
2025-01-02 15:30:00,800003,NORMAL,HS1306571,236,39.33333333333333,0.2507803743365296,150.5048982763589,33.68933854581898,0.011958261549505272,12.303165025563516
2025-01-02 15:40:00,800003,NORMAL,HS1306571,237,39.5,0.2581837431481695,139.98699137943,33.81394811454656,0.015388725223005412,-1.454952398370068
2025-01-02 15:50:00,800003,NORMAL,HS1306571,238,39.666666666666664,0.25231698902989924,142.19221186574265,32.96235513171614,0.005309308512965183,-2.698031102793607
2025-01-02 16:00:00,800003,NORMAL,HS1306571,239,39.83333333333333,0.2572860303232879,150.15119517666736,32.416993918658406,0.005929639214200921,1.6812104439468953
2025-01-02 16:10:00,800003,NORMAL,HS1306571,240,40.0,0.27851375395876393,165.6153654188275,33.32992073226499,0.022186526458654376,13.413462561387632
2025-01-02 16:20:00,800003,NORMAL,HS1306571,241,40.166666666666664,0.2818477439938859,157.6864242434233,34.832032268505664,0.02110863900468868,2.3883767609314646
2025-01-02 16:30:00,800003,NORMAL,HS1306571,242,40.33333333333333,0.25924970655080065,153.3615084823193,35.13223435270575,-0.004411478717121997,-3.903961687406735
2025-01-02 16:40:00,800003,NORMAL,HS1306571,243,40.5,0.28342564128013864,165.03657352385784,36.65041094339693,0.017870816609601547,6.629374426726628
2025-01-02 16:50:00,800003,NORMAL,HS1306571,244,40.666666666666664,0.295237081261341,155.66950001869063,38.73108315824394,0.028318205553470255,-3.4340005268176697
2025-01-02 17:00:00,800003,NORMAL,HS1306571,245,40.83333333333333,0.29612741322244746,149.57903085429453,39.14415621801385,0.028130308473416465,-9.980274175377332
2025-01-02 17:10:00,800003,NORMAL,HS1306571,246,41.0,0.2826879986054264,164.862590304712,41.79837603926111,0.014924649939798473,5.586982589461826
2025-01-02 17:20:00,800003,NORMAL,HS1306571,247,41.166666666666664,0.27355533746436905,162.6799743795081,38.41600105729658,0.007830767568912045,4.911239767862355
2025-01-02 17:30:00,800003,NORMAL,HS1306571,248,41.33333333333333,0.24243917410456123,168.56386336960495,41.339626942709664,-0.02058460252944616,12.910036957613016
2025-01-02 17:40:00,800003,NORMAL,HS1306571,249,41.5,0.2658296270096005,169.8790469105447,39.062151564850424,0.0057608438899198755,16.57985650201573
2025-01-02 17:50:00,800003,NORMAL,HS1306571,250,41.666666666666664,0.2589129513623592,139.72587133238108,40.714387169660945,0.0020264937085202606,-11.043379689870704
2025-01-02 18:00:00,800003,NORMAL,HS1306571,251,41.83333333333333,0.27240429782285636,150.14306730751164,41.882710172616136,0.018883230584568755,2.0331677641882777
2025-01-02 18:10:00,800003,NORMAL,HS1306571,252,42.0,0.268185092769141,130.08980364629548,38.28261407154275,0.018403612499243438,-14.948688094055456
2025-01-02 18:20:00,800003,NORMAL,HS1306571,253,42.166666666666664,0.26512306170822464,136.3724269723482,37.24042052528525,0.018912436607124827,-5.445652860299788
2025-01-02 18:30:00,800003,NORMAL,HS1306571,254,42.33333333333333,0.26281763685649795,128.3344908356057,35.562427409184394,0.019874885265261738,-10.499404708093323
2025-01-02 18:40:00,800003,NORMAL,HS1306571,255,42.5,0.27234251911479374,126.88612285115295,36.05334190953839,0.0326652849714231,-9.001696869402537
2025-01-02 18:50:00,800003,NORMAL,HS1306571,256,42.666666666666664,0.25080033321823864,132.15437143239998,36.641046654568505,0.014461650661665687,-0.747678277604507
2025-01-02 19:00:00,800003,NORMAL,HS1306571,257,42.83333333333333,0.24138782485514101,126.93215434043039,33.93031349766496,0.008453476715930025,-2.942703284491458
2025-01-02 19:10:00,800003,NORMAL,HS1306571,258,43.0,0.2444633152789994,124.58889716281234,32.07104982700263,0.014224685903678952,-2.877845476700216
2025-01-02 19:20:00,800003,NORMAL,HS1306571,259,43.166666666666664,0.2489908171860745,131.09293312167512,32.37515644231531,0.02124990674054769,5.555095641015001
2025-01-02 19:30:00,800003,NORMAL,HS1306571,260,43.33333333333333,0.22316394607654408,115.37523505476682,31.425542973782836,-0.001991872603904571,-8.184337230013696
2025-01-02 19:40:00,800003,NORMAL,HS1306571,261,43.5,0.24082176144079503,112.85822334012487,32.09772961872134,0.01801720257982936,-8.867593837122058
2025-01-02 19:50:00,800003,NORMAL,HS1306571,262,43.666666666666664,0.24597287843146715,115.87094872885113,32.197902215778846,0.025291990279795035,-4.194849018661984
2025-01-02 20:00:00,800003,NORMAL,HS1306571,263,43.83333333333333,0.22766105637225126,116.53021700795274,31.714021108720086,0.008931037039954626,-2.005421683639213
2025-01-02 20:10:00,800003,NORMAL,HS1306571,264,44.0,0.20452351633590932,115.34526339968026,31.37489559452752,-0.012177491799852086,-1.6900881449084437
2025-01-02 20:20:00,800003,NORMAL,HS1306571,265,44.166666666666664,0.22306515052875345,124.59858632940484,29.49977233237004,0.00830390908535128,8.943177041735751
2025-01-02 20:30:00,800003,NORMAL,HS1306571,266,44.33333333333333,0.20942556414128072,127.96432068331428,27.795709388858754,-0.0034499808283318667,13.562847292633734
2025-01-02 20:40:00,800003,NORMAL,HS1306571,267,44.5,0.21552463060513807,131.02424914034836,28.96463156862305,0.004785624383706055,17.992505801094637
2025-01-02 20:50:00,800003,NORMAL,HS1306571,268,44.666666666666664,0.22927897756808058,116.75453550986482,28.7615139809865,0.020886908985921854,5.223484249578135
2025-01-02 21:00:00,800003,NORMAL,HS1306571,269,44.83333333333333,0.21771452918664463,125.07451436779769,27.709799804396635,0.011782842792697201,15.119915989676386
2025-01-02 21:10:00,800003,NORMAL,HS1306571,270,45.0,0.19405840337667415,109.38781063420295,29.367498208876796,-0.009217790941336429,1.2428549053662152
2025-01-02 21:20:00,800003,NORMAL,HS1306571,271,45.166666666666664,0.19232976598395835,112.91868400164206,28.392708043695016,-0.008384488673189944,6.691498394507278
2025-01-02 21:30:00,800003,NORMAL,HS1306571,272,45.33333333333333,0.20144321046411875,103.99396056079054,28.243539668665928,0.003513284685435325,-0.13237037576526234
2025-01-02 21:40:00,800003,NORMAL,HS1306571,273,45.5,0.2248299510269982,110.48966804145094,28.71474320748942,0.029716075824430532,8.51036337992852
2025-01-02 21:50:00,800003,NORMAL,HS1306571,274,45.666666666666664,0.21232954977209653,90.13271404511022,29.361661580720696,0.019962047859695436,-9.74795910140071
2025-01-02 22:00:00,800003,NORMAL,HS1306571,275,45.83333333333333,0.19153807402969544,97.36214558359734,28.62746601196897,0.001900555588350561,-0.44212768634191946
2025-01-02 22:10:00,800003,NORMAL,HS1306571,276,46.0,0.1749999260645647,91.28236918013259,27.589196015073814,-0.011791346489182702,-4.446056537322548
2025-01-02 22:20:00,800003,NORMAL,HS1306571,277,46.166666666666664,0.19070272418828904,88.19999308796137,28.454102187838448,0.007698073285286294,-5.005445966102997
2025-01-02 22:30:00,800003,NORMAL,HS1306571,278,46.33333333333333,0.16685891072377587,92.62496191256967,26.500215816770755,-0.01154920607848875,2.46434067254053
2025-01-02 22:40:00,800003,NORMAL,HS1306571,279,46.5,0.15506397186159507,95.24400106347092,27.15487699672534,-0.018197289522742688,8.476049670333893
2025-01-02 22:50:00,800003,NORMAL,HS1306571,280,46.666666666666664,0.16683424254452414,96.33080920221879,26.51420289557156,-0.0008020901064410002,13.234786743851956
2025-01-02 23:00:00,800003,NORMAL,HS1306571,281,46.83333333333333,0.15941855430858048,93.10588548345576,25.772122104464174,-0.0023016566184125287,13.775078066410188
2025-01-02 23:10:00,800003,NORMAL,HS1306571,282,47.0,0.14227252067718263,80.9719616713496,25.03507958254162,-0.012932741945628129,5.774925365786828
2025-01-02 23:20:00,800003,NORMAL,HS1306571,283,47.166666666666664,0.1374279728583584,77.54518410814987,24.17023227920941,-0.01142744525980846,6.674205485698224
2025-01-02 23:30:00,800003,NORMAL,HS1306571,284,47.33333333333333,0.15008225229914626,68.80679315576052,23.311383846195223,0.006948903652403415,1.9334234571034443
2025-01-02 23:40:00,800003,NORMAL,HS1306571,285,47.5,0.146901311716353,69.40724912009658,24.73453265991745,0.008799407179972268,6.1152275529170765
2025-01-02 23:50:00,800003,NORMAL,HS1306571,286,47.666666666666664,0.145113435927355,61.7176743079075,23.41463371609209,0.011413788081772958,1.6247970667854972
2025-01-01 00:10:00,800004,NORMAL,HS1306571,0,0.0,0.024327823947670166,4.605370512440387,21.366403589574798,-0.0012596542511103745,0.1216799738620491
2025-01-01 00:20:00,800004,NORMAL,HS1306571,1,0.16666666666666666,0.054139849510684894,19.121582847264015,20.28401486108132,-0.0043210204930599835,2.1362022590359544
2025-01-01 00:30:00,800004,NORMAL,HS1306571,2,0.3333333333333333,0.10926204592878165,40.971338137418186,20.29599667565169,0.0025313371076687435,1.0609040226866782
2025-01-01 00:40:00,800004,NORMAL,HS1306571,3,0.5,0.1462853082339904,65.832173417254,20.495538367767416,0.00827870993117713,5.539271238203014
2025-01-01 00:50:00,800004,NORMAL,HS1306571,4,0.6666666666666666,0.15874056747229381,76.80335441465087,18.474146975180794,0.010940253846563247,7.573404047852748
2025-01-01 01:00:00,800004,NORMAL,HS1306571,5,0.8333333333333333,0.15176116075696425,68.58262288756671,17.247166120501337,0.0028464820371492117,-2.588395131195668
2025-01-01 01:10:00,800004,NORMAL,HS1306571,6,1.0,0.1595063226211419,68.33238111734529,18.824106795899066,0.011934230246333888,-2.1227478689092294
2025-01-01 01:20:00,800004,NORMAL,HS1306571,7,1.1666666666666665,0.14270528713851915,64.67223567374113,18.495589614443194,-0.0006379061638319694,-2.8741992820977345
2025-01-01 01:30:00,800004,NORMAL,HS1306571,8,1.3333333333333333,0.12794275750317272,59.84019034093766,19.175919093175626,-0.010138713622439233,-3.729588682119193
2025-01-01 01:40:00,800004,NORMAL,HS1306571,9,1.5,0.12555193378474888,57.64661792403439,18.964657835495434,-0.008171261168614885,-2.191579190886877
2025-01-01 01:50:00,800004,NORMAL,HS1306571,10,1.6666666666666665,0.12525845130309382,60.095508350804174,18.510579071957416,-0.005131833466650554,3.385812883278568
2025-01-01 02:00:00,800004,NORMAL,HS1306571,11,1.8333333333333333,0.12123556708703291,55.758244661750425,19.483779728270996,-0.006406151688720899,1.7222874035969369
2025-01-01 02:10:00,800004,NORMAL,HS1306571,12,2.0,0.1145259838384261,55.1348791214244,18.20866993916572,-0.012821014092978866,2.0822896975540957
2025-01-01 02:20:00,800004,NORMAL,HS1306571,13,2.1666666666666665,0.12477776726697831,57.35204328792683,17.026174548812577,-0.00553365531735589,2.5810806231385968
2025-01-01 02:30:00,800004,NORMAL,HS1306571,14,2.333333333333333,0.13046425779277646,63.02363650916372,17.988881942484937,-0.004658564500256535,4.87983034313546
2025-01-01 02:40:00,800004,NORMAL,HS1306571,15,2.5,0.14434377194343967,62.7883524728065,19.402666356213825,0.00423329134455086,0.7691874397838845
2025-01-01 02:50:00,800004,NORMAL,HS1306571,16,2.6666666666666665,0.15452704536942724,57.660699475449974,19.22444562877749,0.010072977823821827,-8.019759980110678
2025-01-01 03:00:00,800004,NORMAL,HS1306571,17,2.833333333333333,0.15544337779716813,69.54349131805347,19.982781344911537,0.007234837028553653,0.5395294256876042
2025-01-01 03:10:00,800004,NORMAL,HS1306571,18,3.0,0.16564515277193975,65.37517856032397,17.911208370774194,0.017035208649488015,-5.0756848307940885
2025-01-01 03:20:00,800004,NORMAL,HS1306571,19,3.1666666666666665,0.14597390050155462,72.41869273438795,17.807368720860428,0.0001670018056238176,3.0384729211209986
2025-01-01 03:30:00,800004,NORMAL,HS1306571,20,3.333333333333333,0.13318758030964323,73.45420778339658,17.695998789676054,-0.009269854332864702,5.860663921485411
2025-01-01 03:40:00,800004,NORMAL,HS1306571,21,3.5,0.14627548891716347,65.90599470218963,18.977526509719645,0.006990921008937778,0.09731729545956114
2025-01-01 03:50:00,800004,NORMAL,HS1306571,22,3.6666666666666665,0.14533298255361748,66.0798736520749,19.335888255856293,0.008901630604902566,1.8707326043077046
2025-01-01 04:00:00,800004,NORMAL,HS1306571,23,3.833333333333333,0.1482510568101508,64.84847803542205,19.075078610422455,0.014527138800423889,2.1296175280358014
2025-01-01 04:10:00,800004,NORMAL,HS1306571,24,4.0,0.1349493966465747,68.22970452592203,19.652482736269288,0.0017712614756524026,5.993028708868572
2025-01-01 04:20:00,800004,NORMAL,HS1306571,25,4.166666666666666,0.13060880423329535,72.14937491953877,19.761329253961627,-0.004782193475746627,8.549572975621224
2025-01-01 04:30:00,800004,NORMAL,HS1306571,26,4.333333333333333,0.14335012296715635,68.12482367078266,20.207883062702773,0.004889478652943452,2.3500392396691296
2025-01-01 04:40:00,800004,NORMAL,HS1306571,27,4.5,0.13579487747061617,66.24698353935717,19.389794846090943,-0.005868417419308908,-1.8884108689988608
2025-01-01 04:50:00,800004,NORMAL,HS1306571,28,4.666666666666666,0.13699947931975062,65.18560177062555,18.71304183493862,-0.00793940759269779,-5.363846220157328
2025-01-01 05:00:00,800004,NORMAL,HS1306571,29,4.833333333333333,0.14069045556686524,73.60443546471559,18.846178994555018,-0.00762300323945983,0.587297952440764
2025-01-01 05:10:00,800004,NORMAL,HS1306571,30,5.0,0.13783886973486514,80.33721807485904,19.189336547503242,-0.014515496351466678,4.8332789819038595
2025-01-01 05:20:00,800004,NORMAL,HS1306571,31,5.166666666666666,0.1498602430617318,79.87449139174599,19.560082416565116,-0.007507784972114018,1.9448393261760515
2025-01-01 05:30:00,800004,NORMAL,HS1306571,32,5.333333333333333,0.15356936432069984,81.58277483117736,19.229641961135723,-0.00914651862332544,1.092754184175078
2025-01-01 05:40:00,800004,NORMAL,HS1306571,33,5.5,0.16262806317726988,80.14837776111416,19.461744225298556,-0.0055818565635111506,-3.0643381248521138
2025-01-01 05:50:00,800004,NORMAL,HS1306571,34,5.666666666666666,0.168524489316053,85.10613923812573,19.928739945176616,-0.00515741767216818,-0.8994302260396552
2025-01-01 06:00:00,800004,NORMAL,HS1306571,35,5.833333333333333,0.16872401944634433,80.44803348550536,21.325373023694585,-0.010478076662572666,-8.525433131831775
2025-01-01 06:10:00,800004,NORMAL,HS1306571,36,6.0,0.18589372372702254,88.51372683806937,21.63614315504835,0.00260697113108449,-3.1199734458558765
2025-01-01 06:20:00,800004,NORMAL,HS1306571,37,6.166666666666666,0.20855972817929935,103.49501475391628,22.000672993509955,0.022949461947054106,9.803632364324912
2025-01-01 06:30:00,800004,NORMAL,HS1306571,38,6.333333333333333,0.18950050275999247,99.94076619426528,24.99344901233006,0.0016750141356584869,4.236271242901182
2025-01-01 06:40:00,800004,NORMAL,HS1306571,39,6.5,0.1768112021795311,96.95377259747661,24.49574969305558,-0.013039012373865427,-0.6715326519195202
2025-01-01 06:50:00,800004,NORMAL,HS1306571,40,6.666666666666666,0.17666102625641153,101.52018418337074,26.164959719400127,-0.014807763862927176,2.214817950632039
2025-01-01 07:00:00,800004,NORMAL,HS1306571,41,6.833333333333333,0.20088257245830732,102.21260204152026,27.73000049574901,0.008166718784268168,1.4766687757835228
2025-01-01 07:10:00,800004,NORMAL,HS1306571,42,7.0,0.19875448295430362,99.18105859859999,27.950874881141463,0.004391977673880554,-2.9550981762840536
2025-01-01 07:20:00,800004,NORMAL,HS1306571,43,7.166666666666666,0.18541136486049492,103.65095086410192,27.88236117061428,-0.0104752636714531,0.3558914431790754
2025-01-01 07:30:00,800004,NORMAL,HS1306571,44,7.333333333333333,0.20090849449805354,109.40996239503201,28.739499545766154,0.0038239339675830986,5.256429576113106
2025-01-01 07:40:00,800004,NORMAL,HS1306571,45,7.5,0.2053164410361083,113.01631564199738,29.69188469419508,0.006425756736769955,7.682635933971483
2025-01-01 07:50:00,800004,NORMAL,HS1306571,46,7.666666666666666,0.18969708359365203,108.93063868930636,30.28132035438796,-0.01160186688039494,2.0120347520746407
2025-01-01 08:00:00,800004,NORMAL,HS1306571,47,7.833333333333333,0.21124880027859286,111.25131720909748,29.721026505034278,0.0072895322038517285,2.5518423303160915
2025-01-01 08:10:00,800004,NORMAL,HS1306571,48,8.0,0.2126113979025553,108.1043052766506,30.881841793124003,0.006729289776368413,-2.0359703189576663
2025-01-01 08:20:00,800004,NORMAL,HS1306571,49,8.166666666666666,0.21830388951018428,112.82574133352296,33.07357276621947,0.01126627032382152,1.8082314034422353
2025-01-01 08:30:00,800004,NORMAL,HS1306571,50,8.333333333333332,0.22434996167364066,114.7381223946015,32.883516113426325,0.01567153906370594,2.602564809018645
2025-01-01 08:40:00,800004,NORMAL,HS1306571,51,8.5,0.2100994032614161,108.1097721666139,34.20704108477734,-0.0007138557468365225,-5.495301278793832
2025-01-01 08:50:00,800004,NORMAL,HS1306571,52,8.666666666666666,0.21258969181224444,114.5948287430165,33.84202711514098,-0.0005736417380847736,-0.6681553276064562
2025-01-01 09:00:00,800004,NORMAL,HS1306571,53,8.833333333333332,0.21936346760919262,120.13757102702009,32.51297517218306,0.0037843118408521503,3.1441176117691185
2025-01-01 09:10:00,800004,NORMAL,HS1306571,54,9.0,0.2316023643235259,113.02771236406583,34.56806627718205,0.013759317879869254,-5.615588007276088
2025-01-01 09:20:00,800004,NORMAL,HS1306571,55,9.166666666666666,0.23154397614828065,107.88778083837542,36.90645941101078,0.012333633955342094,-11.942433854645756
2025-01-01 09:30:00,800004,NORMAL,HS1306571,56,9.333333333333332,0.22804748940562783,110.58260123574628,34.806642914889515,0.009379344147418978,-9.173907123694534
2025-01-01 09:40:00,800004,NORMAL,HS1306571,57,9.5,0.21863781696494772,120.86232375705706,35.4373950157942,0.0018968626453132464,2.2751175411661677
2025-01-01 09:50:00,800004,NORMAL,HS1306571,58,9.666666666666666,0.21169399609659192,115.75135919613399,34.08810482367647,-0.0023630563427381734,-1.029238887767562
2025-01-01 10:00:00,800004,NORMAL,HS1306571,59,9.833333333333332,0.22060913545577177,122.48906776078628,33.5654559827366,0.009677244970385357,7.87619469988941
2025-01-01 10:10:00,800004,NORMAL,HS1306571,60,10.0,0.21755885912471293,115.84245227226933,36.25236141108427,0.008967390552549609,3.1093168353752247
2025-01-01 10:20:00,800004,NORMAL,HS1306571,61,10.166666666666666,0.2321066504007784,114.26413822716353,35.32926697041835,0.02363599586472165,2.095022270763039
2025-01-01 10:30:00,800004,NORMAL,HS1306571,62,10.333333333333332,0.2395466669256648,118.91405449061166,36.50557200973378,0.029401637885904858,5.97263073148828
2025-01-01 10:40:00,800004,NORMAL,HS1306571,63,10.5,0.24149863277828265,117.55714969604429,35.32135113609598,0.028874866007185057,3.135177596231685
2025-01-01 10:50:00,800004,NORMAL,HS1306571,64,10.666666666666666,0.2049427455128004,120.0836639253207,36.211150389794746,-0.01045538595538284,3.893527937697513
2025-01-01 11:00:00,800004,NORMAL,HS1306571,65,10.833333333333332,0.2108837122080419,114.77564366230149,35.82444279042782,-0.007522113800499414,-3.379531128824823
2025-01-01 11:10:00,800004,NORMAL,HS1306571,66,11.0,0.2164220919683421,115.62023705628246,34.10578634808544,-0.005427679087316395,-4.972126543780817
2025-01-01 11:20:00,800004,NORMAL,HS1306571,67,11.166666666666666,0.22308340821212533,112.39787227259932,35.36158146225367,-0.00039494831986269796,-9.709733198119409
2025-01-01 11:30:00,800004,NORMAL,HS1306571,68,11.333333333333332,0.230430508563492,123.50940168470393,34.14515784165576,0.007117441676733199,1.228969214101312
2025-01-01 11:40:00,800004,NORMAL,HS1306571,69,11.5,0.20834882754312548,134.56693117637178,35.66546771787452,-0.014070035886978749,12.731766883774895
2025-01-01 11:50:00,800004,NORMAL,HS1306571,70,11.666666666666666,0.21461445605991353,130.79899048400299,35.601726562086945,-0.006544165044766154,9.689941825317831
2025-01-01 12:00:00,800004,NORMAL,HS1306571,71,11.833333333333332,0.2121861525116047,125.11070234945373,36.421637907059015,-0.0075456205534651655,4.849082216103568
2025-01-01 12:10:00,800004,NORMAL,HS1306571,72,12.0,0.21737835169840583,139.35446289716592,34.10192386815723,0.000513246409333229,20.696324163510937
2025-01-01 12:20:00,800004,NORMAL,HS1306571,73,12.166666666666666,0.20412772886766617,120.31896488430344,34.36720705767066,-0.009721106117639128,3.337942887100283
2025-01-01 12:30:00,800004,NORMAL,HS1306571,74,12.333333333333332,0.2175155778670618,108.3374250170075,36.787222580615776,0.005882140496174637,-7.50543231849889
2025-01-01 12:40:00,800004,NORMAL,HS1306571,75,12.5,0.22190667775461476,110.95483751552517,37.764608180535554,0.011918636120677034,-4.136540939996593
2025-01-01 12:50:00,800004,NORMAL,HS1306571,76,12.666666666666666,0.21586436747059812,111.68354979375101,36.52382756178318,0.007212686208374175,-2.849877477602476
2025-01-01 13:00:00,800004,NORMAL,HS1306571,77,12.833333333333332,0.20079471237249646,120.01899468648988,32.181996583520515,-0.006701074064203061,5.943102707821538
2025-01-01 13:10:00,800004,NORMAL,HS1306571,78,13.0,0.20914166970419587,114.48716398242247,33.88011758854671,0.0021561403880397956,0.900153787581047
2025-01-01 13:20:00,800004,NORMAL,HS1306571,79,13.166666666666666,0.2011053127425738,120.91785803996098,33.5380008920296,-0.006969415267129214,7.337239235577201
2025-01-01 13:30:00,800004,NORMAL,HS1306571,80,13.333333333333332,0.22420087327660865,114.4931810428039,34.13385780911175,0.01354338091834989,-0.08611263716284157
2025-01-01 13:40:00,800004,NORMAL,HS1306571,81,13.5,0.24082289798597456,109.97477527608312,33.70909373858892,0.02690706951387828,-6.287799937778658
2025-01-01 13:50:00,800004,NORMAL,HS1306571,82,13.666666666666666,0.21162079257665,116.73597402308236,34.87587798730969,-0.005861751225408329,-1.5084087424423132
2025-01-01 14:00:00,800004,NORMAL,HS1306571,83,13.833333333333332,0.21412712350116886,119.41864415961307,35.90026617565455,-0.007257719040884986,-1.068028027674501
2025-01-01 14:10:00,800004,NORMAL,HS1306571,84,14.0,0.23002177455125378,131.43443066831813,36.4551684931564,0.004124216662434399,7.7654454252649145
2025-01-01 14:20:00,800004,NORMAL,HS1306571,85,14.166666666666666,0.24596964076917233,140.34496824201437,39.328352535234636,0.015982354699448253,12.991978342565474
2025-01-01 14:30:00,800004,NORMAL,HS1306571,86,14.333333333333332,0.22695161248974802,140.99481463668675,40.87733322170403,-0.006323771326991301,10.368628548405724
2025-01-01 14:40:00,800004,NORMAL,HS1306571,87,14.5,0.2301160628965442,146.74142040562927,39.405756413112364,-0.005969812616208464,13.180987951089179
2025-01-01 14:50:00,800004,NORMAL,HS1306571,88,14.666666666666666,0.22710342559874858,144.22117974096756,36.920282567078,-0.011462925039075006,7.983995495624924
2025-01-01 15:00:00,800004,NORMAL,HS1306571,89,14.833333333333332,0.23853407835085366,159.97580509139826,36.29548625548117,-0.0023212805718354212,21.201815227042175
2025-01-01 15:10:00,800004,NORMAL,HS1306571,90,15.0,0.25578939131310185,147.14835551504106,35.59113057586217,0.012848135568615499,6.247881772398728
2025-01-01 15:20:00,800004,NORMAL,HS1306571,91,15.166666666666666,0.25533386717185774,149.40498755120348,35.15692252586185,0.010318662697311909,6.7199476673636696
2025-01-01 15:30:00,800004,NORMAL,HS1306571,92,15.333333333333332,0.2696037296870009,153.06139714346705,33.83638290852167,0.022587669308939073,8.711085426703733
2025-01-01 15:40:00,800004,NORMAL,HS1306571,93,15.5,0.26129365661677884,133.97982779282708,36.02525126735233,0.012339095801152333,-11.974475561964056
2025-01-01 15:50:00,800004,NORMAL,HS1306571,94,15.666666666666666,0.29212065105271445,135.4628707675642,33.702023044944326,0.04124119794077652,-12.087995479903242
2025-01-01 16:00:00,800004,NORMAL,HS1306571,95,15.833333333333332,0.27451622626811195,146.7384891237992,33.51941896487025,0.021732769249145467,-2.395554176883337
2025-01-01 16:10:00,800004,NORMAL,HS1306571,96,16.0,0.27119249112057686,163.46554018592062,32.11171257338452,0.016269519469587046,12.763441956505062
2025-01-01 16:20:00,800004,NORMAL,HS1306571,97,16.166666666666664,0.2575574196764821,152.24532457228227,32.88388726374707,0.0006442882473319811,0.2239380208987427
2025-01-01 16:30:00,800004,NORMAL,HS1306571,98,16.333333333333332,0.2598908743529375,162.5961927114637,32.67237004633771,0.0018418651137585562,9.93448491893568
2025-01-01 16:40:00,800004,NORMAL,HS1306571,99,16.5,0.25385009186313334,147.33441017390396,33.707074196664415,-0.004879166641215904,-5.554128425270449
2025-01-01 16:50:00,800004,NORMAL,HS1306571,100,16.666666666666664,0.2616106978867622,153.42567090866777,35.292248519137274,0.002384718516824036,0.49045837968049
2025-01-01 17:00:00,800004,NORMAL,HS1306571,101,16.833333333333332,0.2738387683347683,172.68847066612636,33.9769548775156,0.014163239486797985,19.765404973623674
2025-01-01 17:10:00,800004,NORMAL,HS1306571,102,17.0,0.24509772525670837,164.18781061422197,33.53541322608677,-0.013822328610783585,12.093873345223471
2025-01-01 17:20:00,800004,NORMAL,HS1306571,103,17.166666666666664,0.26095172727475874,158.92250380310733,33.672487021308186,0.0049474100918519,9.336433005783505
2025-01-01 17:30:00,800004,NORMAL,HS1306571,104,17.333333333333332,0.2540359259073137,149.47262500663186,29.855678081396373,0.0020028686163647835,3.2729415132937447
2025-01-01 17:40:00,800004,NORMAL,HS1306571,105,17.5,0.24152254618253827,135.79557315371414,30.51734750989266,-0.006048131182729788,-6.620171388885353
2025-01-01 17:50:00,800004,NORMAL,HS1306571,106,17.666666666666664,0.24870793392099397,132.21134494204023,32.35589234230935,0.005941020414007736,-6.171108192754929
2025-01-01 18:00:00,800004,NORMAL,HS1306571,107,17.833333333333332,0.22869072801816978,142.48122672343789,31.8712815703419,-0.00895739295302811,8.334786733305123
2025-01-01 18:10:00,800004,NORMAL,HS1306571,108,18.0,0.23559099487237384,141.50422117119652,33.03263350101613,0.002621274832011411,11.075901517314975
2025-01-01 18:20:00,800004,NORMAL,HS1306571,109,18.166666666666664,0.24700205928620295,145.0780091677287,35.216360112173035,0.017404469331666256,17.111758925520505
2025-01-01 18:30:00,800004,NORMAL,HS1306571,110,18.333333333333332,0.22252895531746927,131.9952944200546,34.50397591227349,-0.004845505991557947,5.528987221093345
2025-01-01 18:40:00,800004,NORMAL,HS1306571,111,18.5,0.2126366716331072,131.1526384643577,32.240983769669064,-0.01296282852579242,5.775208966197795
2025-01-01 18:50:00,800004,NORMAL,HS1306571,112,18.666666666666664,0.2087016735281591,136.7545139086498,32.50719971627203,-0.015288175078510241,12.308924827702668
2025-01-01 19:00:00,800004,NORMAL,HS1306571,113,18.833333333333332,0.2191553615356716,127.0075099562672,32.23098846867742,-0.0032985524864812543,3.4265451161958964
2025-01-01 19:10:00,800004,NORMAL,HS1306571,114,19.0,0.24169037492893966,118.76013141257485,31.063411557830822,0.02067288539368589,-3.979811718676771
2025-01-01 19:20:00,800004,NORMAL,HS1306571,115,19.166666666666664,0.25249697487709843,124.66275422507375,33.55703626217657,0.0333442739679955,2.9995889476160755
2025-01-01 19:30:00,800004,NORMAL,HS1306571,116,19.333333333333332,0.22824093411278262,116.77976931029536,32.7947472543313,0.011807438790647495,-3.1983037875938862
2025-01-01 19:40:00,800004,NORMAL,HS1306571,117,19.5,0.23317477264659275,125.62342503775596,33.03330384766913,0.019781063596976817,7.605538305970384
2025-01-01 19:50:00,800004,NORMAL,HS1306571,118,19.666666666666664,0.2239175141543433,120.65529742895946,32.91336262362151,0.01366742101764673,4.679747107999532
2025-01-01 20:00:00,800004,NORMAL,HS1306571,119,19.833333333333332,0.19974194372310938,114.37575720582963,31.04717864066657,-0.007365816028081146,0.43253991738951925
2025-01-01 20:10:00,800004,NORMAL,HS1306571,120,20.0,0.20328904757197347,120.3994519958853,30.08553131159333,0.0003649852576492474,9.231970413572512
2025-01-01 20:20:00,800004,NORMAL,HS1306571,121,20.166666666666664,0.21076176927787868,119.56495072152364,29.295953946944042,0.012265530117176654,11.676798461603042
2025-01-01 20:30:00,800004,NORMAL,HS1306571,122,20.333333333333332,0.19647647157576023,112.25676705486886,29.1642534175046,0.0012414955290863117,6.922878217366332
2025-01-01 20:40:00,800004,NORMAL,HS1306571,123,20.5,0.21019245675259382,109.85242948196165,28.859241068842277,0.017672227559605902,6.614097034036078
2025-01-01 20:50:00,800004,NORMAL,HS1306571,124,20.666666666666664,0.19664349561800137,112.17801849691625,28.79088652553885,0.0067683937934731875,10.927100731111466
2025-01-01 21:00:00,800004,NORMAL,HS1306571,125,20.833333333333332,0.19836512822454494,107.64530300071482,28.375404803773982,0.011234476116956604,8.390613745799087
2025-01-01 21:10:00,800004,NORMAL,HS1306571,126,21.0,0.18801071495226918,102.39525169951905,28.91762204544996,0.0028396794228096323,4.620645878963799
2025-01-01 21:20:00,800004,NORMAL,HS1306571,127,21.166666666666664,0.18004558838866416,99.40533299653667,27.49871259717619,-0.00324718017931655,2.9352807596783066
2025-01-01 21:30:00,800004,NORMAL,HS1306571,128,21.333333333333332,0.1837205933248542,88.57179085858978,28.102412941505044,0.00396498670106174,-5.5150486195131805
2025-01-01 21:40:00,800004,NORMAL,HS1306571,129,21.5,0.19176750094239992,93.81099163569621,26.792381941831465,0.016693365314788655,2.9774417917882516
2025-01-01 21:50:00,800004,NORMAL,HS1306571,130,21.666666666666664,0.18088874117183174,92.96993265956907,26.447474849438898,0.01095702594711559,5.764907223641131
2025-01-01 22:00:00,800004,NORMAL,HS1306571,131,21.833333333333332,0.175610739767506,83.73824053471722,27.333250219436177,0.011045475945618194,0.33164346756635155
2025-01-01 22:10:00,800004,NORMAL,HS1306571,132,22.0,0.16671477383572628,78.61384356178742,28.46095524891113,0.0075816831079285885,-1.0245773169138062
2025-01-01 22:20:00,800004,NORMAL,HS1306571,133,22.166666666666664,0.15231690669345085,77.79761294841593,26.970026142559053,-0.0016682535828435319,1.6102718577427027
2025-01-01 22:30:00,800004,NORMAL,HS1306571,134,22.333333333333332,0.15008028207479468,81.64238803567818,24.638683657005103,-0.00018636873185542968,8.017556259390716
2025-01-01 22:40:00,800004,NORMAL,HS1306571,135,22.5,0.1338550361481122,77.51918469989906,23.905040450290855,-0.013939262173181949,5.653249426840091
2025-01-01 22:50:00,800004,NORMAL,HS1306571,136,22.666666666666664,0.13483946379050113,74.10436691686266,24.56640434477736,-0.011226368978563578,3.4890271546738063
2025-01-01 23:00:00,800004,NORMAL,HS1306571,137,22.833333333333332,0.13850189268412633,78.99516714104506,25.473889032810085,-0.006285154395008347,9.318737988681903
2025-01-01 23:10:00,800004,NORMAL,HS1306571,138,23.0,0.13673098721740481,78.95902307685596,23.541823858635436,-0.006835713318308567,10.13687868766489
2025-01-01 23:20:00,800004,NORMAL,HS1306571,139,23.166666666666664,0.14324079697094122,78.35100705028144,24.16775875023608,0.0006814752579558658,10.170921893619862
2025-01-01 23:30:00,800004,NORMAL,HS1306571,140,23.333333333333332,0.13751966200400975,75.72322605247665,23.90674630230071,-0.004993608522696702,7.624594339675923
2025-01-01 23:40:00,800004,NORMAL,HS1306571,141,23.5,0.1515466785953549,66.58076465226796,23.723430384375675,0.008171437489565864,-2.002409125966068
2025-01-01 23:50:00,800004,NORMAL,HS1306571,142,23.666666666666664,0.13824812454520122,73.82092261377038,23.50670923993725,-0.006576617763847742,4.364203769227942
2025-01-02 00:00:00,800004,NORMAL,HS1306571,143,23.833333333333332,0.15789611201259168,72.05715740740213,23.897904456481722,0.011328531331594116,1.5208108174380328
2025-01-02 00:10:00,800004,NORMAL,HS1306571,144,24.0,0.1557084233170156,73.17705527677465,23.388851117141638,0.007202172743763197,1.3496124401645204
2025-01-02 00:20:00,800004,NORMAL,HS1306571,145,24.166666666666664,0.14750009239488152,74.09568471712983,23.454850550356703,-0.001993983103446062,1.3938534403540217
2025-01-02 00:30:00,800004,NORMAL,HS1306571,146,24.333333333333332,0.15997232994714422,74.32671041124424,23.017721962429643,0.011027642098546842,1.6399519405879772
2025-01-02 00:40:00,800004,NORMAL,HS1306571,147,24.5,0.1453965800932986,73.88638453955662,22.209952653239423,-0.001975660329004647,1.8733701761298676
2025-01-02 00:50:00,800004,NORMAL,HS1306571,148,24.666666666666664,0.1437744934420441,74.73639072628517,22.076722263335977,-0.0014932591524538241,3.7498856747158698
2025-01-02 01:00:00,800004,NORMAL,HS1306571,149,24.833333333333332,0.13459286304934495,70.54533305398932,20.559736808606406,-0.008309715883325797,0.7490327523181008
2025-01-02 01:10:00,800004,NORMAL,HS1306571,150,25.0,0.140499967475168,73.0782735186725,20.99345315196411,0.0010041375392497165,5.229831477316267
2025-01-02 01:20:00,800004,NORMAL,HS1306571,151,25.166666666666664,0.12929603729112668,68.63379041965052,21.681988054998275,-0.006211939417020029,3.4728172678623537
2025-01-02 01:30:00,800004,NORMAL,HS1306571,152,25.333333333333332,0.12928518657477617,59.921227830445055,19.93735552796194,-0.002170714305633842,-2.412654674932483
2025-01-02 01:40:00,800004,NORMAL,HS1306571,153,25.5,0.13169706571933104,63.690233811715174,18.713586037991895,0.004527297639814687,4.318835826465957
2025-01-02 01:50:00,800004,NORMAL,HS1306571,154,25.666666666666664,0.12231950384418411,58.20038611550259,18.590451153349473,-0.00031647232701373373,1.926892061078398
2025-01-02 02:00:00,800004,NORMAL,HS1306571,155,25.833333333333332,0.11931160539884786,57.093674157114116,18.17026441274905,0.001254860126048224,3.9490062972419437
2025-01-02 02:10:00,800004,NORMAL,HS1306571,156,26.0,0.12196230110395674,46.59429526865729,18.13478077486016,0.007200777352290397,-4.0318004574332775
2025-01-02 02:20:00,800004,NORMAL,HS1306571,157,26.166666666666664,0.11779979896215954,47.919663792744416,18.48984664644334,0.004416362155563916,-1.2738544005716221
2025-01-02 02:30:00,800004,NORMAL,HS1306571,158,26.333333333333332,0.1270098135184267,49.24920786847783,18.091356380582468,0.013341180164870861,0.5615047397006094
2025-01-02 02:40:00,800004,NORMAL,HS1306571,159,26.5,0.12166887822392786,48.01755202316058,17.017985273537874,0.0063256917342838365,-0.9510087520908002
2025-01-02 02:50:00,800004,NORMAL,HS1306571,160,26.666666666666664,0.11360744830945808,43.98468696535087,17.91904264133982,-0.0043121963742105834,-5.819283129484468
2025-01-02 03:00:00,800004,NORMAL,HS1306571,161,26.833333333333332,0.12243958069404508,48.145517410226546,18.510487702951494,0.0014527036213155403,-2.8294752092259046
2025-01-02 03:10:00,800004,NORMAL,HS1306571,162,27.0,0.12577930242333535,48.45575004675168,18.217749763342486,0.0013805364041082901,-3.9450109479696565
2025-01-02 03:20:00,800004,NORMAL,HS1306571,163,27.166666666666664,0.12083811561436655,53.944301148429,17.91740305928058,-0.007366541548549793,-0.11386965251597303
2025-01-02 03:30:00,800004,NORMAL,HS1306571,164,27.333333333333332,0.12981382754610862,59.596181316239786,18.49329947071102,-0.0013764756363154607,4.219229114016571
2025-01-02 03:40:00,800004,NORMAL,HS1306571,165,27.5,0.13103197324598284,63.304238710311665,19.48880971936426,-0.002029226569073228,7.217471954528435
2025-01-02 03:50:00,800004,NORMAL,HS1306571,166,27.666666666666664,0.13815201389700985,61.23204569547394,19.674052286890067,0.0038484437896011137,4.865625690059723
2025-01-02 04:00:00,800004,NORMAL,HS1306571,167,27.833333333333332,0.13343889954747706,58.1711558579824,18.62778149966585,-0.0018952751769046317,1.7188050757166096
2025-01-02 04:10:00,800004,NORMAL,HS1306571,168,28.0,0.1362198102015963,58.98916136531036,17.859043016308533,9.754073164269794e-05,2.118025099539551
2025-01-02 04:20:00,800004,NORMAL,HS1306571,169,28.166666666666664,0.14166237446545762,56.464999766318634,19.273184948042665,0.0054971819057776095,-1.0389863441975677
2025-01-02 04:30:00,800004,NORMAL,HS1306571,170,28.333333333333332,0.15445599476055816,57.300499932041056,20.051678923345158,0.017160860651715404,-1.4822867961666333
2025-01-02 04:40:00,800004,NORMAL,HS1306571,171,28.5,0.14844160720486596,62.76388936213339,20.270254202822162,0.008356282226623601,1.7700739400370082
2025-01-02 04:50:00,800004,NORMAL,HS1306571,172,28.666666666666664,0.14456517121644485,63.80966290480402,20.714715832678316,0.000607724791793357,-0.0901525397045333
2025-01-02 05:00:00,800004,NORMAL,HS1306571,173,28.833333333333332,0.14355584778272504,72.95882150499983,20.491027254824658,-0.004644101004311008,5.856692194462212
2025-01-02 05:10:00,800004,NORMAL,HS1306571,174,29.0,0.1543574592159283,77.7642652810564,21.43369756134194,0.0013275495276257043,7.2633078612040265
2025-01-02 05:20:00,800004,NORMAL,HS1306571,175,29.166666666666664,0.1666540127583497,81.65514569746342,21.989798630858665,0.007375931792761831,6.997206058888878
2025-01-02 05:30:00,800004,NORMAL,HS1306571,176,29.333333333333332,0.18303289800694122,84.41470026612893,21.325269583612954,0.01683026424366829,5.059110327442852
2025-01-02 05:40:00,800004,NORMAL,HS1306571,177,29.5,0.1852628933656725,83.90320267383197,24.205730515281882,0.012132085519482833,-0.2686923748987766
2025-01-02 05:50:00,800004,NORMAL,HS1306571,178,29.666666666666664,0.19282456520423244,85.97083996959437,23.079593695805197,0.012888598954288788,-3.0218619305427694
2025-01-02 06:00:00,800004,NORMAL,HS1306571,179,29.833333333333332,0.19361362001965834,93.07086161298572,22.6085831060663,0.007147162732826728,-0.6096722345757399
2025-01-02 06:10:00,800004,NORMAL,HS1306571,180,30.0,0.2061667324181387,102.92904733340687,22.873894399399187,0.014367378099964995,5.029776517711866
2025-01-02 06:20:00,800004,NORMAL,HS1306571,181,30.166666666666664,0.1872426706969494,104.67953152338265,23.765947750445278,-0.007496967480567468,3.829452476363997
2025-01-02 06:30:00,800004,NORMAL,HS1306571,182,30.333333333333332,0.17925566495962839,99.09972212590195,26.243223611932155,-0.016852342218972804,-3.5756163543334765
2025-01-02 06:40:00,800004,NORMAL,HS1306571,183,30.5,0.17400502866322987,96.37510378916974,27.706315697207604,-0.023062886429397328,-7.715095795817689
2025-01-02 06:50:00,800004,NORMAL,HS1306571,184,30.666666666666664,0.18031519697128015,99.99669820638468,28.051036528838143,-0.017815793880461644,-5.501393369421336
2025-01-02 07:00:00,800004,NORMAL,HS1306571,185,30.833333333333332,0.19867634986672408,111.49166840326318,29.901548574760227,-0.0006890655962497882,4.493813771799736
2025-01-02 07:10:00,800004,NORMAL,HS1306571,186,31.0,0.2139901759961981,107.9547823716466,29.14002145445013,0.01240350641687954,-0.9735183276807362
2025-01-02 07:20:00,800004,NORMAL,HS1306571,187,31.166666666666664,0.22291822544174494,113.00206694542453,30.53641003384926,0.017947089042004677,1.5214906006527258
2025-01-02 07:30:00,800004,NORMAL,HS1306571,188,31.333333333333332,0.23305837420825332,107.10646982170348,29.59276419853878,0.02405452921100426,-7.396013060811484
2025-01-02 07:40:00,800004,NORMAL,HS1306571,189,31.5,0.23024585433541214,124.88182392224104,29.281862850163076,0.017070880882933487,7.200368199671544
2025-01-02 07:50:00,800004,NORMAL,HS1306571,190,31.666666666666664,0.22430688579778363,124.78037356738517,30.563442227332832,0.007013372887835656,3.921477428411748
2025-01-02 08:00:00,800004,NORMAL,HS1306571,191,31.833333333333332,0.2198103971953125,124.22656605602083,29.908422468422504,-0.0014665392874675942,0.2643242620193149
2025-01-02 08:10:00,800004,NORMAL,HS1306571,192,32.0,0.2285640449246089,128.10651424773195,29.856268229088585,0.0045959262855401195,1.940185594119555
2025-01-02 08:20:00,800004,NORMAL,HS1306571,193,32.166666666666664,0.24629477696159852,122.14203166169385,30.970961418026267,0.021302499359516253,-4.900490309837608
2025-01-02 08:30:00,800004,NORMAL,HS1306571,194,32.33333333333333,0.26860848166726325,120.74180030123047,32.951342932250455,0.04395459918454758,-6.144517711722713
2025-01-02 08:40:00,800004,NORMAL,HS1306571,195,32.5,0.253652663853936,117.91041670979943,32.164713778847364,0.03003144811816702,-8.269036194111933
2025-01-02 08:50:00,800004,NORMAL,HS1306571,196,32.666666666666664,0.24574048230959342,118.28830841010821,33.50313863975701,0.023460833296793132,-6.940530766232527
2025-01-02 09:00:00,800004,NORMAL,HS1306571,197,32.83333333333333,0.24045874068866005,116.18567845945435,34.63567408198097,0.019728771422686392,-7.945080134066927
2025-01-02 09:10:00,800004,NORMAL,HS1306571,198,33.0,0.22048962420774354,126.60713220911619,33.192753937012256,0.0002511502792358622,3.113124819592599
2025-01-02 09:20:00,800004,NORMAL,HS1306571,199,33.166666666666664,0.21140058822969382,123.18516393396554,34.47609504464641,-0.01055691547318019,-0.9819041144362473
2025-01-02 09:30:00,800004,NORMAL,HS1306571,200,33.33333333333333,0.2038999500571787,127.03406212329652,34.406331463545975,-0.02115086946127759,1.1811730807211376
2025-01-02 09:40:00,800004,NORMAL,HS1306571,201,33.5,0.23194626488956363,121.69467875018753,35.72883892928642,0.003325257037759599,-6.257511404277508
2025-01-02 09:50:00,800004,NORMAL,HS1306571,202,33.666666666666664,0.22918504732014616,125.6786668078719,38.20905165611603,-0.0031832256866513586,-4.548692994747967
2025-01-02 10:00:00,800004,NORMAL,HS1306571,203,33.83333333333333,0.2551584511076035,140.5410215850754,39.899945699001734,0.019060541050264945,8.011558447653044
2025-01-02 10:10:00,800004,NORMAL,HS1306571,204,34.0,0.2525324642082269,136.9316454667619,38.01808892496868,0.013652153636506875,2.615421917373112
2025-01-02 10:20:00,800004,NORMAL,HS1306571,205,34.166666666666664,0.24731953187387232,133.24466936322366,38.71695796245185,0.008207382859504564,-1.1233524967505844
2025-01-02 10:30:00,800004,NORMAL,HS1306571,206,34.33333333333333,0.27031069952640663,115.21053774808409,38.66506035604736,0.0328890859237278,-17.710874773322203
2025-01-02 10:40:00,800004,NORMAL,HS1306571,207,34.5,0.22871961476348818,128.87183260120045,38.254428004675525,-0.0062780418805337135,-1.9586815573731542
2025-01-02 10:50:00,800004,NORMAL,HS1306571,208,34.666666666666664,0.24871841509489576,140.17829166901777,37.261298158754315,0.01635396948240206,11.641033713731105
2025-01-02 11:00:00,800004,NORMAL,HS1306571,209,34.83333333333333,0.2612183350306684,124.52204547796116,35.7874301131586,0.03157154435834944,-1.6421132594956305
2025-01-02 11:10:00,800004,NORMAL,HS1306571,210,35.0,0.2414642000683214,126.03801430241407,35.92313927545229,0.01471716238424467,2.175426357333265
2025-01-02 11:20:00,800004,NORMAL,HS1306571,211,35.166666666666664,0.22675197883685524,124.96402893111768,35.36404307536065,0.002814129863662501,3.007930621151573
2025-01-02 11:30:00,800004,NORMAL,HS1306571,212,35.33333333333333,0.21453108630894654,118.80458934108563,34.102955460934325,-0.006917264717044347,-1.597712303104771
2025-01-02 11:40:00,800004,NORMAL,HS1306571,213,35.5,0.20924370946759688,127.43217740405592,35.150898300599465,-0.009705209706357243,8.532251456159514
2025-01-02 11:50:00,800004,NORMAL,HS1306571,214,35.666666666666664,0.18356403453264292,124.86583415165939,33.06828661788235,-0.03280409101619006,7.537150208023817
2025-01-02 12:00:00,800004,NORMAL,HS1306571,215,35.83333333333333,0.20657588124439605,117.35662019253874,33.325719230143754,-0.007158434043290779,1.6564150026182602
2025-01-02 12:10:00,800004,NORMAL,HS1306571,216,36.0,0.19977522057231725,120.90768532190192,35.57942823516519,-0.011247011900572063,7.065327950437066
2025-01-02 12:20:00,800004,NORMAL,HS1306571,217,36.166666666666664,0.2087978755628015,119.43048449643649,33.99574663780261,-0.00021575081238539573,7.2912992848833795
2025-01-02 12:30:00,800004,NORMAL,HS1306571,218,36.33333333333333,0.2181576599563305,116.15179319395116,33.16381561793288,0.010274006479056103,5.046450044483109
2025-01-02 12:40:00,800004,NORMAL,HS1306571,219,36.5,0.21261695870255085,118.29359754686081,31.628498161748215,0.005234181447737629,7.711020196464929
2025-01-02 12:50:00,800004,NORMAL,HS1306571,220,36.666666666666664,0.20775649965476742,118.79461791065214,34.0942299757721,0.00044513848274119194,8.390732069881821
2025-01-02 13:00:00,800004,NORMAL,HS1306571,221,36.83333333333333,0.20823980968073988,117.59699634828257,34.731301854580686,0.0007213637689100494,7.149866832104266
2025-01-02 13:10:00,800004,NORMAL,HS1306571,222,37.0,0.22780777749527917,123.39220735868965,35.67976586304054,0.019341227084772622,12.423958193344447
2025-01-02 13:20:00,800004,NORMAL,HS1306571,223,37.166666666666664,0.21760197914362434,106.81399752479201,32.63936962936989,0.0075640474614374065,-5.101009261578113
2025-01-02 13:30:00,800004,NORMAL,HS1306571,224,37.33333333333333,0.2135881164576374,121.37672592084323,35.24374283168822,0.0018152126198587304,8.419747959786136
2025-01-02 13:40:00,800004,NORMAL,HS1306571,225,37.5,0.23642837905725078,118.30843043864759,33.76239134100817,0.022787360344864616,4.237113205972804
2025-01-02 13:50:00,800004,NORMAL,HS1306571,226,37.666666666666664,0.2214309151849694,122.92475678097428,33.45107308243249,0.005786727066796005,7.651369266671125
2025-01-02 14:00:00,800004,NORMAL,HS1306571,227,37.83333333333333,0.21979973873906022,126.32100730129054,32.42270482778551,0.0020303164420635567,9.757267526667434
2025-01-02 14:10:00,800004,NORMAL,HS1306571,228,38.0,0.2141469355506024,130.16741733349406,33.0426073289913,-0.005937911639539301,11.776707277375209
2025-01-02 14:20:00,800004,NORMAL,HS1306571,229,38.166666666666664,0.20166205374318436,116.47570882685717,34.27926508720652,-0.02052511839112431,-4.255793636675364
2025-01-02 14:30:00,800004,NORMAL,HS1306571,230,38.33333333333333,0.22296062295815935,129.57392367726416,34.35623097628431,-0.0014454389260721012,6.287686176169615
2025-01-02 14:40:00,800004,NORMAL,HS1306571,231,38.5,0.22864668179419437,137.54506421163694,34.52789074546001,0.001988867331383065,11.626521708309056
2025-01-02 14:50:00,800004,NORMAL,HS1306571,232,38.666666666666664,0.24138651826105895,120.8518296025601,34.46493624801946,0.012575691378331283,-7.645097252041509
2025-01-02 15:00:00,800004,NORMAL,HS1306571,233,38.83333333333333,0.24959000250091457,126.30822803968859,35.11631915069137,0.018727487897827966,-4.687910161989166
2025-01-02 15:10:00,800004,NORMAL,HS1306571,234,39.0,0.2115776978711621,130.86523886341917,32.4540929679706,-0.021068103090165047,-2.182406909265694
2025-01-02 15:20:00,800004,NORMAL,HS1306571,235,39.166666666666664,0.22296288515536583,127.63530780141687,31.348488141500578,-0.012367529212942874,-7.709128554208661
2025-01-02 15:30:00,800004,NORMAL,HS1306571,236,39.33333333333333,0.2413814921614483,126.73822129234306,33.484440977340235,0.0025593793744239646,-11.463511958452315
2025-01-02 15:40:00,800004,NORMAL,HS1306571,237,39.5,0.2611762613935469,138.0518827700461,33.020277064440194,0.018381243468382796,-3.3900610077539852
2025-01-02 15:50:00,800004,NORMAL,HS1306571,238,39.666666666666664,0.2417358120972212,155.43209228989667,32.67528934685387,-0.005271868419712861,10.541849321360417
2025-01-02 16:00:00,800004,NORMAL,HS1306571,239,39.83333333333333,0.2611554935618436,151.44798331021485,32.13030511940315,0.009799102452756614,2.9779985774943896
2025-01-02 16:10:00,800004,NORMAL,HS1306571,240,40.0,0.26460540406810956,153.38301505988287,31.025724580749507,0.008278176568000006,1.1811122024429892
2025-01-02 16:20:00,800004,NORMAL,HS1306571,241,40.166666666666664,0.2779628637162308,146.71946120362938,34.51846542089944,0.017223758727033578,-8.578586278862446
2025-01-02 16:30:00,800004,NORMAL,HS1306571,242,40.33333333333333,0.277888648091575,157.48192886210737,35.09042408835684,0.014227462823652337,0.21645869238133741
2025-01-02 16:40:00,800004,NORMAL,HS1306571,243,40.5,0.26889966123635217,162.90893833939424,37.7699642187038,0.003344836565815079,4.501739242263028
2025-01-02 16:50:00,800004,NORMAL,HS1306571,244,40.666666666666664,0.2794314934869157,169.3212903541844,38.38334604675544,0.012512617779044943,10.217789808676116
2025-01-02 17:00:00,800004,NORMAL,HS1306571,245,40.83333333333333,0.2729907288944079,172.0293456586925,39.53068962823581,0.004993624145376907,12.470040629020644
2025-01-02 17:10:00,800004,NORMAL,HS1306571,246,41.0,0.2704509386008053,172.44768373424577,40.282541594050784,0.00268758993517737,13.172076018995597
2025-01-02 17:20:00,800004,NORMAL,HS1306571,247,41.166666666666664,0.2782226026564482,166.52815789459837,41.41899508502059,0.012498032760991207,8.75942328295261
2025-01-02 17:30:00,800004,NORMAL,HS1306571,248,41.33333333333333,0.2756963834277492,159.29487481257513,39.40770119537368,0.012672606793741825,3.641048400583202
2025-01-02 17:40:00,800004,NORMAL,HS1306571,249,41.5,0.24951577204145511,170.07613941606598,38.90210132725944,-0.01055301107822551,16.776949007537013
2025-01-02 17:50:00,800004,NORMAL,HS1306571,250,41.666666666666664,0.25561860908151857,160.26592903639792,39.51588491618846,-0.0012678485723203736,9.496678014146141
2025-01-02 18:00:00,800004,NORMAL,HS1306571,251,41.83333333333333,0.259791632222824,146.01247249089704,39.84451064526738,0.006270564984536375,-2.097427052426326
2025-01-02 18:10:00,800004,NORMAL,HS1306571,252,42.0,0.2356553931287245,161.28006934561827,37.16233245950055,-0.014126087141173055,16.241577605267338
2025-01-02 18:20:00,800004,NORMAL,HS1306571,253,42.166666666666664,0.2594363548286132,156.3575552215843,34.701845047018594,0.013225729727513402,14.539475388936324
2025-01-02 18:30:00,800004,NORMAL,HS1306571,254,42.33333333333333,0.2674224410746717,155.28862422226283,32.683914892375284,0.024479689483435513,16.45472867856381
2025-01-02 18:40:00,800004,NORMAL,HS1306571,255,42.5,0.2740759102138903,141.139224662733,34.09046355487751,0.034398676070519635,5.2514049421775155
2025-01-02 18:50:00,800004,NORMAL,HS1306571,256,42.666666666666664,0.25469758215624694,130.03425574811206,34.668815910848906,0.01835889959967399,-2.8677939618924313
2025-01-02 19:00:00,800004,NORMAL,HS1306571,257,42.83333333333333,0.22542756373875333,120.94938739387658,31.587301793764624,-0.007506784400457656,-8.925470231045267
2025-01-02 19:10:00,800004,NORMAL,HS1306571,258,43.0,0.23182924122512769,126.43916589841355,31.772317173669965,0.0015906118498072441,-1.0275767410990113
2025-01-02 19:20:00,800004,NORMAL,HS1306571,259,43.166666666666664,0.22381679109977756,126.57017217851354,30.657056721816154,-0.0039241193457492385,1.032334697853429
2025-01-02 19:30:00,800004,NORMAL,HS1306571,260,43.33333333333333,0.2385065802678544,126.08358117726607,31.79823966337612,0.013350761587405752,2.524008892485554
2025-01-02 19:40:00,800004,NORMAL,HS1306571,261,43.5,0.22228036333607287,124.94883617861825,30.413450971216555,-0.000524195524892801,3.223019001371327
2025-01-02 19:50:00,800004,NORMAL,HS1306571,262,43.666666666666664,0.21997489465967887,126.85144253147682,29.784178189898178,-0.0007059934919932398,6.785644783963704
2025-01-02 20:00:00,800004,NORMAL,HS1306571,263,43.83333333333333,0.20133462934181076,121.09455399032794,29.360344521971108,-0.01739538999048587,2.5589152987359824
2025-01-02 20:10:00,800004,NORMAL,HS1306571,264,44.0,0.20985103499083352,114.73580426424348,29.9382413235821,-0.0068499731449278844,-2.299547280345223
2025-01-02 20:20:00,800004,NORMAL,HS1306571,265,44.166666666666664,0.209134561679228,108.57770233655664,30.6353811524259,-0.005626679764174164,-7.077706951112447
2025-01-02 20:30:00,800004,NORMAL,HS1306571,266,44.33333333333333,0.23050040316976392,114.42539394869533,29.60025880396183,0.017624858200151333,0.023920558014779658
2025-01-02 20:40:00,800004,NORMAL,HS1306571,267,44.5,0.21522414579843183,120.2983707541271,27.849439360282418,0.004485139576999808,7.266627414873383
2025-01-02 20:50:00,800004,NORMAL,HS1306571,268,44.666666666666664,0.19438214595408368,113.97901230781599,29.331554402666576,-0.014009922628075044,2.4479610475293043
2025-01-02 21:00:00,800004,NORMAL,HS1306571,269,44.83333333333333,0.19469944017559088,107.43604984768983,28.18493729187979,-0.011232246218356556,-2.518548530431474
2025-01-02 21:10:00,800004,NORMAL,HS1306571,270,45.0,0.20017422765578793,107.54008790030507,27.18010377648636,-0.0031019666622226494,-0.6048678285316669
2025-01-02 21:20:00,800004,NORMAL,HS1306571,271,45.166666666666664,0.18519646818826935,110.66757295868672,26.23690314069752,-0.015517786468878941,4.440387351551934
2025-01-02 21:30:00,800004,NORMAL,HS1306571,272,45.33333333333333,0.2036189133287719,110.17387214465862,26.36854323973474,0.005688987550088481,6.047541208102814
2025-01-02 21:40:00,800004,NORMAL,HS1306571,273,45.5,0.18397196620318743,102.68227627398214,27.454107984577035,-0.011141908999380251,0.7029716124597201
2025-01-02 21:50:00,800004,NORMAL,HS1306571,274,45.666666666666664,0.19754777038835153,103.20965663511355,27.153487727253367,0.005180268475950434,3.328983488602617
2025-01-02 22:00:00,800004,NORMAL,HS1306571,275,45.83333333333333,0.1844830094022943,93.01328970389984,27.935444635140804,-0.00515450903905057,-4.790983566039415
2025-01-02 22:10:00,800004,NORMAL,HS1306571,276,46.0,0.2095787795925425,88.7028702352587,28.275305530530108,0.02278750703879512,-7.025555482196438
2025-01-02 22:20:00,800004,NORMAL,HS1306571,277,46.166666666666664,0.20567730118807595,85.1388974362165,25.804592602764366,0.022672650285073204,-8.066541617847875
2025-01-02 22:30:00,800004,NORMAL,HS1306571,278,46.33333333333333,0.1996998204418871,93.70479032924419,26.08976523685842,0.02129170363962249,3.544169089215046
2025-01-02 22:40:00,800004,NORMAL,HS1306571,279,46.5,0.17136002829412442,87.28823174895706,26.24699452979348,-0.001901233090213339,0.5202803558200344
2025-01-02 22:50:00,800004,NORMAL,HS1306571,280,46.666666666666664,0.1764852228371373,81.30997874416542,27.677399677954064,0.00884889018617216,-1.786043714201412
2025-01-02 23:00:00,800004,NORMAL,HS1306571,281,46.83333333333333,0.1541284812334304,68.13368023834784,26.146922704537655,-0.0075917296935626155,-11.197127178697741
2025-01-02 23:10:00,800004,NORMAL,HS1306571,282,47.0,0.15861793975479468,74.53170102822554,24.201595258580184,0.0034126771319839266,-0.6653352773372347
2025-01-02 23:20:00,800004,NORMAL,HS1306571,283,47.166666666666664,0.15240705184344439,67.4193778678012,23.44442857421661,0.003551633725277531,-3.4516007546504426
2025-01-02 23:30:00,800004,NORMAL,HS1306571,284,47.33333333333333,0.15438812438953364,68.94927540509487,23.813663771028185,0.011254775742790796,2.075905706437794
2025-01-02 23:40:00,800004,NORMAL,HS1306571,285,47.5,0.13544316636100479,62.968020536716686,24.78722667817072,-0.0026587381753759576,-0.32400103046281714
2025-01-02 23:50:00,800004,NORMAL,HS1306571,286,47.666666666666664,0.13999738838272674,60.18034515369035,22.340745949897748,0.006297740537144686,0.08746791256834285
2025-01-01 00:10:00,800005,NORMAL,HS1306571,0,0.0,0.023031112025890595,4.170707472708217,19.389423362079903,-0.0025563661728899463,-0.3129830658701209
2025-01-01 00:20:00,800005,NORMAL,HS1306571,1,0.16666666666666666,0.049471246213489015,14.488037360599359,18.378063346287643,-0.008989623790255863,-2.4973432276287024
2025-01-01 00:30:00,800005,NORMAL,HS1306571,2,0.3333333333333333,0.08958154975879463,35.534180637964674,16.810333704177875,-0.017149159062318273,-4.376253476766834
2025-01-01 00:40:00,800005,NORMAL,HS1306571,3,0.5,0.12170427801279372,54.471655553294106,17.908276519023953,-0.01630232029001956,-5.821246625756878
2025-01-01 00:50:00,800005,NORMAL,HS1306571,4,0.6666666666666666,0.13110783231888817,61.55290698847406,18.3030799444639,-0.016692481306842394,-7.677043378324065
2025-01-01 01:00:00,800005,NORMAL,HS1306571,5,0.8333333333333333,0.1280002954325067,63.46624046021707,18.210766193755838,-0.020914383287308325,-7.7047775585453095
2025-01-01 01:10:00,800005,NORMAL,HS1306571,6,1.0,0.12905009370919066,70.27994460758343,16.338713380618206,-0.01852199866561735,-0.1751843786710907
2025-01-01 01:20:00,800005,NORMAL,HS1306571,7,1.1666666666666665,0.13417567808695963,67.27444901014462,17.47544452512084,-0.009167515215391497,-0.27198594569424017
2025-01-01 01:30:00,800005,NORMAL,HS1306571,8,1.3333333333333333,0.12472156738843114,56.348864958553534,17.41886114472857,-0.013359903737180809,-7.220914064503319
2025-01-01 01:40:00,800005,NORMAL,HS1306571,9,1.5,0.1216464569586057,57.02482870143454,18.243402015957933,-0.012076737994758072,-2.813368413486728
2025-01-01 01:50:00,800005,NORMAL,HS1306571,10,1.6666666666666665,0.11636862500157766,52.93993344760477,17.77997601887726,-0.014021659768166717,-3.769762019920833
2025-01-01 02:00:00,800005,NORMAL,HS1306571,11,1.8333333333333333,0.10922662701208462,50.67954846694133,17.208961799104234,-0.018415091763669192,-3.3564087912121607
2025-01-01 02:10:00,800005,NORMAL,HS1306571,12,2.0,0.10407655976817101,50.987527287026,17.12673254354712,-0.02327043816323396,-2.065062136844304
2025-01-01 02:20:00,800005,NORMAL,HS1306571,13,2.1666666666666665,0.10533957206312547,53.60996509556078,17.050810486862794,-0.024971850521208733,-1.1609975692274546
2025-01-01 02:30:00,800005,NORMAL,HS1306571,14,2.333333333333333,0.11423691404495237,54.0296364040318,17.060345102951878,-0.02088590824808062,-4.114169761996465
2025-01-01 02:40:00,800005,NORMAL,HS1306571,15,2.5,0.12603449834307323,62.261501329038886,16.069921107222715,-0.014075982255815578,0.24233629601626916
2025-01-01 02:50:00,800005,NORMAL,HS1306571,16,2.6666666666666665,0.13835885941272585,66.27810988227058,15.830316774706986,-0.006095208132879559,0.597650426709933
2025-01-01 03:00:00,800005,NORMAL,HS1306571,17,2.833333333333333,0.13395252383835285,70.3734612895975,16.428282385751928,-0.014256016930261628,1.3694993972316354
2025-01-01 03:10:00,800005,NORMAL,HS1306571,18,3.0,0.12998379602008042,64.22308640868289,16.38196129459151,-0.018626148102371315,-6.227776982435174
2025-01-01 03:20:00,800005,NORMAL,HS1306571,19,3.1666666666666665,0.12841736638385579,68.4155382608008,16.982401577016503,-0.017389532312075018,-0.9646815524661463
2025-01-01 03:30:00,800005,NORMAL,HS1306571,20,3.333333333333333,0.12577172910962567,64.9649877867438,16.919241266305505,-0.01668570553288226,-2.628556075167367
2025-01-01 03:40:00,800005,NORMAL,HS1306571,21,3.5,0.1258140382113514,64.26760449096406,17.085870369658405,-0.01347052969687429,-1.5410729157660086
2025-01-01 03:50:00,800005,NORMAL,HS1306571,22,3.6666666666666665,0.12897437715180776,62.3179292940138,17.84343339941361,-0.0074569747969071565,-1.8912117537533888
2025-01-01 04:00:00,800005,NORMAL,HS1306571,23,3.833333333333333,0.1259601238183236,55.63366071141533,17.11183514798831,-0.0077637941914033,-7.085199795970915
2025-01-01 04:10:00,800005,NORMAL,HS1306571,24,4.0,0.11872305995541799,56.92896880878587,18.09361484149956,-0.01445507521550432,-5.307707008267592
2025-01-01 04:20:00,800005,NORMAL,HS1306571,25,4.166666666666666,0.1098375085847637,66.11655059340569,17.58719980247208,-0.02555348912427828,2.516748649488143
2025-01-01 04:30:00,800005,NORMAL,HS1306571,26,4.333333333333333,0.13323076665017106,68.45067066668517,17.862023478814045,-0.005229877664041843,2.675886235571639
2025-01-01 04:40:00,800005,NORMAL,HS1306571,27,4.5,0.13090591440281268,72.13244613969569,17.083727139330815,-0.010757380487112389,3.9970517313396527
2025-01-01 04:50:00,800005,NORMAL,HS1306571,28,4.666666666666666,0.13614357597547921,74.3965531709405,18.62825170069177,-0.008795310936969197,3.8471051801576266
2025-01-01 05:00:00,800005,NORMAL,HS1306571,29,4.833333333333333,0.13708141154400852,65.23446040631232,19.410255530081717,-0.011232047262316552,-7.782677105962506
2025-01-01 05:10:00,800005,NORMAL,HS1306571,30,5.0,0.14557373511491747,78.5871981814699,17.734343107874405,-0.0067806309714143476,3.0832590885147226
2025-01-01 05:20:00,800005,NORMAL,HS1306571,31,5.166666666666666,0.13759941765015904,81.95812239847972,17.20415241012934,-0.01976861038368677,4.028470332909777
2025-01-01 05:30:00,800005,NORMAL,HS1306571,32,5.333333333333333,0.15858930338571794,79.07949881189191,17.537274579954133,-0.004126579558307336,-1.410521835110373
2025-01-01 05:40:00,800005,NORMAL,HS1306571,33,5.5,0.16675730937909744,80.05301444884951,18.493100087644887,-0.0014526103616835928,-3.159701437116766
2025-01-01 05:50:00,800005,NORMAL,HS1306571,34,5.666666666666666,0.15621590410590047,84.75019241621294,17.802281866951095,-0.017466002882320697,-1.2553770479524502
2025-01-01 06:00:00,800005,NORMAL,HS1306571,35,5.833333333333333,0.16512441832117544,82.17508397699346,18.089417730775587,-0.01407767778774155,-6.798382640343675
2025-01-01 06:10:00,800005,NORMAL,HS1306571,36,6.0,0.18488620034105624,85.37126718567787,19.90986461576221,0.0015994477451181932,-6.262433098247385
2025-01-01 06:20:00,800005,NORMAL,HS1306571,37,6.166666666666666,0.16407623444128816,90.26166967971868,20.453307269278845,-0.021534031790957087,-3.429712709872689
2025-01-01 06:30:00,800005,NORMAL,HS1306571,38,6.333333333333333,0.16867331219898332,96.65469366925856,21.441848732017956,-0.019152176425350664,0.950198717894466
2025-01-01 06:40:00,800005,NORMAL,HS1306571,39,6.5,0.16274785827941077,89.70775460574808,22.312413972788967,-0.027102356273985773,-7.917550643648056
2025-01-01 06:50:00,800005,NORMAL,HS1306571,40,6.666666666666666,0.18168493737334504,99.22853681993857,23.107759372413142,-0.009783852745993665,-0.07682941280013722
2025-01-01 07:00:00,800005,NORMAL,HS1306571,41,6.833333333333333,0.19279786914044506,86.66350211279855,24.39894514607586,8.201546640590474e-05,-14.07243115293818
2025-01-01 07:10:00,800005,NORMAL,HS1306571,42,7.0,0.17881953225396763,92.16902107721106,25.636784935207476,-0.015542973026455437,-9.967135697672987
2025-01-01 07:20:00,800005,NORMAL,HS1306571,43,7.166666666666666,0.1736505891179094,92.75082418105029,26.097443157638796,-0.022236039414038622,-10.544235239872549
2025-01-01 07:30:00,800005,NORMAL,HS1306571,44,7.333333333333333,0.16967971609233182,93.90518559324525,27.198035379052527,-0.02740484443813862,-10.248347225673655
2025-01-01 07:40:00,800005,NORMAL,HS1306571,45,7.5,0.17452717959371497,92.18158580515872,27.946741715887892,-0.024363504705623373,-13.152093902867179
2025-01-01 07:50:00,800005,NORMAL,HS1306571,46,7.666666666666666,0.19425125023462703,91.99668838095796,29.208360376507613,-0.007047700239419946,-14.92191555627376
2025-01-01 08:00:00,800005,NORMAL,HS1306571,47,7.833333333333333,0.20723898619124745,92.96843957456105,29.39231611870511,0.0032797181165063194,-15.731035304220342
2025-01-01 08:10:00,800005,NORMAL,HS1306571,48,8.0,0.2053236921571559,100.20108564355374,30.983482268855745,-0.0005584159690309731,-9.939189952054534
2025-01-01 08:20:00,800005,NORMAL,HS1306571,49,8.166666666666666,0.19630452834682316,106.04846007092439,29.491467875338785,-0.010733090839539605,-4.969049859156328
2025-01-01 08:30:00,800005,NORMAL,HS1306571,50,8.333333333333332,0.21142858397816125,105.54776361330381,30.023447134056607,0.0027501613682265336,-6.587793972279044
2025-01-01 08:40:00,800005,NORMAL,HS1306571,51,8.5,0.19265497831735673,110.63415991906311,30.381725743949172,-0.018158280690895895,-2.970913526344617
2025-01-01 08:50:00,800005,NORMAL,HS1306571,52,8.666666666666666,0.20312844655509008,115.03986028574342,29.473902198253732,-0.010034886995239134,-0.22312378487954732
2025-01-01 09:00:00,800005,NORMAL,HS1306571,53,8.833333333333332,0.19475653592698633,111.00574879594629,32.509147319558046,-0.02082261984135414,-5.9877046193046795
2025-01-01 09:10:00,800005,NORMAL,HS1306571,54,9.0,0.20516725556490786,116.5897800839693,32.38529103092271,-0.012675790878748788,-2.0535202873726206
2025-01-01 09:20:00,800005,NORMAL,HS1306571,55,9.166666666666666,0.20171457170525325,121.06604206315664,33.28971508140431,-0.017495770487685303,1.2358273701354676
2025-01-01 09:30:00,800005,NORMAL,HS1306571,56,9.333333333333332,0.1997928971465906,115.03130872770618,33.1657833249353,-0.018875248111618254,-4.72519963173464
2025-01-01 09:40:00,800005,NORMAL,HS1306571,57,9.5,0.22355245204433166,111.59058044470106,31.78017618477255,0.006811497724697191,-6.9966257711898265
2025-01-01 09:50:00,800005,NORMAL,HS1306571,58,9.666666666666666,0.2184883093822403,100.19512670178239,33.76269528090201,0.004431256942910189,-16.585471382119167
2025-01-01 10:00:00,800005,NORMAL,HS1306571,59,9.833333333333332,0.2031140207026165,103.38250001913181,33.10031794136651,-0.00781786978276991,-11.230373041765063
2025-01-01 10:10:00,800005,NORMAL,HS1306571,60,10.0,0.20044782778538228,109.48209934610132,33.26921731040806,-0.008143640786781037,-3.2510360907927804
2025-01-01 10:20:00,800005,NORMAL,HS1306571,61,10.166666666666666,0.18684902066545228,102.4743712149262,34.04940524369007,-0.02162163387060448,-9.694744741474295
2025-01-01 10:30:00,800005,NORMAL,HS1306571,62,10.333333333333332,0.205831806807901,94.43437496534247,32.50290381488897,-0.004313222231858926,-18.50704879378091
2025-01-01 10:40:00,800005,NORMAL,HS1306571,63,10.5,0.194702020431734,104.80183864232409,30.683855926092935,-0.01792174633936358,-9.620133457488521
2025-01-01 10:50:00,800005,NORMAL,HS1306571,64,10.666666666666666,0.2276966838909923,107.22251571397507,33.88114205166259,0.012298552422809056,-8.967620273648123
2025-01-01 11:00:00,800005,NORMAL,HS1306571,65,10.833333333333332,0.21778477620257888,116.87262628327278,35.00661775749256,-0.0006210498059624203,-1.2825485078535337
2025-01-01 11:10:00,800005,NORMAL,HS1306571,66,11.0,0.21257241261762846,117.07861173657932,32.70424491197517,-0.009277358438030042,-3.513751863483961
2025-01-01 11:20:00,800005,NORMAL,HS1306571,67,11.166666666666666,0.22126701891050254,124.62346866269732,33.26969670793603,-0.002211337621485482,2.515863191978596
2025-01-01 11:30:00,800005,NORMAL,HS1306571,68,11.333333333333332,0.2040457645064718,120.54321555929859,34.57959569673545,-0.01926730238028701,-1.7372169113040314
2025-01-01 11:40:00,800005,NORMAL,HS1306571,69,11.5,0.2221335950576109,123.40505084688418,32.268196271436395,-0.00028526837249331916,1.5698865542872937
2025-01-01 11:50:00,800005,NORMAL,HS1306571,70,11.666666666666666,0.21409953760994,127.21454951778024,33.24616450638266,-0.0070590834947396874,6.105500859095088
2025-01-01 12:00:00,800005,NORMAL,HS1306571,71,11.833333333333332,0.2348588214637201,119.1786486897348,33.11735581080301,0.015127048398650256,-1.0829714436153637
2025-01-01 12:10:00,800005,NORMAL,HS1306571,72,12.0,0.20586282972600164,114.34619412378132,34.34188753744226,-0.011002275563070957,-4.311944609873663
2025-01-01 12:20:00,800005,NORMAL,HS1306571,73,12.166666666666666,0.19708196125523947,95.2809278427573,33.00861416618553,-0.01676687373006583,-21.700094154445864
2025-01-01 12:30:00,800005,NORMAL,HS1306571,74,12.333333333333332,0.17167403437253292,97.68837412833439,31.05698737480777,-0.03995940299835424,-18.154483207172007
2025-01-01 12:40:00,800005,NORMAL,HS1306571,75,12.5,0.1859218594653679,105.38164511124228,31.95251149600172,-0.024066182168569816,-9.709733344279485
2025-01-01 12:50:00,800005,NORMAL,HS1306571,76,12.666666666666666,0.21077252112677652,95.60370600655443,31.84052653286486,0.0021208398645525817,-18.929721264799056
2025-01-01 13:00:00,800005,NORMAL,HS1306571,77,12.833333333333332,0.19915026419635193,99.67552761423778,33.806004226968426,-0.008345522240347597,-14.400364364430558
2025-01-01 13:10:00,800005,NORMAL,HS1306571,78,13.0,0.19665578032712402,91.89666605176954,32.83744951058631,-0.01032974898903205,-21.690344143071883
2025-01-01 13:20:00,800005,NORMAL,HS1306571,79,13.166666666666666,0.19584726744548792,104.67778530317601,30.84433595433304,-0.012227460564215087,-8.902833501207766
2025-01-01 13:30:00,800005,NORMAL,HS1306571,80,13.333333333333332,0.18588066308451603,109.25677599934554,34.318712264901535,-0.024776829273742723,-5.322517680621203
2025-01-01 13:40:00,800005,NORMAL,HS1306571,81,13.5,0.20107247575533357,114.78583014241195,33.805662047513984,-0.012843352716762707,-1.4767450714498267
2025-01-01 13:50:00,800005,NORMAL,HS1306571,82,13.666666666666666,0.19778838346315905,119.40771152157559,34.916772344112424,-0.019694160338899286,1.163328756050916
2025-01-01 14:00:00,800005,NORMAL,HS1306571,83,13.833333333333332,0.18979210023575405,108.84074427772633,36.63278931103052,-0.0315927423062998,-11.645927909561237
2025-01-01 14:10:00,800005,NORMAL,HS1306571,84,14.0,0.19351300093967327,104.82514687693987,37.022363830613735,-0.032384556949146104,-18.843838366113346
2025-01-01 14:20:00,800005,NORMAL,HS1306571,85,14.166666666666666,0.21761938788861104,110.1827076527528,39.26504897693025,-0.01236789818111303,-17.170282246696104
2025-01-01 14:30:00,800005,NORMAL,HS1306571,86,14.333333333333332,0.21608091377538716,111.89308899683714,35.78381892021886,-0.01719447004135216,-18.733097091443895
2025-01-01 14:40:00,800005,NORMAL,HS1306571,87,14.5,0.20680981672818471,124.24010888318405,34.12616538267635,-0.02927605878456796,-9.320323571356042
2025-01-01 14:50:00,800005,NORMAL,HS1306571,88,14.666666666666666,0.21270022982863354,128.95602292499464,34.19910627404473,-0.02586612080919004,-7.281161320347991
2025-01-01 15:00:00,800005,NORMAL,HS1306571,89,14.833333333333332,0.211076533323578,121.84634526148712,33.65965042315758,-0.029778825599111075,-16.927644602868966
2025-01-01 15:10:00,800005,NORMAL,HS1306571,90,15.0,0.2215463086392858,141.54158489985494,32.28489662110001,-0.021394947105200568,0.641111157212606
2025-01-01 15:20:00,800005,NORMAL,HS1306571,91,15.166666666666666,0.21944911638152634,139.137010320178,33.28391577720332,-0.025566088093019496,-3.5480295636617996
2025-01-01 15:30:00,800005,NORMAL,HS1306571,92,15.333333333333332,0.23001781389215756,128.90029504556097,32.670267202092106,-0.016998246485904284,-15.450016671202349
2025-01-01 15:40:00,800005,NORMAL,HS1306571,93,15.5,0.2127093535209192,132.88372743558148,33.06534350149039,-0.036245207294707316,-13.07057591920966
2025-01-01 15:50:00,800005,NORMAL,HS1306571,94,15.666666666666666,0.2174508730282574,135.8532330749494,31.99883586072314,-0.03342858008368052,-11.697633172518039
2025-01-01 16:00:00,800005,NORMAL,HS1306571,95,15.833333333333332,0.23903319034722922,132.5270786852066,35.40384599895482,-0.01375026667173726,-16.60696461547596
2025-01-01 16:10:00,800005,NORMAL,HS1306571,96,16.0,0.2300808450498126,135.82457836947967,34.139019327840565,-0.02484212660117721,-14.877519859935887
2025-01-01 16:20:00,800005,NORMAL,HS1306571,97,16.166666666666664,0.238650926993473,126.3183415809363,31.368891343373885,-0.01826220443567711,-25.703044970447223
2025-01-01 16:30:00,800005,NORMAL,HS1306571,98,16.333333333333332,0.2379542223957744,129.98952946437313,32.45719551254746,-0.020094786843404544,-22.67217832815487
2025-01-01 16:40:00,800005,NORMAL,HS1306571,99,16.5,0.2245137454258952,149.4446767928359,31.16939571909372,-0.03421551307845405,-3.4438618063385036
2025-01-01 16:50:00,800005,NORMAL,HS1306571,100,16.666666666666664,0.24481689637469103,144.34883632574062,30.87813893068061,-0.014409082995247152,-8.586376203246658
2025-01-01 17:00:00,800005,NORMAL,HS1306571,101,16.833333333333332,0.24567667979352378,152.7560073469457,31.031366098638163,-0.01399884905444651,-0.1670583455569954
2025-01-01 17:10:00,800005,NORMAL,HS1306571,102,17.0,0.23573130448147434,139.88576603543126,31.508666628397368,-0.023188749386017615,-12.208171233567242
2025-01-01 17:20:00,800005,NORMAL,HS1306571,103,17.166666666666664,0.2339396598125738,142.4563717153617,32.49642541718651,-0.02206465737033303,-7.129699081962116
2025-01-01 17:30:00,800005,NORMAL,HS1306571,104,17.333333333333332,0.23039487752847326,136.2446301743763,30.2755321448043,-0.021638179762475673,-9.955053318961802
2025-01-01 17:40:00,800005,NORMAL,HS1306571,105,17.5,0.23667133305715793,150.58855607170824,31.506976964267054,-0.010899344308110126,8.172811529108742
2025-01-01 17:50:00,800005,NORMAL,HS1306571,106,17.666666666666664,0.20307942582819033,144.26031175883134,31.635020885111572,-0.0396874876787959,5.877858624036179
2025-01-01 18:00:00,800005,NORMAL,HS1306571,107,17.833333333333332,0.2169734539119213,129.94145060273198,33.958374927671926,-0.02067466705927659,-4.204989387400786
2025-01-01 18:10:00,800005,NORMAL,HS1306571,108,18.0,0.21917045838987942,128.90636195867873,33.05524912684883,-0.013799261650483008,-1.5219576952028149
2025-01-01 18:20:00,800005,NORMAL,HS1306571,109,18.166666666666664,0.20233957362695315,115.91246824135247,33.276998109500695,-0.02725801632758354,-12.053782000855733
2025-01-01 18:30:00,800005,NORMAL,HS1306571,110,18.333333333333332,0.20721701326896477,103.82364954781627,31.37458654262712,-0.020157448040062448,-22.642657651144972
2025-01-01 18:40:00,800005,NORMAL,HS1306571,111,18.5,0.207188158180763,112.5486744618893,33.060562518835034,-0.018411341978136625,-12.828755036270593
2025-01-01 18:50:00,800005,NORMAL,HS1306571,112,18.666666666666664,0.2138527595807359,116.09590714506626,34.531093966439265,-0.010137089025933438,-8.34968193588088
2025-01-01 19:00:00,800005,NORMAL,HS1306571,113,18.833333333333332,0.22805577694860998,104.32590328418927,32.23638734633863,0.0056018629264571185,-19.255061555882037
2025-01-01 19:10:00,800005,NORMAL,HS1306571,114,19.0,0.21745042884553983,117.59985626556671,28.97225289123273,-0.0035670606897139356,-5.140086865684907
2025-01-01 19:20:00,800005,NORMAL,HS1306571,115,19.166666666666664,0.2260116989526616,116.20220779536754,27.986394991177313,0.006858998043558662,-5.460957482090137
2025-01-01 19:30:00,800005,NORMAL,HS1306571,116,19.333333333333332,0.20270808337569,115.00515076037584,29.444046324489655,-0.013725411946445137,-4.97292233751341
2025-01-01 19:40:00,800005,NORMAL,HS1306571,117,19.5,0.21329406639634768,117.99032589688811,29.93855101901863,-9.964265326825594e-05,-0.02756083489747141
2025-01-01 19:50:00,800005,NORMAL,HS1306571,118,19.666666666666664,0.19738077756345157,114.06136660514994,27.815803021395443,-0.012869315573245,-1.9141837158099833
2025-01-01 20:00:00,800005,NORMAL,HS1306571,119,19.833333333333332,0.1950054871491668,111.79067785279909,28.529221827075972,-0.012102272602023734,-2.1525394356410175
2025-01-01 20:10:00,800005,NORMAL,HS1306571,120,20.0,0.19664331868807117,110.09321215128826,28.29552877865776,-0.006280743626253055,-1.0742694310245327
2025-01-01 20:20:00,800005,NORMAL,HS1306571,121,20.166666666666664,0.18915215225882143,105.8358343944716,26.897518753314326,-0.0093440869018806,-2.052317865448998
2025-01-01 20:30:00,800005,NORMAL,HS1306571,122,20.333333333333332,0.18674451093921546,107.91626558496354,27.971993687062984,-0.008490465107458461,2.582376747461012
2025-01-01 20:40:00,800005,NORMAL,HS1306571,123,20.5,0.18225554580468004,100.8363937585114,26.37798229286002,-0.010264683388307883,-2.401938689414166
2025-01-01 20:50:00,800005,NORMAL,HS1306571,124,20.666666666666664,0.18045315361389844,97.24576136338904,26.786325594864742,-0.00942194821062975,-4.00515640241575
2025-01-01 21:00:00,800005,NORMAL,HS1306571,125,20.833333333333332,0.1764403614732337,95.46461932386538,27.48523777154427,-0.010690290634354643,-3.790069931050354
2025-01-01 21:10:00,800005,NORMAL,HS1306571,126,21.0,0.16952729207268533,95.48441800141215,27.164109265193197,-0.015643743456774217,-2.2901878191430995
2025-01-01 21:20:00,800005,NORMAL,HS1306571,127,21.166666666666664,0.17671114943276917,99.41856964201165,26.46439457001165,-0.006581619135211547,2.9485174051532823
2025-01-01 21:30:00,800005,NORMAL,HS1306571,128,21.333333333333332,0.1728583494754054,91.5671874367086,26.394912265783955,-0.006897257148387043,-2.519652041394366
2025-01-01 21:40:00,800005,NORMAL,HS1306571,129,21.5,0.18510487684131524,83.01948005710511,25.014677335544125,0.01003074121370398,-7.814069786802847
2025-01-01 21:50:00,800005,NORMAL,HS1306571,130,21.666666666666664,0.1824292181239391,83.36938955778464,26.81623332253889,0.012497502899222968,-3.835635878143293
2025-01-01 22:00:00,800005,NORMAL,HS1306571,131,21.833333333333332,0.1802079535035658,86.78189336260128,27.352792159080003,0.015642689681678007,3.3752962954504113
2025-01-01 22:10:00,800005,NORMAL,HS1306571,132,22.0,0.16246861091692427,82.59289847593513,25.745905447864995,0.003335520189126584,2.954477597233904
2025-01-01 22:20:00,800005,NORMAL,HS1306571,133,22.166666666666664,0.15183515053809454,74.37799564058166,24.539998900787605,-0.002150009738199843,-1.8093454500915698
2025-01-01 22:30:00,800005,NORMAL,HS1306571,134,22.333333333333332,0.15542693659318027,67.35057779794607,26.029364781291797,0.005160285786530161,-6.274253978341392
2025-01-01 22:40:00,800005,NORMAL,HS1306571,135,22.5,0.140061567976037,66.51362191431704,23.915640171046185,-0.007732730345257149,-5.352313358741924
2025-01-01 22:50:00,800005,NORMAL,HS1306571,136,22.666666666666664,0.14016729380053924,68.22591023429246,23.91629042571657,-0.005898538968525463,-2.3894295278963966
2025-01-01 23:00:00,800005,NORMAL,HS1306571,137,22.833333333333332,0.13589513803146946,65.4840444538439,22.900637456851456,-0.008891909047665209,-4.1923846985192625
2025-01-01 23:10:00,800005,NORMAL,HS1306571,138,23.0,0.14093613582949022,61.55111301767463,22.099371092735403,-0.002630564706223165,-7.271031371516436
2025-01-01 23:20:00,800005,NORMAL,HS1306571,139,23.166666666666664,0.13646670348252113,67.79219882510138,24.341560005740682,-0.006092618230464225,-0.38788633156019614
2025-01-01 23:30:00,800005,NORMAL,HS1306571,140,23.333333333333332,0.13612154301796753,65.91759988522371,22.261630634080074,-0.006391727508738926,-2.1810318275770157
2025-01-01 23:40:00,800005,NORMAL,HS1306571,141,23.5,0.13217566555632893,69.17495919335772,23.45743220394763,-0.011199575549460106,0.5917854151236952
2025-01-01 23:50:00,800005,NORMAL,HS1306571,142,23.666666666666664,0.1397317109257835,65.47858546481463,23.446956408952243,-0.005093031383265473,-3.978133379727808
2025-01-02 00:00:00,800005,NORMAL,HS1306571,143,23.833333333333332,0.14410961537866948,62.084530275769524,22.07912826058299,-0.0024579653023280856,-8.451816314194573
2025-01-02 00:10:00,800005,NORMAL,HS1306571,144,24.0,0.1508915788298582,63.66656411345602,22.296170169362142,0.002385328256605812,-8.160878723154113
2025-01-02 00:20:00,800005,NORMAL,HS1306571,145,24.166666666666664,0.13029176996446243,66.63001734513787,21.813993778729216,-0.01920230553386515,-6.071813931637934
2025-01-02 00:30:00,800005,NORMAL,HS1306571,146,24.333333333333332,0.14211265625530337,63.70751837973028,22.37453805882761,-0.0068320315932940134,-8.979240090925977
2025-01-02 00:40:00,800005,NORMAL,HS1306571,147,24.5,0.13990924181179293,64.21784005607338,22.722278419585432,-0.0074629986105103074,-7.7951743073533635
2025-01-02 00:50:00,800005,NORMAL,HS1306571,148,24.666666666666664,0.14620028734605786,64.47143082716333,21.66492881542007,0.000932534751559938,-6.515074224405964
2025-01-02 01:00:00,800005,NORMAL,HS1306571,149,24.833333333333332,0.1450301705176677,69.47646954006619,21.935734341925087,0.0021275915849969518,-0.3198307616050329
2025-01-02 01:10:00,800005,NORMAL,HS1306571,150,25.0,0.13360492795281048,62.406931164920906,21.92964876729729,-0.0058909019831077936,-5.441510876435331
2025-01-02 01:20:00,800005,NORMAL,HS1306571,151,25.166666666666664,0.12483642275844481,58.147222836476665,20.486016610882047,-0.0106715539497019,-7.013750315311505
2025-01-02 01:30:00,800005,NORMAL,HS1306571,152,25.333333333333332,0.12406457322450962,60.22743532402225,18.72390654501444,-0.007391327655900393,-2.1064471813552856
2025-01-02 01:40:00,800005,NORMAL,HS1306571,153,25.5,0.10563178301108078,55.78247733353201,18.47232436441475,-0.021537985068435572,-3.58892065171721
2025-01-02 01:50:00,800005,NORMAL,HS1306571,154,25.666666666666664,0.10221249174556413,54.617376752878336,19.282858751698086,-0.020423484425633714,-1.656117301545855
2025-01-02 02:00:00,800005,NORMAL,HS1306571,155,25.833333333333332,0.11100052316436369,48.98455859416482,17.487711429459793,-0.007056222108435942,-4.160109265707355
2025-01-02 02:10:00,800005,NORMAL,HS1306571,156,26.0,0.12228993874447215,42.81997032110147,18.191297521312286,0.007528414992805807,-7.806125404989096
2025-01-02 02:20:00,800005,NORMAL,HS1306571,157,26.166666666666664,0.11081449059211819,49.26639415206728,16.591928644251727,-0.0025689462144774383,0.07287595875123998
2025-01-02 02:30:00,800005,NORMAL,HS1306571,158,26.333333333333332,0.10263011278441128,43.81621537069228,16.24239182591262,-0.011038520569144547,-4.871487758084946
2025-01-02 02:40:00,800005,NORMAL,HS1306571,159,26.5,0.11460392572671142,43.4353276675174,16.391627851845314,-0.0007392607629325976,-5.5332331077339845
2025-01-02 02:50:00,800005,NORMAL,HS1306571,160,26.666666666666664,0.11072114263347899,47.99661420618914,16.909880521155905,-0.007198502050189681,-1.8073558886461925
2025-01-02 03:00:00,800005,NORMAL,HS1306571,161,26.833333333333332,0.11071596117857933,50.066448070522256,17.137742390974207,-0.010270915894150204,-0.9085445489301947
2025-01-02 03:10:00,800005,NORMAL,HS1306571,162,27.0,0.13077474909606945,52.22464273344543,17.841333495530836,0.006375983076842395,-0.17611826127591002
2025-01-02 03:20:00,800005,NORMAL,HS1306571,163,27.166666666666664,0.13109704598142513,50.53800681187597,17.236595155392312,0.0028923888185087843,-3.5201639890690046
2025-01-02 03:30:00,800005,NORMAL,HS1306571,164,27.333333333333332,0.13622615685277717,49.44023118996796,16.683804533432657,0.005035853670353085,-5.936721012255255
2025-01-02 03:40:00,800005,NORMAL,HS1306571,165,27.5,0.12494365905351926,55.93474238426538,17.228067991108965,-0.008117540761536812,-0.15202437151785375
2025-01-02 03:50:00,800005,NORMAL,HS1306571,166,27.666666666666664,0.13056975158223574,52.14712340722418,17.978895363993878,-0.0037338185251729883,-4.219296598190041
2025-01-02 04:00:00,800005,NORMAL,HS1306571,167,27.833333333333332,0.11886888743045505,51.99689533980024,18.649810722973637,-0.016465287293926642,-4.455455442465549
2025-01-02 04:10:00,800005,NORMAL,HS1306571,168,28.0,0.11884657426376684,53.05002951084198,17.66045315578486,-0.017275695206186756,-3.8211067549288273
2025-01-02 04:20:00,800005,NORMAL,HS1306571,169,28.166666666666664,0.11916562094411277,57.529534730291246,17.650990214197453,-0.01699957161556724,0.0255486197750443
2025-01-02 04:30:00,800005,NORMAL,HS1306571,170,28.333333333333332,0.13162629370706538,54.22480913776569,16.92622964048942,-0.00566884040177737,-4.557977590442
2025-01-02 04:40:00,800005,NORMAL,HS1306571,171,28.5,0.1402517185179194,57.043381530358644,18.602295117228685,0.00016639353967703996,-3.950433891737738
2025-01-02 04:50:00,800005,NORMAL,HS1306571,172,28.666666666666664,0.14053604491278174,64.4244445712116,19.544267247102006,-0.0034214015118697594,0.5246291267030401
2025-01-02 05:00:00,800005,NORMAL,HS1306571,173,28.833333333333332,0.12338539394468463,71.21356466729281,18.84484005685318,-0.024814554842351413,4.1114353567551944
2025-01-02 05:10:00,800005,NORMAL,HS1306571,174,29.0,0.14873599696791226,71.49688355625187,18.661132734359892,-0.0042939127203903416,0.995926136399504
2025-01-02 05:20:00,800005,NORMAL,HS1306571,175,29.166666666666664,0.1427627790966687,75.73590684206812,19.54496600152579,-0.01651530186891917,1.0779672034935714
2025-01-02 05:30:00,800005,NORMAL,HS1306571,176,29.333333333333332,0.13542088962035354,76.30299087477229,19.596945513201852,-0.0307817441429194,-3.0525990639137888
2025-01-02 05:40:00,800005,NORMAL,HS1306571,177,29.5,0.15678655983110268,82.78237678463398,20.443079851229015,-0.016344248015086993,-1.3895182640967647
2025-01-02 05:50:00,800005,NORMAL,HS1306571,178,29.666666666666664,0.16698774691308463,87.67119028697124,21.457396748647202,-0.012948219336859024,-1.321511613165896
2025-01-02 06:00:00,800005,NORMAL,HS1306571,179,29.833333333333332,0.1627873892948224,85.70734929245168,22.110818552153145,-0.023679067992009223,-7.973184555109782
2025-01-02 06:10:00,800005,NORMAL,HS1306571,180,30.0,0.157261636288864,98.25894403290445,22.83934868703987,-0.034537718029309716,0.35967321720944767
2025-01-02 06:20:00,800005,NORMAL,HS1306571,181,30.166666666666664,0.18525279313609255,89.68988139815092,23.333108192323564,-0.009486845041424302,-11.160197648867737
2025-01-02 06:30:00,800005,NORMAL,HS1306571,182,30.333333333333332,0.1713242578010771,95.07861179990294,23.774764358013183,-0.02478374937752409,-7.59672668033248
2025-01-02 06:40:00,800005,NORMAL,HS1306571,183,30.5,0.19291077178768273,97.2713648936252,24.687970816898485,-0.004157143304944461,-6.818834691362227
2025-01-02 06:50:00,800005,NORMAL,HS1306571,184,30.666666666666664,0.1933069524618173,89.55015096428643,27.089155781836517,-0.004824038389924484,-15.947940611519584
2025-01-02 07:00:00,800005,NORMAL,HS1306571,185,30.833333333333332,0.1762700428381703,90.56479142030088,27.09678081732503,-0.023095372624803573,-16.433063211162562
2025-01-02 07:10:00,800005,NORMAL,HS1306571,186,31.0,0.1850844231620977,95.93739326319715,29.779504120228637,-0.016502246417220867,-12.990907436130186
2025-01-02 07:20:00,800005,NORMAL,HS1306571,187,31.166666666666664,0.17538510603222635,93.03105425414432,31.25427097646989,-0.02958603036751392,-18.449522090627482
2025-01-02 07:30:00,800005,NORMAL,HS1306571,188,31.333333333333332,0.1806487031357341,107.73057778155061,30.34403460336454,-0.028355141861514943,-6.771905100964361
2025-01-02 07:40:00,800005,NORMAL,HS1306571,189,31.5,0.1869540777483989,103.50436522098789,31.642219270318975,-0.02622089570407976,-14.177090501581603
2025-01-02 07:50:00,800005,NORMAL,HS1306571,190,31.666666666666664,0.21765211965289333,113.09445497053653,30.440223800872545,0.00035860674294535544,-7.764441168436889
2025-01-02 08:00:00,800005,NORMAL,HS1306571,191,31.833333333333332,0.22576118901290188,119.71001555593368,28.847090743905746,0.004484252530121774,-4.252226238067834
2025-01-02 08:10:00,800005,NORMAL,HS1306571,192,32.0,0.21357853197596663,109.31554604511284,29.227914303104587,-0.010389586663102163,-16.850782608499557
2025-01-02 08:20:00,800005,NORMAL,HS1306571,193,32.166666666666664,0.21691218570055962,105.8609965806737,28.465807828736775,-0.008080091901522646,-21.181525390857757
2025-01-02 08:30:00,800005,NORMAL,HS1306571,194,32.33333333333333,0.21195892559665003,119.67468172728628,31.794518956830494,-0.012694956886065645,-7.2116362856668985
2025-01-02 08:40:00,800005,NORMAL,HS1306571,195,32.5,0.20672720161352665,114.34650412930196,30.129709694818725,-0.016894014122242312,-11.832948774609406
2025-01-02 08:50:00,800005,NORMAL,HS1306571,196,32.666666666666664,0.233644952488219,106.78160048221709,31.210748098376577,0.011365303475418725,-18.447238694123655
2025-01-02 09:00:00,800005,NORMAL,HS1306571,197,32.83333333333333,0.2279497474421857,115.96448483836062,32.03074445063264,0.007219778176212055,-8.16627375516066
2025-01-02 09:10:00,800005,NORMAL,HS1306571,198,33.0,0.21202805729680244,115.8174634475202,30.700283480551025,-0.008210416631705242,-7.676543942003391
2025-01-02 09:20:00,800005,NORMAL,HS1306571,199,33.166666666666664,0.2228333361806902,124.75519066836057,30.5247520047529,0.0008758324778161963,0.5881226199587815
2025-01-02 09:30:00,800005,NORMAL,HS1306571,200,33.33333333333333,0.2353759811605704,126.85906907346124,33.84047384926229,0.010325161642114111,1.006180030885858
2025-01-02 09:40:00,800005,NORMAL,HS1306571,201,33.5,0.23087734564229928,111.03890080257942,33.470469785892334,0.0022563377904952497,-16.913289351885624
2025-01-02 09:50:00,800005,NORMAL,HS1306571,202,33.666666666666664,0.2052930155761208,123.90202584143131,34.116860992363456,-0.027075257430676708,-6.325333961188562
2025-01-02 10:00:00,800005,NORMAL,HS1306571,203,33.83333333333333,0.2149923205028788,133.87908656934067,33.84867584619639,-0.021105589554459736,1.3496234319183031
2025-01-02 10:10:00,800005,NORMAL,HS1306571,204,34.0,0.22665780379819,135.15812092190004,34.50443689626285,-0.012222506773530012,0.8418973725112551
2025-01-02 10:20:00,800005,NORMAL,HS1306571,205,34.166666666666664,0.23938693132825087,124.57284972466057,35.62142255528717,0.00027478231388311514,-9.795172135313678
2025-01-02 10:30:00,800005,NORMAL,HS1306571,206,34.33333333333333,0.23377889376421065,118.33899547812346,34.97935376244821,-0.0036427198384681725,-14.582417043282831
2025-01-02 10:40:00,800005,NORMAL,HS1306571,207,34.5,0.24655907874050773,127.79179487557528,34.865563465069265,0.011561422096485835,-3.038719282998329
2025-01-02 10:50:00,800005,NORMAL,HS1306571,208,34.666666666666664,0.2219239137822055,123.48266833881105,36.440943087601845,-0.010440531830288202,-5.05458961647561
2025-01-02 11:00:00,800005,NORMAL,HS1306571,209,34.83333333333333,0.20340460666280888,98.76544181340138,35.40429324089464,-0.02624218400951006,-27.398716924055407
2025-01-02 11:10:00,800005,NORMAL,HS1306571,210,35.0,0.2131809223483078,104.56135823153657,32.779160430698944,-0.01356611533576893,-19.30122971354423
2025-01-02 11:20:00,800005,NORMAL,HS1306571,211,35.166666666666664,0.21825750638023061,105.07669605147221,32.15955514663757,-0.005680342592962129,-16.879402258493897
2025-01-02 11:30:00,800005,NORMAL,HS1306571,212,35.33333333333333,0.2154822446908428,102.89739448091098,32.1358911847389,-0.0059661063351481025,-17.504907163279427
2025-01-02 11:40:00,800005,NORMAL,HS1306571,213,35.5,0.2190319195433805,101.19422780985363,31.026632086288792,8.300036942637812e-05,-17.705698138042777
2025-01-02 11:50:00,800005,NORMAL,HS1306571,214,35.666666666666664,0.1993526816583437,101.89034549871079,32.834913072395736,-0.017015443890489285,-15.438338444924781
2025-01-02 12:00:00,800005,NORMAL,HS1306571,215,35.83333333333333,0.20305561015733456,110.874795677755,32.067161492149744,-0.010678705130352267,-4.8254095121654785
2025-01-02 12:10:00,800005,NORMAL,HS1306571,216,36.0,0.21303087362270764,110.29895189707752,31.38125062682759,0.00200864114981833,-3.5434054743873418
2025-01-02 12:20:00,800005,NORMAL,HS1306571,217,36.166666666666664,0.21406654079921958,99.60131412014879,34.31437324733242,0.0050529144240326895,-12.537871091404327
2025-01-02 12:30:00,800005,NORMAL,HS1306571,218,36.33333333333333,0.20373085396950374,102.57322886605479,32.739770361978906,-0.004152799507770644,-8.532114283413264
2025-01-02 12:40:00,800005,NORMAL,HS1306571,219,36.5,0.19889825224323832,105.85540275644014,34.46033885046174,-0.0084845250115749,-4.727174593955738
2025-01-02 12:50:00,800005,NORMAL,HS1306571,220,36.666666666666664,0.18369722433259206,101.82361977907568,35.288743703638225,-0.02361413683943417,-8.58026606169463
2025-01-02 13:00:00,800005,NORMAL,HS1306571,221,36.83333333333333,0.18999156986589102,97.9245138294556,35.958451904782486,-0.017526876045938805,-12.522615686722702
2025-01-02 13:10:00,800005,NORMAL,HS1306571,222,37.0,0.20937262331651993,95.91059994351593,34.47778541733857,0.0009060729060133832,-15.057649221829266
2025-01-02 13:20:00,800005,NORMAL,HS1306571,223,37.166666666666664,0.20529794850847188,102.99911040966731,34.19094471915493,-0.0047399831737150455,-8.915896376702818
2025-01-02 13:30:00,800005,NORMAL,HS1306571,224,37.33333333333333,0.19258675550246848,106.26777164276048,34.211335170635614,-0.019186148335310182,-6.689206318296613
2025-01-02 13:40:00,800005,NORMAL,HS1306571,225,37.5,0.20703304203769196,112.73627097566143,34.10044313104162,-0.006607976674694205,-1.33504625701336
2025-01-02 13:50:00,800005,NORMAL,HS1306571,226,37.666666666666664,0.21964665827262994,119.5609499066706,33.563961115473674,0.004002470154456539,4.287562392367448
2025-01-02 14:00:00,800005,NORMAL,HS1306571,227,37.83333333333333,0.23410068558559205,117.34290105863857,34.801882434074386,0.016331263288595382,0.7791612840154727
2025-01-02 14:10:00,800005,NORMAL,HS1306571,228,38.0,0.2184832346721209,116.25129320093895,32.39843126406141,-0.0016016125180207952,-2.1394168551799027
2025-01-02 14:20:00,800005,NORMAL,HS1306571,229,38.166666666666664,0.20943866356852553,118.96030482067857,31.126652626123974,-0.012748508565783134,-1.7711976428539629
2025-01-02 14:30:00,800005,NORMAL,HS1306571,230,38.33333333333333,0.19177803852660283,111.05663093809362,30.08229338162952,-0.03262802335762863,-12.229606563000928
2025-01-02 14:40:00,800005,NORMAL,HS1306571,231,38.5,0.20927485513763416,111.63534412548151,31.14121149945707,-0.01738295932517714,-14.283198377846375
2025-01-02 14:50:00,800005,NORMAL,HS1306571,232,38.666666666666664,0.20920368124960495,123.7544426069678,29.572917451187717,-0.019607145633122713,-4.742484247633811
2025-01-02 15:00:00,800005,NORMAL,HS1306571,233,38.83333333333333,0.21580040527669886,126.48386851119749,29.289060706072586,-0.01506210932638774,-4.512269690480267
2025-01-02 15:10:00,800005,NORMAL,HS1306571,234,39.0,0.2116450626413999,130.56692636085432,30.960234661401493,-0.021000738319927242,-2.4807194118305347
2025-01-02 15:20:00,800005,NORMAL,HS1306571,235,39.166666666666664,0.24139380109944558,119.8246621428746,30.701000836864175,0.006063386731136877,-15.519774212750931
2025-01-02 15:30:00,800005,NORMAL,HS1306571,236,39.33333333333333,0.22566726493852424,139.77462780933476,31.890947900982646,-0.0131548478485001,1.5728945585393888
2025-01-02 15:40:00,800005,NORMAL,HS1306571,237,39.5,0.21619333621439826,144.1664597505736,31.55449261455129,-0.026601681710765823,2.7245159727735313
2025-01-02 15:50:00,800005,NORMAL,HS1306571,238,39.666666666666664,0.21892621191120284,142.47104664230662,31.23813492619367,-0.028081468605731214,-2.4191963262296383
2025-01-02 16:00:00,800005,NORMAL,HS1306571,239,39.83333333333333,0.23704088731287806,139.7756865761921,31.56300183643399,-0.014315503796208912,-8.694298156528362
2025-01-02 16:10:00,800005,NORMAL,HS1306571,240,40.0,0.2738419879774158,125.92953637656161,34.991129240658644,0.017514760477306268,-26.27236648087826
2025-01-02 16:20:00,800005,NORMAL,HS1306571,241,40.166666666666664,0.27085565823107643,142.63383387440967,32.95134721247133,0.010116553241879211,-12.66421360808215
2025-01-02 16:30:00,800005,NORMAL,HS1306571,242,40.33333333333333,0.2871359536014833,152.22163205889785,34.88289057455213,0.02347476833356066,-5.043838110828176
2025-01-02 16:40:00,800005,NORMAL,HS1306571,243,40.5,0.2817211548594195,141.9222232997861,36.617943273018405,0.016166330188882416,-16.4849757973451
2025-01-02 16:50:00,800005,NORMAL,HS1306571,244,40.666666666666664,0.2620258926703346,145.19791793115257,39.876474160597674,-0.004892983037536158,-13.905582614355723
2025-01-02 17:00:00,800005,NORMAL,HS1306571,245,40.83333333333333,0.2459579053125123,166.7517354221136,39.15552188213471,-0.02203919943651869,7.192430392441736
2025-01-02 17:10:00,800005,NORMAL,HS1306571,246,41.0,0.2622114284276745,157.00955046785086,38.89482603689688,-0.005551920237953478,-2.266057247399317
2025-01-02 17:20:00,800005,NORMAL,HS1306571,247,41.166666666666664,0.23751058119034343,155.67575151517855,39.28321678267157,-0.028213988705113574,-2.092983096467208
2025-01-02 17:30:00,800005,NORMAL,HS1306571,248,41.33333333333333,0.23878126705755315,142.1275188276303,37.875310099983416,-0.02424250957645424,-13.526307584361632
2025-01-02 17:40:00,800005,NORMAL,HS1306571,249,41.5,0.25664007993074417,137.48770228304505,39.69590521830558,-0.003428703188936455,-15.811488125483919
2025-01-02 17:50:00,800005,NORMAL,HS1306571,250,41.666666666666664,0.2517529747209,135.64589782024643,37.412999174251475,-0.005133482932938915,-15.123353202005347
2025-01-02 18:00:00,800005,NORMAL,HS1306571,251,41.83333333333333,0.24698222097110287,133.44400368952202,38.62009272745461,-0.006538846267184734,-14.665895853801345
2025-01-02 18:10:00,800005,NORMAL,HS1306571,252,42.0,0.22875737710609656,135.08595529490836,37.5391852379637,-0.02102410316380099,-9.952536445442576
2025-01-02 18:20:00,800005,NORMAL,HS1306571,253,42.166666666666664,0.20241459372841314,136.15714555395445,36.62356914198251,-0.04379603137268667,-5.6609342786935315
2025-01-02 18:30:00,800005,NORMAL,HS1306571,254,42.33333333333333,0.22932421688218407,129.11215586463163,35.99252797026393,-0.013618534709052138,-9.721739679067383
2025-01-02 18:40:00,800005,NORMAL,HS1306571,255,42.5,0.2322494069952328,125.5752276557801,33.342007296898885,-0.007427827148137833,-10.312592064775387
2025-01-02 18:50:00,800005,NORMAL,HS1306571,256,42.666666666666664,0.23808128635847775,113.39052615866161,33.420459230305944,0.0017426038019048018,-19.511523551342876
2025-01-02 19:00:00,800005,NORMAL,HS1306571,257,42.83333333333333,0.24289048682832579,126.44487250160111,31.959223530094263,0.009956138689114796,-3.4299851233207335
2025-01-02 19:10:00,800005,NORMAL,HS1306571,258,43.0,0.24474516424429318,116.65128660577038,30.169475040934312,0.014506534868972742,-10.81545603374218
2025-01-02 19:20:00,800005,NORMAL,HS1306571,259,43.166666666666664,0.22810750112585731,122.43348543637867,29.92266990943014,0.0003665906803305141,-3.104352044281441
2025-01-02 19:30:00,800005,NORMAL,HS1306571,260,43.33333333333333,0.21632055613912746,117.89330061464976,27.553957528295623,-0.008835262541321193,-5.6662716701307545
2025-01-02 19:40:00,800005,NORMAL,HS1306571,261,43.5,0.18508281303434543,115.88612947679144,29.108449616933434,-0.037721745826620245,-5.839687700455485
2025-01-02 19:50:00,800005,NORMAL,HS1306571,262,43.666666666666664,0.20420220846454423,114.62164215064512,28.289285101581807,-0.01647867968712788,-5.444155596868001
2025-01-02 20:00:00,800005,NORMAL,HS1306571,263,43.83333333333333,0.20191160920161408,119.13338918701763,28.770870166622355,-0.016818410130682554,0.5977504954256716
2025-01-02 20:10:00,800005,NORMAL,HS1306571,264,44.0,0.18670375937216208,106.82311093143285,29.369664558898155,-0.029997248763599327,-10.212240613155856
2025-01-02 20:20:00,800005,NORMAL,HS1306571,265,44.166666666666664,0.19478487570149863,105.4402459309492,28.232817236911654,-0.019976365741903535,-10.215163356719884
2025-01-02 20:30:00,800005,NORMAL,HS1306571,266,44.33333333333333,0.20456250478477256,112.76986358417578,28.624231937578845,-0.008313040184840026,-1.6316098065047697
2025-01-02 20:40:00,800005,NORMAL,HS1306571,267,44.5,0.20272875354062664,118.58242855599754,27.169837491719353,-0.00801025268080538,5.550685216743815
2025-01-02 20:50:00,800005,NORMAL,HS1306571,268,44.666666666666664,0.20476804090642656,109.92716405132332,27.740431693750352,-0.0036240276757321666,-1.6038872089633713
2025-01-02 21:00:00,800005,NORMAL,HS1306571,269,44.83333333333333,0.18992550016953919,112.10192629833155,27.13460963900798,-0.016006186224408248,2.1473279202102447
2025-01-02 21:10:00,800005,NORMAL,HS1306571,270,45.0,0.19046643313754047,106.03251106241609,26.788071065072685,-0.012809761180470114,-2.112444666420643
2025-01-02 21:20:00,800005,NORMAL,HS1306571,271,45.166666666666664,0.20451383891776703,99.61960035357123,26.38447749956011,0.0037995842606187435,-6.607585253563556
2025-01-02 21:30:00,800005,NORMAL,HS1306571,272,45.33333333333333,0.2026057403431065,97.96326976389379,24.950750623942156,0.004675814564423064,-6.163061172662012
2025-01-02 21:40:00,800005,NORMAL,HS1306571,273,45.5,0.18257613553357943,95.4831783339694,25.912107895479526,-0.012537739668988246,-6.496126327553014
2025-01-02 21:50:00,800005,NORMAL,HS1306571,274,45.666666666666664,0.1865021745365259,98.74686915665906,26.94269142602653,-0.005865327375875196,-1.1338039898518701
2025-01-02 22:00:00,800005,NORMAL,HS1306571,275,45.83333333333333,0.17695358015227478,96.1856587456484,27.6045509425165,-0.012683938289070107,-1.6186145242908623
2025-01-02 22:10:00,800005,NORMAL,HS1306571,276,46.0,0.17422890009655592,86.9285478504704,27.833900059972233,-0.012562372457191467,-8.799877866984744
2025-01-02 22:20:00,800005,NORMAL,HS1306571,277,46.166666666666664,0.16923515988544688,82.08744609269282,28.008980437514367,-0.013769491017555868,-11.117992961371556
2025-01-02 22:30:00,800005,NORMAL,HS1306571,278,46.33333333333333,0.17024522907045392,89.02191536917475,26.174763426237195,-0.008162887731810703,-1.1387058708543947
2025-01-02 22:40:00,800005,NORMAL,HS1306571,279,46.5,0.15143474405753085,94.001772238562,26.885333547147535,-0.021826517326806905,7.233820845424972
2025-01-02 22:50:00,800005,NORMAL,HS1306571,280,46.666666666666664,0.14693494595083612,87.0003411100228,24.509018446679903,-0.020701386700129026,3.90431865165597
2025-01-02 23:00:00,800005,NORMAL,HS1306571,281,46.83333333333333,0.14564460765366363,80.9275504662757,24.548107706281225,-0.01607560327332938,1.5967430492301276
2025-01-02 23:10:00,800005,NORMAL,HS1306571,282,47.0,0.13546493749689748,71.48488650580336,23.52881309807926,-0.019740325125913283,-3.712149799759416
2025-01-02 23:20:00,800005,NORMAL,HS1306571,283,47.166666666666664,0.12670500205954405,64.10823730095397,23.08883803119207,-0.022150416058622807,-6.762741321497671
2025-01-02 23:30:00,800005,NORMAL,HS1306571,284,47.33333333333333,0.12576287258092622,60.756426489466534,21.4090334858952,-0.017370476065816626,-6.116943209190538
2025-01-02 23:40:00,800005,NORMAL,HS1306571,285,47.5,0.13370936236441217,61.80289193153093,21.029497876645248,-0.0043925421719685775,-1.489129635648574
2025-01-02 23:50:00,800005,NORMAL,HS1306571,286,47.666666666666664,0.12347961800403039,54.89227585774957,21.65186209666186,-0.010220029841551667,-5.200601383372437
2025-01-01 00:10:00,800006,NORMAL,HS1306571,0,0.0,0.021597273911521588,4.241038800126102,19.65824271392616,-0.003990204287258953,-0.24265173845223575
2025-01-01 00:20:00,800006,NORMAL,HS1306571,1,0.16666666666666666,0.0455161894698463,15.134209533418634,18.370190866569963,-0.012944680533898578,-1.8511710548094271
2025-01-01 00:30:00,800006,NORMAL,HS1306571,2,0.3333333333333333,0.09527976513141631,33.71618706890032,17.689103596952783,-0.011450943689696597,-6.19424704583119
2025-01-01 00:40:00,800006,NORMAL,HS1306571,3,0.5,0.12351039153979103,51.902417491463744,17.99649144962722,-0.014496206763022254,-8.39048468758724
2025-01-01 00:50:00,800006,NORMAL,HS1306571,4,0.6666666666666666,0.13858948706725222,60.28682027353027,17.790809537142398,-0.009210826558478352,-8.943130093267854
2025-01-01 01:00:00,800006,NORMAL,HS1306571,5,0.8333333333333333,0.1336980880543558,63.88722028703375,17.56910296721251,-0.015216590665459245,-7.283797731728633
2025-01-01 01:10:00,800006,NORMAL,HS1306571,6,1.0,0.1340004636642803,69.09380492640531,17.26487668263097,-0.013571628710527694,-1.3613240598492098
2025-01-01 01:20:00,800006,NORMAL,HS1306571,7,1.1666666666666665,0.11694593188221021,62.44220939346528,17.34695596959752,-0.026397261420140913,-5.104225562373578
2025-01-01 01:30:00,800006,NORMAL,HS1306571,8,1.3333333333333333,0.13114648292760284,56.56332163139639,16.607917648788014,-0.006934988198009112,-7.0064573916604616
2025-01-01 01:40:00,800006,NORMAL,HS1306571,9,1.5,0.13140249732137158,51.44608807469928,16.72997881702954,-0.0023206976319921913,-8.392109040221982
2025-01-01 01:50:00,800006,NORMAL,HS1306571,10,1.6666666666666665,0.13509806187877924,51.644199333432084,15.574326860024737,0.004707777109034861,-5.065496134093522
2025-01-01 02:00:00,800006,NORMAL,HS1306571,11,1.8333333333333333,0.1435926883367902,51.07697512640095,15.962569874360762,0.015950969561036393,-2.958982131752535
2025-01-01 02:10:00,800006,NORMAL,HS1306571,12,2.0,0.12455396969037681,48.12216147364026,14.972791030849477,-0.0027930282410281587,-4.93042795023004
2025-01-01 02:20:00,800006,NORMAL,HS1306571,13,2.1666666666666665,0.11886779275433931,55.06971308532166,16.324351116880987,-0.011443629829994889,0.29875042053342327
2025-01-01 02:30:00,800006,NORMAL,HS1306571,14,2.333333333333333,0.11891049110395253,56.546083323868395,18.235680461190658,-0.016212331189080456,-1.5977228421598682
2025-01-01 02:40:00,800006,NORMAL,HS1306571,15,2.5,0.1275948431699561,51.543953512934195,16.821193239342247,-0.012515637428932719,-10.475211520088422
2025-01-01 02:50:00,800006,NORMAL,HS1306571,16,2.6666666666666665,0.12537005130881543,57.749034386746054,17.048944131401036,-0.019084016236789986,-7.9314250688145975
2025-01-01 03:00:00,800006,NORMAL,HS1306571,17,2.833333333333333,0.12188021595992905,66.09749584252654,17.24745391877169,-0.026328324808685424,-2.9064660498393238
2025-01-01 03:10:00,800006,NORMAL,HS1306571,18,3.0,0.13698299776769085,65.67873863337446,17.99679680450116,-0.011626946354760886,-4.7721247577435975
2025-01-01 03:20:00,800006,NORMAL,HS1306571,19,3.1666666666666665,0.12672627321424126,65.40711303514747,17.514221762718353,-0.01908062548168954,-3.9731067781194724
2025-01-01 03:30:00,800006,NORMAL,HS1306571,20,3.333333333333333,0.1343879791119741,57.40115528599945,17.140798906968218,-0.008069455530533842,-10.192388575911721
2025-01-01 03:40:00,800006,NORMAL,HS1306571,21,3.5,0.12296966262098284,60.18242761321856,17.472290255056784,-0.016314905287242845,-5.626249793511512
2025-01-01 03:50:00,800006,NORMAL,HS1306571,22,3.6666666666666665,0.12107558579947651,60.29535782311888,17.08919992653895,-0.015355766149238406,-3.913783224648313
2025-01-01 04:00:00,800006,NORMAL,HS1306571,23,3.833333333333333,0.12205758295504782,53.78098280824027,17.22602272842116,-0.011666335054679094,-8.937877699145979
2025-01-01 04:10:00,800006,NORMAL,HS1306571,24,4.0,0.1271654384757283,57.612899411279066,18.045139460216998,-0.0060126966951939975,-4.623776405774393
2025-01-01 04:20:00,800006,NORMAL,HS1306571,25,4.166666666666666,0.12360566047279953,52.301306311520136,17.726178040856073,-0.011785337236242449,-11.298495632397412
2025-01-01 04:30:00,800006,NORMAL,HS1306571,26,4.333333333333333,0.13429180867269144,63.877866736459936,16.447740565717528,-0.004168835641521457,-1.8969176946535953
2025-01-01 04:40:00,800006,NORMAL,HS1306571,27,4.5,0.13403821443453856,64.21336090444525,17.11245130844762,-0.007625080455386513,-3.9220335039107823
2025-01-01 04:50:00,800006,NORMAL,HS1306571,28,4.666666666666666,0.12549606545932226,68.96842397252058,17.24112203159137,-0.019442821453126147,-1.5810240182622977
2025-01-01 05:00:00,800006,NORMAL,HS1306571,29,4.833333333333333,0.14903395042541331,63.84360999616322,16.792835012339008,0.0007204916190882427,-9.173527516111612
2025-01-01 05:10:00,800006,NORMAL,HS1306571,30,5.0,0.14480011326959696,73.04157568564047,16.940739379998003,-0.007554252816734858,-2.4623634073147116
2025-01-01 05:20:00,800006,NORMAL,HS1306571,31,5.166666666666666,0.14880934170093058,78.69082317309963,16.557235908515405,-0.008558686332915233,0.761171107529691
2025-01-01 05:30:00,800006,NORMAL,HS1306571,32,5.333333333333333,0.14478888140545554,80.70311951496097,16.976893680522807,-0.017927001538569742,0.21309886795869204
2025-01-01 05:40:00,800006,NORMAL,HS1306571,33,5.5,0.15834382361127078,75.0570422650488,17.555690253717998,-0.009866096129510254,-8.155673620917469
2025-01-01 05:50:00,800006,NORMAL,HS1306571,34,5.666666666666666,0.16222869700413212,80.04742925922557,16.875916659944608,-0.011453209984089052,-5.9581402049398235
2025-01-01 06:00:00,800006,NORMAL,HS1306571,35,5.833333333333333,0.17470909158936243,82.267487489134,18.668998344261865,-0.004493004519554561,-6.70597912820314
2025-01-01 06:10:00,800006,NORMAL,HS1306571,36,6.0,0.17170324888605715,83.17506883241312,19.545182034752326,-0.011583503709880899,-8.458631451512133
2025-01-01 06:20:00,800006,NORMAL,HS1306571,37,6.166666666666666,0.1657618177080756,88.51706221234028,20.014518530807017,-0.019848448524169643,-5.17432017725109
2025-01-01 06:30:00,800006,NORMAL,HS1306571,38,6.333333333333333,0.1651128240181886,87.24784501429774,20.338958748943025,-0.022712664606145377,-8.45664993706636
2025-01-01 06:40:00,800006,NORMAL,HS1306571,39,6.5,0.18963420429605649,90.17940729931713,22.296491263525382,-0.00021601025734005463,-7.445897950079001
2025-01-01 06:50:00,800006,NORMAL,HS1306571,40,6.666666666666666,0.19426552002414801,99.64629231274347,23.54795233760122,0.0027967299048093086,0.3409260800047633
2025-01-01 07:00:00,800006,NORMAL,HS1306571,41,6.833333333333333,0.20003344818552615,92.07509022549118,23.003011004102643,0.007317594511487002,-8.660843040245553
2025-01-01 07:10:00,800006,NORMAL,HS1306571,42,7.0,0.18912847856239193,101.36436510530969,24.88500650379036,-0.005234026718031137,-0.7717916695743554
2025-01-01 07:20:00,800006,NORMAL,HS1306571,43,7.166666666666666,0.17423468033297984,94.08233866030989,24.80819394544713,-0.02165194819896818,-9.212720760612953
2025-01-01 07:30:00,800006,NORMAL,HS1306571,44,7.333333333333333,0.17985095519908387,92.10821418534113,28.351690000355585,-0.01723360533138657,-12.045318633577779
2025-01-01 07:40:00,800006,NORMAL,HS1306571,45,7.5,0.16518719082647862,88.5189567135007,28.10405052894952,-0.033703493472859725,-16.814722994525198
2025-01-01 07:50:00,800006,NORMAL,HS1306571,46,7.666666666666666,0.17403860974947813,99.34591743340951,27.512718456178206,-0.027260340724568843,-7.5726865038222115
2025-01-01 08:00:00,800006,NORMAL,HS1306571,47,7.833333333333333,0.18594225108342666,95.36599115158627,27.5143802994624,-0.018017016991314472,-13.333483727195116
2025-01-01 08:10:00,800006,NORMAL,HS1306571,48,8.0,0.16464866315571505,94.63500639739388,28.261396461724495,-0.04123344497047182,-15.505269198214393
2025-01-01 08:20:00,800006,NORMAL,HS1306571,49,8.166666666666666,0.17992857810722035,94.80136052827505,27.331021339158756,-0.027109041079142415,-16.216149401805666
2025-01-01 08:30:00,800006,NORMAL,HS1306571,50,8.333333333333332,0.18416628132646343,87.15967381922397,29.220068606045608,-0.02451214128347129,-24.97588376635889
2025-01-01 08:40:00,800006,NORMAL,HS1306571,51,8.5,0.17769979403372949,109.76642659865949,29.680859139941926,-0.03311346497452314,-3.838646846748233
2025-01-01 08:50:00,800006,NORMAL,HS1306571,52,8.666666666666666,0.17733493529748987,102.52181007845942,30.406131245998463,-0.035828398252839344,-12.741173992163539
2025-01-01 09:00:00,800006,NORMAL,HS1306571,53,8.833333333333332,0.18757775380223976,105.63765450470551,31.21158697772935,-0.02800140196610071,-11.35579891054546
2025-01-01 09:10:00,800006,NORMAL,HS1306571,54,9.0,0.1968955848849421,111.60751157686275,32.71074795040602,-0.020947461558714547,-7.035788794479174
2025-01-01 09:20:00,800006,NORMAL,HS1306571,55,9.166666666666666,0.19971691790989898,105.67355382615936,31.427809623738163,-0.019493424283039573,-14.156660866861813
2025-01-01 09:30:00,800006,NORMAL,HS1306571,56,9.333333333333332,0.22566945017820528,108.43090207204843,29.998070685921228,0.007001304919996426,-11.32560628739239
2025-01-01 09:40:00,800006,NORMAL,HS1306571,57,9.5,0.22402096406976876,102.97263814518006,29.52954478902794,0.007280009750134292,-15.614568070710831
2025-01-01 09:50:00,800006,NORMAL,HS1306571,58,9.666666666666666,0.1904268079818127,102.9390282254483,31.859251425436668,-0.023630244457517408,-13.841569858453255
2025-01-01 10:00:00,800006,NORMAL,HS1306571,59,9.833333333333332,0.20330322456217903,100.9255245904558,33.17731473241246,-0.007628665923207378,-13.68734847044108
2025-01-01 10:10:00,800006,NORMAL,HS1306571,60,10.0,0.18131088550600294,94.23863485682375,32.439852763142824,-0.02728058306616038,-18.49450058007035
2025-01-01 10:20:00,800006,NORMAL,HS1306571,61,10.166666666666666,0.1834817851681706,107.45890946485102,33.637261722109926,-0.024988869367886163,-4.710206491549471
2025-01-01 10:30:00,800006,NORMAL,HS1306571,62,10.333333333333332,0.1885418670970755,102.20098545487978,32.46960920623158,-0.02160316194268444,-10.740438304243597
2025-01-01 10:40:00,800006,NORMAL,HS1306571,63,10.5,0.17457363863061587,104.95065962985802,31.91040861123958,-0.038050128140481726,-9.471312469954583
2025-01-01 10:50:00,800006,NORMAL,HS1306571,64,10.666666666666666,0.1991868479613705,111.13609289248133,31.72343183503141,-0.016211283506812724,-5.054043095141864
2025-01-01 11:00:00,800006,NORMAL,HS1306571,65,10.833333333333332,0.20451815673045357,106.83129116443138,31.905643601535868,-0.013887669278087739,-11.323883626694936
2025-01-01 11:10:00,800006,NORMAL,HS1306571,66,11.0,0.20015032093822424,95.21745351649648,32.31853589938414,-0.021699450117434266,-25.374910083566803
2025-01-01 11:20:00,800006,NORMAL,HS1306571,67,11.166666666666666,0.22883111175762655,105.47229783232991,34.80311941411956,0.0053527552256385225,-16.63530763838881
2025-01-01 11:30:00,800006,NORMAL,HS1306571,68,11.333333333333332,0.21816330252697752,115.24411033298352,32.48169828350629,-0.005149764359781289,-7.036322137619095
2025-01-01 11:40:00,800006,NORMAL,HS1306571,69,11.5,0.20076894541731016,117.42944593717854,34.1727485464212,-0.02164991801279406,-4.405718355418344
2025-01-01 11:50:00,800006,NORMAL,HS1306571,70,11.666666666666666,0.21145919313979517,117.73720450185243,32.54928561357247,-0.009699427964884516,-3.371844156832722
2025-01-01 12:00:00,800006,NORMAL,HS1306571,71,11.833333333333332,0.2103882833249672,109.0293208242624,33.129641916767724,-0.009343489740102656,-11.232299309087765
2025-01-01 12:10:00,800006,NORMAL,HS1306571,72,12.0,0.19882027877776684,100.68919091586451,32.57004862828172,-0.01804482651130576,-17.968947817790465
2025-01-01 12:20:00,800006,NORMAL,HS1306571,73,12.166666666666666,0.1931575153723754,101.82384590112905,31.706259497157493,-0.020691319612929887,-15.15717609607411
2025-01-01 12:30:00,800006,NORMAL,HS1306571,74,12.333333333333332,0.19611555891488808,113.87285673311841,32.59501161931314,-0.015517878455999085,-1.9700006023879837
2025-01-01 12:40:00,800006,NORMAL,HS1306571,75,12.5,0.19597743737750467,112.46955556051378,32.42242153908085,-0.014010604256433051,-2.6218228950079805
2025-01-01 12:50:00,800006,NORMAL,HS1306571,76,12.666666666666666,0.21668685019291603,114.02512986406356,31.433958458805336,0.008035168930692088,-0.5082974072899304
2025-01-01 13:00:00,800006,NORMAL,HS1306571,77,12.833333333333332,0.21471224782215959,125.61852103327023,32.36023725665621,0.00721646138546006,11.542629054601889
2025-01-01 13:10:00,800006,NORMAL,HS1306571,78,13.0,0.19937902933593113,112.72617838745136,33.60359992376717,-0.0076064999802249456,-0.8608318073900705
2025-01-01 13:20:00,800006,NORMAL,HS1306571,79,13.166666666666666,0.20709758188066535,103.2225815558665,32.88695333030637,-0.0009771461290376537,-10.358037248517277
2025-01-01 13:30:00,800006,NORMAL,HS1306571,80,13.333333333333332,0.1928969727502461,105.55187693445552,34.55490468149345,-0.01776051960801267,-9.027416745511218
2025-01-01 13:40:00,800006,NORMAL,HS1306571,81,13.5,0.1946671326298481,109.630891402119,36.284762112135816,-0.01924869584224817,-6.631683811742775
2025-01-01 13:50:00,800006,NORMAL,HS1306571,82,13.666666666666666,0.20331549562400208,102.92477518454659,34.06125164163607,-0.014167048178056252,-15.319607580978087
2025-01-01 14:00:00,800006,NORMAL,HS1306571,83,13.833333333333332,0.21996843060586227,102.26758683057152,37.65226280824782,-0.001416411936191575,-18.21908535671605
2025-01-01 14:10:00,800006,NORMAL,HS1306571,84,14.0,0.23154111366163863,105.46078415641931,37.506022737721594,0.005643555772819248,-18.208201086633906
2025-01-01 14:20:00,800006,NORMAL,HS1306571,85,14.166666666666666,0.2203149352299343,115.46172741184763,37.80307475239006,-0.009672350839789762,-11.891262487601267
2025-01-01 14:30:00,800006,NORMAL,HS1306571,86,14.333333333333332,0.22205725844855048,114.71800254120042,35.51743746456216,-0.011218125368188836,-15.908183547080611
2025-01-01 14:40:00,800006,NORMAL,HS1306571,87,14.5,0.2518783917663702,113.19262126360498,33.94380605470733,0.01579251625361755,-20.367811190935114
2025-01-01 14:50:00,800006,NORMAL,HS1306571,88,14.666666666666666,0.24229446177439265,114.2173583516996,33.80105751671169,0.003728111136569068,-22.01982589364303
2025-01-01 15:00:00,800006,NORMAL,HS1306571,89,14.833333333333332,0.22860863101947435,122.88905165498595,34.71732572909366,-0.012246727903214738,-15.884938209370134
2025-01-01 15:10:00,800006,NORMAL,HS1306571,90,15.0,0.21769991619016665,125.01426533784704,34.09303527479656,-0.025241339554319703,-15.886208404795298
2025-01-01 15:20:00,800006,NORMAL,HS1306571,91,15.166666666666666,0.2216587812933342,144.36731881493677,34.04973799078715,-0.023356423181211644,1.6822789310969597
2025-01-01 15:30:00,800006,NORMAL,HS1306571,92,15.333333333333332,0.2480836766363334,145.3628932729239,30.150080561720475,0.0010676162582715643,1.0125815561605975
2025-01-01 15:40:00,800006,NORMAL,HS1306571,93,15.5,0.24138317209027862,118.85923667631991,29.57926321372485,-0.007571388725347877,-27.095066678471227
2025-01-01 15:50:00,800006,NORMAL,HS1306571,94,15.666666666666666,0.2549520907184361,128.25283867035563,29.501847234917967,0.004072637606498175,-19.29802757711181
2025-01-01 16:00:00,800006,NORMAL,HS1306571,95,15.833333333333332,0.25015098407113157,137.53112499049445,32.51158403732833,-0.0026324729478349185,-11.602918310188102
2025-01-01 16:10:00,800006,NORMAL,HS1306571,96,16.0,0.2268659426376448,138.30740771155882,31.107090914673286,-0.028057029013345003,-12.39469051785673
2025-01-01 16:20:00,800006,NORMAL,HS1306571,97,16.166666666666664,0.22906636982530898,148.95515547717577,30.12735805599984,-0.02784676160384114,-3.0662310742077636
2025-01-01 16:30:00,800006,NORMAL,HS1306571,98,16.333333333333332,0.24589131520561483,147.16871417061793,32.67137088480519,-0.01215769403356412,-5.492993621910074
2025-01-01 16:40:00,800006,NORMAL,HS1306571,99,16.5,0.23306661358951544,128.47009194967143,30.605522903613544,-0.025662644914833804,-24.418446649502982
2025-01-01 16:50:00,800006,NORMAL,HS1306571,100,16.666666666666664,0.24391962169729695,142.92631194977824,28.896583915607422,-0.015306357672641241,-10.00890057920904
2025-01-01 17:00:00,800006,NORMAL,HS1306571,101,16.833333333333332,0.24230858744697353,145.2522820575194,28.652736564024785,-0.01736694140099676,-7.67078363498328
2025-01-01 17:10:00,800006,NORMAL,HS1306571,102,17.0,0.21902062767265693,141.14160139190145,28.407848673971994,-0.039899426194835025,-10.952335877097056
2025-01-01 17:20:00,800006,NORMAL,HS1306571,103,17.166666666666664,0.24266450787362737,130.68507938000292,29.099385238790873,-0.013339809309279471,-18.90099141732091
2025-01-01 17:30:00,800006,NORMAL,HS1306571,104,17.333333333333332,0.2424976264354703,130.02873572363634,29.0637526108047,-0.009535430855478644,-16.17094776970177
2025-01-01 17:40:00,800006,NORMAL,HS1306571,105,17.5,0.2275241444499504,126.8784352381407,28.92334763676106,-0.02004653291531766,-15.537309304458802
2025-01-01 17:50:00,800006,NORMAL,HS1306571,106,17.666666666666664,0.22395855859797334,122.78536696866531,27.757292669842602,-0.018808354909012892,-15.597086166129841
2025-01-01 18:00:00,800006,NORMAL,HS1306571,107,17.833333333333332,0.22262116804760074,112.53936240859983,27.982015923815794,-0.015026952923597153,-21.607077581532934
2025-01-01 18:10:00,800006,NORMAL,HS1306571,108,18.0,0.20711857906198908,104.83204676606465,29.236218396978344,-0.02585114097837335,-25.596272887816895
2025-01-01 18:20:00,800006,NORMAL,HS1306571,109,18.166666666666664,0.21512933724607453,97.6216379593303,30.28644052736772,-0.014468252708462165,-30.344612282877904
2025-01-01 18:30:00,800006,NORMAL,HS1306571,110,18.333333333333332,0.21662163225836928,111.84069760195614,30.443132961349725,-0.010752829050657942,-14.62560959700511
2025-01-01 18:40:00,800006,NORMAL,HS1306571,111,18.5,0.19543064505391658,114.42143506827765,31.732037566674027,-0.030168855104983044,-10.955994429882253
2025-01-01 18:50:00,800006,NORMAL,HS1306571,112,18.666666666666664,0.2328848960682737,106.8234690038145,32.04944818804612,0.008895047461604355,-17.62212007713265
2025-01-01 19:00:00,800006,NORMAL,HS1306571,113,18.833333333333332,0.24068211817127716,102.11102089143941,30.87541630530629,0.018228204149124294,-21.469943948631894
2025-01-01 19:10:00,800006,NORMAL,HS1306571,114,19.0,0.21850046247676844,124.18640782456775,30.99040553724619,-0.0025170270584853327,1.4464646933161305
2025-01-01 19:20:00,800006,NORMAL,HS1306571,115,19.166666666666664,0.18993090565248058,114.08807917281605,29.989695283687013,-0.029221795256622357,-7.575086104641628
2025-01-01 19:30:00,800006,NORMAL,HS1306571,116,19.333333333333332,0.19925524147847323,100.19943786584926,28.936844795528792,-0.017178253843661895,-19.77863523203999
2025-01-01 19:40:00,800006,NORMAL,HS1306571,117,19.5,0.19994542321535042,97.28032810742235,28.599743677525996,-0.013448285834265522,-20.73755862436323
2025-01-01 19:50:00,800006,NORMAL,HS1306571,118,19.666666666666664,0.20152687557004081,97.4313283021268,28.614075412392186,-0.008723217566655755,-18.544222018833125
2025-01-01 20:00:00,800006,NORMAL,HS1306571,119,19.833333333333332,0.19319362311107363,99.22153158015156,29.717313994550626,-0.013914136640116898,-14.721685708288547
2025-01-01 20:10:00,800006,NORMAL,HS1306571,120,20.0,0.17487677889882391,103.5951433713918,27.796702550192023,-0.028047283415500307,-7.572338210920989
2025-01-01 20:20:00,800006,NORMAL,HS1306571,121,20.166666666666664,0.16520258848124075,94.43867852608396,26.71022791135503,-0.03329365067946127,-13.44947373383664
2025-01-01 20:30:00,800006,NORMAL,HS1306571,122,20.333333333333332,0.16827231052903002,86.52280565690052,25.816583421119493,-0.026962665517643897,-18.81108318060201
2025-01-01 20:40:00,800006,NORMAL,HS1306571,123,20.5,0.18091975237864932,97.76804504448735,26.274069336881617,-0.011600476814338595,-5.4702874034382205
2025-01-01 20:50:00,800006,NORMAL,HS1306571,124,20.666666666666664,0.17521662032292798,98.52686439749729,26.02228016587894,-0.014658481501600207,-2.7240533683074943
2025-01-01 21:00:00,800006,NORMAL,HS1306571,125,20.833333333333332,0.16419597061449698,100.66212712083598,25.887727541728708,-0.022934681493091358,1.4074378659202438
2025-01-01 21:10:00,800006,NORMAL,HS1306571,126,21.0,0.16978279986804942,89.25384249626231,25.734807663744892,-0.015388235661410121,-8.520763324292943
2025-01-01 21:20:00,800006,NORMAL,HS1306571,127,21.166666666666664,0.158684559036516,77.63026918159161,25.437470167129383,-0.024608209531464725,-18.83978305526675
2025-01-01 21:30:00,800006,NORMAL,HS1306571,128,21.333333333333332,0.14555923828887127,72.86003493520529,25.59445964625863,-0.03419636833492118,-21.226804542897668
2025-01-01 21:40:00,800006,NORMAL,HS1306571,129,21.5,0.14806821523281571,75.6547373796776,25.034619808514368,-0.027005920394795546,-15.178812464230361
2025-01-01 21:50:00,800006,NORMAL,HS1306571,130,21.666666666666664,0.15800396292732755,79.99065805226755,23.605702001684662,-0.0119277522973886,-7.214367383660388
2025-01-01 22:00:00,800006,NORMAL,HS1306571,131,21.833333333333332,0.13362260582052274,80.22192989422828,24.04067356793783,-0.03094265800136506,-3.1846671729225875
2025-01-01 22:10:00,800006,NORMAL,HS1306571,132,22.0,0.1260603922014667,74.12628557796292,22.20278948594123,-0.03307269852633099,-5.512135300738308
2025-01-01 22:20:00,800006,NORMAL,HS1306571,133,22.166666666666664,0.14628531302006365,65.30161033930875,22.77714527245565,-0.007699847256230741,-10.885730751364477
2025-01-01 22:30:00,800006,NORMAL,HS1306571,134,22.333333333333332,0.13513624691399728,64.15879351165448,24.153293706245616,-0.015130403892652827,-9.466038264632985
2025-01-01 22:40:00,800006,NORMAL,HS1306571,135,22.5,0.13701566334141432,65.53351716678188,24.516464446254556,-0.010778634979879825,-6.332418106277089
2025-01-01 22:50:00,800006,NORMAL,HS1306571,136,22.666666666666664,0.14266261320235613,69.54847133684693,23.75416509111223,-0.003403219566708582,-1.066868425341923
2025-01-01 23:00:00,800006,NORMAL,HS1306571,137,22.833333333333332,0.13498597821480263,69.300508538503,24.49703047220731,-0.009801068864332046,-0.37592061386015985
2025-01-01 23:10:00,800006,NORMAL,HS1306571,138,23.0,0.11964888344782829,60.98308022844402,23.583014794233076,-0.023917817087885096,-7.83906416074705
2025-01-01 23:20:00,800006,NORMAL,HS1306571,139,23.166666666666664,0.11548871126282266,60.57387103592993,23.28244827074752,-0.027070610450162694,-7.606214120731643
2025-01-01 23:30:00,800006,NORMAL,HS1306571,140,23.333333333333332,0.12085355397630555,59.6575543425936,23.104747064356058,-0.0216597165504009,-8.441077370207125
2025-01-01 23:40:00,800006,NORMAL,HS1306571,141,23.5,0.13028572099869137,59.46258755612155,22.845451938812865,-0.013089520107097657,-9.120586222112479
2025-01-01 23:50:00,800006,NORMAL,HS1306571,142,23.666666666666664,0.13517800384101814,59.94924440235697,23.649762405464962,-0.009646738468030824,-9.507474442185469
2025-01-02 00:00:00,800006,NORMAL,HS1306571,143,23.833333333333332,0.14500094306508188,66.82126013956002,20.858642106480747,-0.0015666376159156892,-3.7150864504040726
2025-01-02 00:10:00,800006,NORMAL,HS1306571,144,24.0,0.13531992037489143,63.62775887056763,19.760002389890996,-0.013186330198360963,-8.1996839660425
2025-01-02 00:20:00,800006,NORMAL,HS1306571,145,24.166666666666664,0.13648218138772106,58.31803909831509,18.558458963583284,-0.01301189411060652,-14.383792178460716
2025-01-02 00:30:00,800006,NORMAL,HS1306571,146,24.333333333333332,0.12408924938639714,64.39194007814568,19.051009453509376,-0.024855438462200244,-8.294818392510578
2025-01-02 00:40:00,800006,NORMAL,HS1306571,147,24.5,0.13587429680700167,64.00589865827396,19.462657866623235,-0.01149794361530157,-8.007115705152785
2025-01-02 00:50:00,800006,NORMAL,HS1306571,148,24.666666666666664,0.12547208325621903,64.45672766633771,18.655098569664762,-0.019795669338278893,-6.529777385231583
2025-01-02 01:00:00,800006,NORMAL,HS1306571,149,24.833333333333332,0.1307604452894611,70.10549347359085,18.83525876966395,-0.012142133643209652,0.309193171919631
2025-01-02 01:10:00,800006,NORMAL,HS1306571,150,25.0,0.13499470492641316,68.22284317943473,19.48095340196065,-0.004501125009505114,0.37440113807849684
2025-01-02 01:20:00,800006,NORMAL,HS1306571,151,25.166666666666664,0.1315302383936875,64.29617695413991,19.175572060184777,-0.003977738314459217,-0.8647961976482605
2025-01-02 01:30:00,800006,NORMAL,HS1306571,152,25.333333333333332,0.1300173482007556,59.36196148185141,19.747592500332825,-0.001438552679654398,-2.9719210235261286
2025-01-02 01:40:00,800006,NORMAL,HS1306571,153,25.5,0.11777924639935974,56.62693674553601,18.35555475679968,-0.00939052168015661,-2.7444612397132104
2025-01-02 01:50:00,800006,NORMAL,HS1306571,154,25.666666666666664,0.12205829265107092,57.000468336353194,17.43505444893366,-0.0005776835201269231,0.726974281929003
2025-01-02 02:00:00,800006,NORMAL,HS1306571,155,25.833333333333332,0.1090279587614346,51.279949785168554,17.423538388219555,-0.00902878651136503,-1.8647180747036174
2025-01-02 02:10:00,800006,NORMAL,HS1306571,156,26.0,0.10262817122946111,44.707774024350456,16.334788117506996,-0.012133352522205237,-5.918321701740112
2025-01-02 02:20:00,800006,NORMAL,HS1306571,157,26.166666666666664,0.10596998425050032,50.44787957973387,16.600536028317677,-0.00741345255609531,1.254361386417834
2025-01-02 02:30:00,800006,NORMAL,HS1306571,158,26.333333333333332,0.10997986708653969,45.1685825652877,16.08057251590889,-0.0036887662670161414,-3.5191205634895226
2025-01-02 02:40:00,800006,NORMAL,HS1306571,159,26.5,0.09824109284126427,42.02890869902349,16.522950321107196,-0.01710209364837975,-6.939652076227894
2025-01-02 02:50:00,800006,NORMAL,HS1306571,160,26.666666666666664,0.10331945198464695,48.33170686687106,17.507652153291748,-0.014600192699021713,-1.4722632279642767
2025-01-02 03:00:00,800006,NORMAL,HS1306571,161,26.833333333333332,0.10038963304181231,43.13566107110614,17.072529692928388,-0.020597244030917228,-7.839331548346308
2025-01-02 03:10:00,800006,NORMAL,HS1306571,162,27.0,0.11062630861316605,50.49149511950192,16.490640384304637,-0.013772457406061006,-1.9092658752194183
2025-01-02 03:20:00,800006,NORMAL,HS1306571,163,27.166666666666664,0.12188233930447774,49.64888266377559,17.54029868464552,-0.006322317858438606,-4.4092881371693835
2025-01-02 03:30:00,800006,NORMAL,HS1306571,164,27.333333333333332,0.1132189409378158,48.02795389903881,18.05091005058932,-0.017971362244608283,-7.348998303184402
2025-01-02 03:40:00,800006,NORMAL,HS1306571,165,27.5,0.10792890620064818,50.1054476732978,18.49898100019165,-0.025132293614407886,-5.981319082485427
2025-01-02 03:50:00,800006,NORMAL,HS1306571,166,27.666666666666664,0.11133877982303673,54.93859771320549,17.720402142567888,-0.022964790284371997,-1.427822292208731
2025-01-02 04:00:00,800006,NORMAL,HS1306571,167,27.833333333333332,0.11491361015281966,52.48108654130033,17.48443192719229,-0.020420564571562036,-3.9712642409654606
2025-01-02 04:10:00,800006,NORMAL,HS1306571,168,28.0,0.11588684347887712,48.11824651010307,17.287052784818194,-0.020235425991076472,-8.752889755667738
2025-01-02 04:20:00,800006,NORMAL,HS1306571,169,28.166666666666664,0.12626824422587493,50.45777000468591,17.78311078389564,-0.009896948333805083,-7.04621610583029
2025-01-02 04:30:00,800006,NORMAL,HS1306571,170,28.333333333333332,0.1382656722669639,54.52876447303976,18.596322865839927,0.0009705381581211481,-4.254022255167932
2025-01-02 04:40:00,800006,NORMAL,HS1306571,171,28.5,0.14038803630840352,57.65580579495324,17.698085582603856,0.0003027113301611595,-3.338009627143144
2025-01-02 04:50:00,800006,NORMAL,HS1306571,172,28.666666666666664,0.14130844728348818,65.65143320538543,17.82707881576135,-0.0026489991411633163,1.7516177608768757
2025-01-02 05:00:00,800006,NORMAL,HS1306571,173,28.833333333333332,0.13920375265752133,65.29686249571787,19.560021036709628,-0.008996196129514716,-1.8052668148197455
2025-01-02 05:10:00,800006,NORMAL,HS1306571,174,29.0,0.14257228294814459,62.24771573737912,19.722165205826126,-0.010457626740158016,-8.253241682473252
2025-01-02 05:20:00,800006,NORMAL,HS1306571,175,29.166666666666664,0.1335473074136047,73.18978214491193,19.979639971924232,-0.025730773551983166,-1.4681574936626163
2025-01-02 05:30:00,800006,NORMAL,HS1306571,176,29.333333333333332,0.1341702202537944,75.08961851720228,18.89035397294492,-0.032032413509478525,-4.265971421483798
2025-01-02 05:40:00,800006,NORMAL,HS1306571,177,29.5,0.15481076617180528,82.96249840767558,19.324513222423708,-0.01832004167438439,-1.2093966410551644
2025-01-02 05:50:00,800006,NORMAL,HS1306571,178,29.666666666666664,0.15415516473486424,83.51104588579354,20.99563200553551,-0.025780801515079416,-5.481656014343599
2025-01-02 06:00:00,800006,NORMAL,HS1306571,179,29.833333333333332,0.16483430383883946,83.99403440372495,20.366033297384515,-0.02163215344799216,-9.68649944383651
2025-01-02 06:10:00,800006,NORMAL,HS1306571,180,30.0,0.18611133114776543,93.49953221185642,22.32691925698127,-0.005688023170408285,-4.3997386038385855
2025-01-02 06:20:00,800006,NORMAL,HS1306571,181,30.166666666666664,0.18001794287007744,102.39521677539504,22.67072020859818,-0.014721695307439414,1.545137728376389
2025-01-02 06:30:00,800006,NORMAL,HS1306571,182,30.333333333333332,0.18972196078223247,103.72676643182515,22.59697833117285,-0.006386046396368722,1.05142795158973
2025-01-02 06:40:00,800006,NORMAL,HS1306571,183,30.5,0.19002577318232827,98.01689972092491,24.46612851973468,-0.007042141910298921,-6.07329986406252
2025-01-02 06:50:00,800006,NORMAL,HS1306571,184,30.666666666666664,0.18702526411370962,106.95179216656523,25.612546766255264,-0.011105726738032173,1.4537005907592118
2025-01-02 07:00:00,800006,NORMAL,HS1306571,185,30.833333333333332,0.16868329836450408,105.03554676741136,27.495168707360182,-0.030682117098469797,-1.9623078640520788
2025-01-02 07:10:00,800006,NORMAL,HS1306571,186,31.0,0.16603356865134872,91.62905752501777,28.624658887909376,-0.035553100927969844,-17.299243174309566
2025-01-02 07:20:00,800006,NORMAL,HS1306571,187,31.166666666666664,0.18054043575849743,99.13452559975676,28.032297674877228,-0.024430700641242836,-12.346050745015049
2025-01-02 07:30:00,800006,NORMAL,HS1306571,188,31.333333333333332,0.19447074662186808,118.44400112483096,29.560255290385605,-0.01453309837538097,3.9415182423159933
2025-01-02 07:40:00,800006,NORMAL,HS1306571,189,31.5,0.20307520691205713,107.78339219936649,27.517360257202306,-0.010099766540421523,-9.898063523203007
2025-01-02 07:50:00,800006,NORMAL,HS1306571,190,31.666666666666664,0.20712259262650343,116.65134332812212,27.453464725679872,-0.010170920283444546,-4.207552810851297
2025-01-02 08:00:00,800006,NORMAL,HS1306571,191,31.833333333333332,0.22401547534307364,120.70572757790451,27.124933192957172,0.0027385388602935434,-3.2565142160970026
2025-01-02 08:10:00,800006,NORMAL,HS1306571,192,32.0,0.22792695147037126,114.15801616495997,26.574176116982706,0.003958832831302467,-12.008312488652422
2025-01-02 08:20:00,800006,NORMAL,HS1306571,193,32.166666666666664,0.21566769684321907,119.71679032192233,28.635660319839378,-0.009324580758863193,-7.325731649609125
2025-01-02 08:30:00,800006,NORMAL,HS1306571,194,32.33333333333333,0.19616636404037407,118.44706843511513,29.017191367876492,-0.028487518442341597,-8.439249577838055
2025-01-02 08:40:00,800006,NORMAL,HS1306571,195,32.5,0.21838486522496176,113.67616796403321,29.343859619641275,-0.005236350510807203,-12.503284939878156
2025-01-02 08:50:00,800006,NORMAL,HS1306571,196,32.666666666666664,0.2063471716458765,116.71955319293204,29.5158521824592,-0.015932477366923797,-8.509285983408702
2025-01-02 09:00:00,800006,NORMAL,HS1306571,197,32.83333333333333,0.1974618014504727,109.99864220714245,30.85753020004796,-0.02326816781550095,-14.132116386378826
2025-01-02 09:10:00,800006,NORMAL,HS1306571,198,33.0,0.19335354015615952,115.48125079569978,30.068771409029086,-0.026884933772348157,-8.01275659382381
2025-01-02 09:20:00,800006,NORMAL,HS1306571,199,33.166666666666664,0.19358088597753978,118.2122247584769,31.868502249863788,-0.02837661772533423,-5.954843289924881
2025-01-02 09:30:00,800006,NORMAL,HS1306571,200,33.33333333333333,0.20603945464248863,124.78718526981525,29.83752923558065,-0.019011364875967662,-1.0657037727601306
2025-01-02 09:40:00,800006,NORMAL,HS1306571,201,33.5,0.21830700409993434,135.05858938551447,31.256375319244327,-0.010314003751869694,7.106399231049423
2025-01-02 09:50:00,800006,NORMAL,HS1306571,202,33.666666666666664,0.20321811286406488,120.50060271916438,33.85849661815227,-0.02915016014273264,-9.726757083455496
2025-01-02 10:00:00,800006,NORMAL,HS1306571,203,33.83333333333333,0.2202996915345604,115.56022271012529,34.89107164257747,-0.015798218522778157,-16.96924042729708
2025-01-02 10:10:00,800006,NORMAL,HS1306571,204,34.0,0.1959760967713164,127.82776148950302,34.22151181193477,-0.04290421380040363,-6.488462059885762
2025-01-02 10:20:00,800006,NORMAL,HS1306571,205,34.166666666666664,0.2083357459887489,127.77310128289861,32.515301348108146,-0.030776403025618848,-6.594920577075641
2025-01-02 10:30:00,800006,NORMAL,HS1306571,206,34.33333333333333,0.18696962543269854,131.69067131945044,31.702383611005168,-0.05045198816998028,-1.2307412019558512
2025-01-02 10:40:00,800006,NORMAL,HS1306571,207,34.5,0.21105621817118939,124.69175908256547,31.172594196891403,-0.023941438472832505,-6.138755076008138
2025-01-02 10:50:00,800006,NORMAL,HS1306571,208,34.666666666666664,0.2109490904926911,127.44027319894737,31.510133325957458,-0.02141535511980261,-1.096984756339296
2025-01-02 11:00:00,800006,NORMAL,HS1306571,209,34.83333333333333,0.20107015670348358,119.37983744453153,30.375296330489057,-0.028576633968835363,-6.784321292925256
2025-01-02 11:10:00,800006,NORMAL,HS1306571,210,35.0,0.20746447566287168,110.22125265303589,28.364112035122744,-0.01928256202120504,-13.641335292044914
2025-01-02 11:20:00,800006,NORMAL,HS1306571,211,35.166666666666664,0.2029593859171571,107.10541402547548,30.248216913512564,-0.02097846305603565,-14.850684284490626
2025-01-02 11:30:00,800006,NORMAL,HS1306571,212,35.33333333333333,0.210441914386966,103.73099224527084,31.746218217471696,-0.011006436639024897,-16.67130939891956
2025-01-02 11:40:00,800006,NORMAL,HS1306571,213,35.5,0.19997248990043376,107.04460006287356,31.06711965429765,-0.018976429273520362,-11.85532588502285
2025-01-02 11:50:00,800006,NORMAL,HS1306571,214,35.666666666666664,0.18008075503609317,112.3489542126494,33.24161234787946,-0.03628737051273981,-4.979729730986165
2025-01-02 12:00:00,800006,NORMAL,HS1306571,215,35.83333333333333,0.1759060579631847,113.77034620017197,32.20877197234632,-0.037828257324502124,-1.9298589897485101
2025-01-02 12:10:00,800006,NORMAL,HS1306571,216,36.0,0.1865970725738078,108.54621472537774,31.84437977126924,-0.024425159899081506,-5.2961426460871195
2025-01-02 12:20:00,800006,NORMAL,HS1306571,217,36.166666666666664,0.21332983860845858,106.01268939521074,33.53017727183811,0.0043162122332716935,-6.12649581634237
2025-01-02 12:30:00,800006,NORMAL,HS1306571,218,36.33333333333333,0.2116402065902588,105.4294609962856,34.04979574168645,0.003756553112984423,-5.675882153182457
2025-01-02 12:40:00,800006,NORMAL,HS1306571,219,36.5,0.18345312524127744,110.86992884197636,33.92674158913186,-0.02392965201353578,0.28735149158048046
2025-01-02 12:50:00,800006,NORMAL,HS1306571,220,36.666666666666664,0.18861324654696907,114.08131381954806,30.555704240884833,-0.01869811462505716,3.677427978777743
2025-01-02 13:00:00,800006,NORMAL,HS1306571,221,36.83333333333333,0.1781962456119618,103.070821663468,32.472437082723125,-0.02932220029986804,-7.376307852710312
2025-01-02 13:10:00,800006,NORMAL,HS1306571,222,37.0,0.17910490500482198,105.40938491177822,31.492695367580886,-0.02936164540568456,-5.5588642535669806
2025-01-02 13:20:00,800006,NORMAL,HS1306571,223,37.166666666666664,0.19175374980548449,101.04292104635915,31.81002049147079,-0.018284181876702443,-10.872085740010974
2025-01-02 13:30:00,800006,NORMAL,HS1306571,224,37.33333333333333,0.18453782257370427,106.08830991039964,32.08398770413148,-0.027235081264074396,-6.868668050657448
2025-01-02 13:40:00,800006,NORMAL,HS1306571,225,37.5,0.17732318802549404,104.23138026037017,30.19485209382859,-0.03631783068689212,-9.839936972304614
2025-01-02 13:50:00,800006,NORMAL,HS1306571,226,37.666666666666664,0.17947452828476898,106.81943667536487,30.397766651415843,-0.03616965983340442,-8.453950838938283
2025-01-02 14:00:00,800006,NORMAL,HS1306571,227,37.83333333333333,0.1983324308647343,106.2927493822147,31.652432735424867,-0.01943699143226238,-10.270990392408407
2025-01-02 14:10:00,800006,NORMAL,HS1306571,228,38.0,0.21688351115749588,112.37852656508477,32.30524940260117,-0.0032013360326458296,-6.0121834910340795
2025-01-02 14:20:00,800006,NORMAL,HS1306571,229,38.166666666666664,0.20197944476725957,103.6855376834394,29.764313108360746,-0.020207727367049094,-17.04596478009313
2025-01-02 14:30:00,800006,NORMAL,HS1306571,230,38.33333333333333,0.22253197370758024,105.81012945067422,28.308065516794017,-0.0018740881766512174,-17.476108050420322
2025-01-02 14:40:00,800006,NORMAL,HS1306571,231,38.5,0.20546743926118707,112.27020497922933,29.606721067418768,-0.02119037520162423,-13.648337524098551
2025-01-02 14:50:00,800006,NORMAL,HS1306571,232,38.666666666666664,0.20704295583934115,123.6881078894862,29.09137620565557,-0.02176787104338651,-4.808818965115407
2025-01-02 15:00:00,800006,NORMAL,HS1306571,233,38.83333333333333,0.2227254071996369,120.28636382769102,28.543398686612672,-0.008137107403449695,-10.709774373986733
2025-01-02 15:10:00,800006,NORMAL,HS1306571,234,39.0,0.19708650687865084,114.79964707124988,30.700401346081136,-0.0355592940826763,-18.24799870143498
2025-01-02 15:20:00,800006,NORMAL,HS1306571,235,39.166666666666664,0.19566499270450036,123.76420988593588,29.68060913340754,-0.03966542166380835,-11.580226469689649
2025-01-02 15:30:00,800006,NORMAL,HS1306571,236,39.33333333333333,0.20865216648647875,117.36482609598785,30.412655066230066,-0.03016994630054559,-20.83690715480752
2025-01-02 15:40:00,800006,NORMAL,HS1306571,237,39.5,0.21337093292943568,121.03993320736329,31.121956117159044,-0.029424084995728406,-20.402010570436786
2025-01-02 15:50:00,800006,NORMAL,HS1306571,238,39.666666666666664,0.2269151151124121,125.44166627646848,33.76003119859641,-0.02009256540452195,-19.448576692067775
2025-01-02 16:00:00,800006,NORMAL,HS1306571,239,39.83333333333333,0.22573366593014982,134.2523061124138,31.471655949677753,-0.025622725178937156,-14.217678620306657
2025-01-02 16:10:00,800006,NORMAL,HS1306571,240,40.0,0.2200521131242523,145.62740417934532,31.36231296098699,-0.03627511437585726,-6.574498678094557
2025-01-02 16:20:00,800006,NORMAL,HS1306571,241,40.166666666666664,0.2355531848866121,157.12690675386324,32.325922413491675,-0.025185920102585135,1.8288592713714138
2025-01-02 16:30:00,800006,NORMAL,HS1306571,242,40.33333333333333,0.2312052836841947,165.98478475114146,31.811657514434845,-0.032455901583727936,8.719314581415432
2025-01-02 16:40:00,800006,NORMAL,HS1306571,243,40.5,0.24565497815665846,150.33062259296744,35.01657628749172,-0.019899846513878633,-8.076576504163768
2025-01-02 16:50:00,800006,NORMAL,HS1306571,244,40.666666666666664,0.2165203342585238,146.94961761718886,33.781857729101034,-0.05039854144934697,-12.153882928319433
2025-01-02 17:00:00,800006,NORMAL,HS1306571,245,40.83333333333333,0.22468599485466056,133.87161478757278,36.395288162118646,-0.043311109894370425,-25.68769024209908
2025-01-02 17:10:00,800006,NORMAL,HS1306571,246,41.0,0.24135850692173524,136.07915192016821,37.987226402383435,-0.02640484174389271,-23.19645579508196
2025-01-02 17:20:00,800006,NORMAL,HS1306571,247,41.166666666666664,0.2643233925174617,146.74789767702362,38.510915822291075,-0.001401177377995333,-11.020836934622139
2025-01-02 17:30:00,800006,NORMAL,HS1306571,248,41.33333333333333,0.22587279319746026,140.73351791711684,40.06526734584021,-0.03715098343654713,-14.920308494875087
2025-01-02 17:40:00,800006,NORMAL,HS1306571,249,41.5,0.2210164168051803,141.56936289078118,36.527141688206086,-0.03905236631450032,-11.729827517747793
2025-01-02 17:50:00,800006,NORMAL,HS1306571,250,41.666666666666664,0.2237301113734967,141.20272955976802,37.59665783698508,-0.03315634628034225,-9.566521462483763
2025-01-02 18:00:00,800006,NORMAL,HS1306571,251,41.83333333333333,0.2184430099779014,133.2603893282,37.4010435172996,-0.03507805726038621,-14.84951021512336
2025-01-02 18:10:00,800006,NORMAL,HS1306571,252,42.0,0.20920952199546733,139.13422080643133,35.51337102212495,-0.04057195827443022,-5.904270933919605
2025-01-02 18:20:00,800006,NORMAL,HS1306571,253,42.166666666666664,0.20934331500625253,125.70448375369755,35.41345484085097,-0.03686731009484728,-16.113596078950437
2025-01-02 18:30:00,800006,NORMAL,HS1306571,254,42.33333333333333,0.21301062638108909,126.23339013761009,34.07636670961438,-0.029932125210147126,-12.600505406088928
2025-01-02 18:40:00,800006,NORMAL,HS1306571,255,42.5,0.23516361149420179,122.95047283148251,33.89053045486604,-0.0045136226491688525,-12.93734688907297
2025-01-02 18:50:00,800006,NORMAL,HS1306571,256,42.666666666666664,0.23501416336176842,126.10662574830064,30.7146202295846,-0.0013245191948045298,-6.795423961703847
2025-01-02 19:00:00,800006,NORMAL,HS1306571,257,42.83333333333333,0.20748815671443332,129.67624307396878,31.09231314510016,-0.025446191424777664,-0.19861455095306724
2025-01-02 19:10:00,800006,NORMAL,HS1306571,258,43.0,0.20689959183088785,116.83229206440211,29.521229306157114,-0.02333903754443259,-10.63445057511045
2025-01-02 19:20:00,800006,NORMAL,HS1306571,259,43.166666666666664,0.22342354026628963,113.72560263395597,28.357073030354886,-0.004317370179237168,-11.812234846704143
2025-01-02 19:30:00,800006,NORMAL,HS1306571,260,43.33333333333333,0.21575331894147998,115.41993156723923,29.071784856597482,-0.009402499738968673,-8.139640717541283
2025-01-02 19:40:00,800006,NORMAL,HS1306571,261,43.5,0.21212446016668565,107.06227859152513,28.61204720251229,-0.010680098694280021,-14.663538585721795
2025-01-02 19:50:00,800006,NORMAL,HS1306571,262,43.666666666666664,0.17906381284139228,109.47932537802524,27.761321312328118,-0.04161707531027983,-10.586472369487879
2025-01-02 20:00:00,800006,NORMAL,HS1306571,263,43.83333333333333,0.17473935963040035,102.50912296776313,27.615876274224284,-0.04399065970189628,-16.026515723828823
2025-01-02 20:10:00,800006,NORMAL,HS1306571,264,44.0,0.18893537515273306,102.80310962871336,27.3107208375026,-0.027765632983028338,-14.232241915875349
2025-01-02 20:20:00,800006,NORMAL,HS1306571,265,44.166666666666664,0.19036753564685222,106.94282315211662,26.171753637443967,-0.024393705796549953,-8.71258613555247
2025-01-02 20:30:00,800006,NORMAL,HS1306571,266,44.33333333333333,0.2105118409798181,107.73883427133559,23.936140610494906,-0.002363703989794491,-6.662639119344959
2025-01-02 20:40:00,800006,NORMAL,HS1306571,267,44.5,0.22094101935025043,104.22448284746795,24.270184078120277,0.01020201312881841,-8.807260491785769
2025-01-02 20:50:00,800006,NORMAL,HS1306571,268,44.666666666666664,0.2067132900512498,103.7470991258393,28.841271864005964,-0.0016787785309089198,-7.783952134447389
2025-01-02 21:00:00,800006,NORMAL,HS1306571,269,44.83333333333333,0.19365729957431918,99.46009564838882,27.301532920606434,-0.012274386819628252,-10.494502729732488
2025-01-02 21:10:00,800006,NORMAL,HS1306571,270,45.0,0.19915221361800486,91.67695419230935,26.664810537638278,-0.004123980700005719,-16.46800153652738
2025-01-02 21:20:00,800006,NORMAL,HS1306571,271,45.166666666666664,0.19500022297645367,96.96649388931375,25.39144442158991,-0.00571403168069462,-9.260691717821032
2025-01-02 21:30:00,800006,NORMAL,HS1306571,272,45.33333333333333,0.19793719306511998,101.06246690473604,23.597589025283934,7.267286436546394e-06,-3.0638640318197616
2025-01-02 21:40:00,800006,NORMAL,HS1306571,273,45.5,0.20330220264399929,99.04980647169664,25.19911313231993,0.008188327441431609,-2.929498189825779
2025-01-02 21:50:00,800006,NORMAL,HS1306571,274,45.666666666666664,0.18508737374785672,95.49991690585452,25.516357776145597,-0.007280128164544375,-4.38075624065641
2025-01-02 22:00:00,800006,NORMAL,HS1306571,275,45.83333333333333,0.17043875564539804,88.34381809026293,24.73002276106071,-0.019198762795946844,-9.46045517967633
2025-01-02 22:10:00,800006,NORMAL,HS1306571,276,46.0,0.174045028239257,81.81584159324649,24.237253834700397,-0.012746244314490396,-13.91258412420865
2025-01-02 22:20:00,800006,NORMAL,HS1306571,277,46.166666666666664,0.1693329494528784,89.00883721881344,24.020899680744527,-0.013671701450124335,-4.196601835250931
2025-01-02 22:30:00,800006,NORMAL,HS1306571,278,46.33333333333333,0.15909735899051428,75.25217379351774,24.728604030041243,-0.019310757811750345,-14.908447446511403
2025-01-02 22:40:00,800006,NORMAL,HS1306571,279,46.5,0.1627283267927965,77.89832463176674,25.10193316063012,-0.010532934591541254,-8.869626761370284
2025-01-02 22:50:00,800006,NORMAL,HS1306571,280,46.666666666666664,0.15946855059688628,68.20526529386834,24.24097546631414,-0.008167782054078865,-14.890757164498496
2025-01-02 23:00:00,800006,NORMAL,HS1306571,281,46.83333333333333,0.14484150175733415,71.8333931691539,23.064770136404146,-0.016878709169658862,-7.497414247891683
2025-01-02 23:10:00,800006,NORMAL,HS1306571,282,47.0,0.14153652398446506,74.51918702558261,23.53336955334934,-0.013668738638345695,-0.6778492799801654
2025-01-02 23:20:00,800006,NORMAL,HS1306571,283,47.166666666666664,0.13033493537069407,67.07958849044367,23.134098039502547,-0.018520482747472783,-3.791390132007976
2025-01-02 23:30:00,800006,NORMAL,HS1306571,284,47.33333333333333,0.13766411609844834,59.900241541304005,21.90210719656508,-0.0054692325482945114,-6.973128157353067
2025-01-02 23:40:00,800006,NORMAL,HS1306571,285,47.5,0.12875054135209987,59.782579422350466,20.389250190580704,-0.00935136318428087,-3.5094421448290376
2025-01-02 23:50:00,800006,NORMAL,HS1306571,286,47.666666666666664,0.1251804672891372,54.097557161229766,20.77764638240493,-0.00851918055644485,-5.995320079892238
2025-01-01 00:10:00,800007,NORMAL,HS1306571,0,0.0,0.026082539274365463,4.244670711071236,21.349604338390233,0.0004950610755849218,-0.23901982750710182
2025-01-01 00:20:00,800007,NORMAL,HS1306571,1,0.16666666666666666,0.061951820946055676,16.7188673309803,20.28770575914294,0.0034909509423107984,-0.2665132572477624
2025-01-01 00:30:00,800007,NORMAL,HS1306571,2,0.3333333333333333,0.10870714499601483,42.171347631792955,20.144656386482843,0.0019764361749019244,2.2609135170614465
2025-01-01 00:40:00,800007,NORMAL,HS1306571,3,0.5,0.13528017021202202,62.93241576824604,18.770244468602588,-0.0027264280907912664,2.6395135891950545
2025-01-01 00:50:00,800007,NORMAL,HS1306571,4,0.6666666666666666,0.13611144765836172,71.53642476740323,18.058563867470145,-0.011688865967368844,2.3064744006051114
2025-01-01 01:00:00,800007,NORMAL,HS1306571,5,0.8333333333333333,0.14471855551021257,74.22419289930322,17.92724742034659,-0.00419612320960247,3.053174880540837
2025-01-01 01:10:00,800007,NORMAL,HS1306571,6,1.0,0.13390383980042012,74.49925255689406,18.755475429354043,-0.01366825257438789,4.044123570639542
2025-01-01 01:20:00,800007,NORMAL,HS1306571,7,1.1666666666666665,0.1446298051450439,67.15516024845098,19.353945238105307,0.0012866118426927697,-0.39127470738787906
2025-01-01 01:30:00,800007,NORMAL,HS1306571,8,1.3333333333333333,0.13660215753627045,59.66054370808504,18.9150318876477,-0.0014793135893415021,-3.9092353149718164
2025-01-01 01:40:00,800007,NORMAL,HS1306571,9,1.5,0.13985919090824198,56.43851322540295,19.034455943126602,0.0061359959548782095,-3.3996838895183146
2025-01-01 01:50:00,800007,NORMAL,HS1306571,10,1.6666666666666665,0.13275644510163245,53.939971055307076,18.850390725715187,0.0023661603318880786,-2.7697244122185296
2025-01-01 02:00:00,800007,NORMAL,HS1306571,11,1.8333333333333333,0.1366410402298184,48.69811597508952,16.979022960789955,0.008999321454064596,-5.337841283063966
2025-01-01 02:10:00,800007,NORMAL,HS1306571,12,2.0,0.12409546719448915,52.026344770773235,16.859970905613675,-0.0032515307369158225,-1.0262446530970664
2025-01-01 02:20:00,800007,NORMAL,HS1306571,13,2.1666666666666665,0.13612965133155144,58.98518091331333,17.62974329761204,0.005818228747217241,4.214218248525093
2025-01-01 02:30:00,800007,NORMAL,HS1306571,14,2.333333333333333,0.129865954170788,60.11722527693942,17.410506869693677,-0.00525686812224499,1.9734191109111592
2025-01-01 02:40:00,800007,NORMAL,HS1306571,15,2.5,0.12626553527111709,56.664803053234586,17.818962366818695,-0.013844945327771724,-5.354361979788031
2025-01-01 02:50:00,800007,NORMAL,HS1306571,16,2.6666666666666665,0.1344799426631471,61.387544841793705,18.130701387971225,-0.009974124882458302,-4.292914613766946
2025-01-01 03:00:00,800007,NORMAL,HS1306571,17,2.833333333333333,0.14113506407574938,60.83419459003519,18.912673214531235,-0.007073476692865094,-8.169767302330676
2025-01-01 03:10:00,800007,NORMAL,HS1306571,18,3.0,0.1522787918011111,64.0887960346871,18.70830506304837,0.003668847678659354,-6.3620673564309556
2025-01-01 03:20:00,800007,NORMAL,HS1306571,19,3.1666666666666665,0.14352076599532895,68.95027641185125,18.255171162989566,-0.0022861327006018506,-0.42994340141569864
2025-01-01 03:30:00,800007,NORMAL,HS1306571,20,3.333333333333333,0.1515176176309954,69.34395922447843,17.630478048151286,0.009060182988487459,1.750415362567253
2025-01-01 03:40:00,800007,NORMAL,HS1306571,21,3.5,0.14289140814119403,61.32449961760034,18.67619456952345,0.003606840232968339,-4.484177789129731
2025-01-01 03:50:00,800007,NORMAL,HS1306571,22,3.6666666666666665,0.14336706924617088,67.94157415159997,19.493412409694855,0.006935717297455957,3.7324331038327756
2025-01-01 04:00:00,800007,NORMAL,HS1306571,23,3.833333333333333,0.13948603192083492,62.95236441321975,18.24228888551381,0.005762113911108008,0.23350390583350134
2025-01-01 04:10:00,800007,NORMAL,HS1306571,24,4.0,0.13339395447843,61.60238701423572,19.592065571182204,0.00021581930750769196,-0.6342888028177427
2025-01-01 04:20:00,800007,NORMAL,HS1306571,25,4.166666666666666,0.1338077738262153,64.0703593603148,19.136393520439228,-0.0015832238828266676,0.4705574163972486
2025-01-01 04:30:00,800007,NORMAL,HS1306571,26,4.333333333333333,0.13233607003005818,67.00075856409563,18.710254217910915,-0.006124574284154721,1.2259741329821026
2025-01-01 04:40:00,800007,NORMAL,HS1306571,27,4.5,0.12432312698686236,70.59234694748677,18.456355373543275,-0.01734016790306271,2.4569525391307394
2025-01-01 04:50:00,800007,NORMAL,HS1306571,28,4.666666666666666,0.13921736043657354,66.58792272568212,19.07566943538771,-0.005721526475874872,-3.961525265100761
2025-01-01 05:00:00,800007,NORMAL,HS1306571,29,4.833333333333333,0.1570098002512672,71.82149020684228,18.219502130694327,0.008696341444942135,-1.1956473054325443
2025-01-01 05:10:00,800007,NORMAL,HS1306571,30,5.0,0.16199794547141264,68.11290203295492,18.20489060318821,0.009643579385080814,-7.391037060000258
2025-01-01 05:20:00,800007,NORMAL,HS1306571,31,5.166666666666666,0.15117040390246433,72.83812014004059,19.71832100154173,-0.006197624131381474,-5.0915319255293525
2025-01-01 05:30:00,800007,NORMAL,HS1306571,32,5.333333333333333,0.14694869672406702,82.9034044269041,18.333429789238878,-0.015767186219958262,2.413383779901821
2025-01-01 05:40:00,800007,NORMAL,HS1306571,33,5.5,0.17435497199907246,87.48061965899294,18.413871581588225,0.006145052258291428,4.26790377302666
2025-01-01 05:50:00,800007,NORMAL,HS1306571,34,5.666666666666666,0.1709508699934975,90.6962447316724,19.47866877007214,-0.002731036994723657,4.690675267507004
2025-01-01 06:00:00,800007,NORMAL,HS1306571,35,5.833333333333333,0.1675360905121964,91.83364805648623,20.873581527874975,-0.011666005596720597,2.8601814391490876
2025-01-01 06:10:00,800007,NORMAL,HS1306571,36,6.0,0.17171523332779037,94.81885478122544,21.60699837183,-0.011571519268147673,3.1851544973001893
2025-01-01 06:20:00,800007,NORMAL,HS1306571,37,6.166666666666666,0.1876550616433059,103.22886026888801,22.58412354981306,0.002044795411060646,9.537477879296645
2025-01-01 06:30:00,800007,NORMAL,HS1306571,38,6.333333333333333,0.17500035348953524,101.6554159014319,22.63546566598654,-0.012825135134798743,5.950920950067797
2025-01-01 06:40:00,800007,NORMAL,HS1306571,39,6.5,0.19563250893011447,98.71579444050852,23.047053412241905,0.005782294376717928,1.0904891911123826
2025-01-01 06:50:00,800007,NORMAL,HS1306571,40,6.666666666666666,0.19340844658967818,92.6868970589776,23.97901362587124,0.0019396564703394736,-6.618469173761099
2025-01-01 07:00:00,800007,NORMAL,HS1306571,41,6.833333333333333,0.20040874360827318,94.55704587955549,26.760697449058345,0.007692889934234032,-6.178887386181245
2025-01-01 07:10:00,800007,NORMAL,HS1306571,42,7.0,0.19344041610631396,101.71505221042995,26.676188782947136,-0.0009220891741091031,-0.4211045644540974
2025-01-01 07:20:00,800007,NORMAL,HS1306571,43,7.166666666666666,0.1975546265926557,101.57172818931957,27.54824982333488,0.0016679980607076927,-1.723331231603268
2025-01-01 07:30:00,800007,NORMAL,HS1306571,44,7.333333333333333,0.20022784083023068,99.82849463270162,28.597496448944675,0.0031432802997602427,-4.325038186217284
2025-01-01 07:40:00,800007,NORMAL,HS1306571,45,7.5,0.1850214829278563,96.29067025413215,29.52498695879585,-0.013869201371482037,-9.043009453893745
2025-01-01 07:50:00,800007,NORMAL,HS1306571,46,7.666666666666666,0.16975861746003335,107.95165492348791,31.698092103935387,-0.03154033301401363,1.0330509862561854
2025-01-01 08:00:00,800007,NORMAL,HS1306571,47,7.833333333333333,0.17926557351661268,97.61824481842001,29.564764462697717,-0.02469369455812845,-11.081230060361378
2025-01-01 08:10:00,800007,NORMAL,HS1306571,48,8.0,0.20800415016615423,97.68970042393063,29.484520259230855,0.0021220420399673534,-12.450575171677642
2025-01-01 08:20:00,800007,NORMAL,HS1306571,49,8.166666666666666,0.1959000592736198,111.07535713618505,31.64623276134136,-0.011137559912742956,0.05784720610432714
2025-01-01 08:30:00,800007,NORMAL,HS1306571,50,8.333333333333332,0.195847420899284,118.9551323769175,32.84313004010548,-0.012831001710650713,6.819574791334645
2025-01-01 08:40:00,800007,NORMAL,HS1306571,51,8.5,0.2285929929700081,117.4137501198062,31.846944075384652,0.017779733961755473,3.8086766743984697
2025-01-01 08:50:00,800007,NORMAL,HS1306571,52,8.666666666666666,0.2120198871426418,110.02368007596343,31.754768875074397,-0.001143446407687404,-5.239303994659537
2025-01-01 09:00:00,800007,NORMAL,HS1306571,53,8.833333333333332,0.2131754604965025,108.35535853969948,32.403101255606586,-0.00240369527183798,-8.638094875551488
2025-01-01 09:10:00,800007,NORMAL,HS1306571,54,9.0,0.22169844347271297,120.71887019366467,34.151692128318246,0.0038553970290563233,2.0755698223227483
2025-01-01 09:20:00,800007,NORMAL,HS1306571,55,9.166666666666666,0.21778807383931373,121.41797852262548,33.92160562861428,-0.0014222683536248282,1.5877638296042988
2025-01-01 09:30:00,800007,NORMAL,HS1306571,56,9.333333333333332,0.18602146492822727,113.19844458162335,33.315011415444175,-0.03264668032998158,-6.558063777817466
2025-01-01 09:40:00,800007,NORMAL,HS1306571,57,9.5,0.20199870268373427,110.99254869996416,35.46181955902338,-0.014742251635900205,-7.594657515926727
2025-01-01 09:50:00,800007,NORMAL,HS1306571,58,9.666666666666666,0.22463054619488684,112.63595300322297,34.49210028423204,0.010573493755556745,-4.144645080678586
2025-01-01 10:00:00,800007,NORMAL,HS1306571,59,9.833333333333332,0.23023111162646034,108.67755751237908,34.77927256639188,0.019299221141073936,-5.935315548517792
2025-01-01 10:10:00,800007,NORMAL,HS1306571,60,10.0,0.23401095281653067,104.88944400091397,34.515722845818175,0.025419484244367352,-7.8436914359801335
2025-01-01 10:20:00,800007,NORMAL,HS1306571,61,10.166666666666666,0.22620334245984186,117.70362145413672,34.22729389078194,0.0177326879237851,5.534505497736234
2025-01-01 10:30:00,800007,NORMAL,HS1306571,62,10.333333333333332,0.2183493851672138,115.3433284681292,33.0094335546929,0.008204356127453877,2.4019047090058194
2025-01-01 10:40:00,800007,NORMAL,HS1306571,63,10.5,0.21991495590543791,120.72882836579603,35.76855043983008,0.00729118913434032,6.306856265983427
2025-01-01 10:50:00,800007,NORMAL,HS1306571,64,10.666666666666666,0.21420130514041444,113.96896405035837,36.16409853886815,-0.0011968263277687963,-2.2211719372648275
2025-01-01 11:00:00,800007,NORMAL,HS1306571,65,10.833333333333332,0.22088179785533166,119.4484632597431,36.22763402717261,0.0024759718467903535,1.2932884686167796
2025-01-01 11:10:00,800007,NORMAL,HS1306571,66,11.0,0.21807197343761484,116.20967792519798,36.175467596858944,-0.003777797618043671,-4.3826856748653
2025-01-01 11:20:00,800007,NORMAL,HS1306571,67,11.166666666666666,0.19904185833476098,121.00390579661266,37.31452391618104,-0.02443649819722704,-1.1036996741060676
2025-01-01 11:30:00,800007,NORMAL,HS1306571,68,11.333333333333332,0.20212056098233722,113.24575440940302,36.475181332126844,-0.021192505904421594,-9.0346780611996
2025-01-01 11:40:00,800007,NORMAL,HS1306571,69,11.5,0.20329920084558897,128.14683733977736,37.47272157770167,-0.01911966258451525,6.311673047180477
2025-01-01 11:50:00,800007,NORMAL,HS1306571,70,11.666666666666666,0.20714782216535224,146.03030918416374,35.7459155265114,-0.01401079893932744,24.921260525478587
2025-01-01 12:00:00,800007,NORMAL,HS1306571,71,11.833333333333332,0.2156017149842978,136.08185874406283,37.541508068298995,-0.004130058080772048,15.820238610712664
2025-01-01 12:10:00,800007,NORMAL,HS1306571,72,12.0,0.19337736691802762,126.72743896255538,36.662738207351154,-0.02348773837104498,8.069300228900403
2025-01-01 12:20:00,800007,NORMAL,HS1306571,73,12.166666666666666,0.2039430847512885,123.17635533433388,37.40972634646171,-0.009905750234016797,6.1953333371307195
2025-01-01 12:30:00,800007,NORMAL,HS1306571,74,12.333333333333332,0.2071726928534249,119.8443248238422,35.94657794670374,-0.004460744517462256,4.0014674883358055
2025-01-01 12:40:00,800007,NORMAL,HS1306571,75,12.5,0.2130806098692802,108.27385414670553,35.76824425833362,0.0030925682353424855,-6.817524308816232
2025-01-01 12:50:00,800007,NORMAL,HS1306571,76,12.666666666666666,0.2387990421126472,123.78305152831832,36.51265427078079,0.030147360850423244,9.249624256964836
2025-01-01 13:00:00,800007,NORMAL,HS1306571,77,12.833333333333332,0.22779471531417073,117.28803517819719,33.46042995093854,0.0202989288774712,3.212143199528853
2025-01-01 13:10:00,800007,NORMAL,HS1306571,78,13.0,0.22761233345200657,121.44529941035442,33.817528763574295,0.020626804135850496,7.858289215512997
2025-01-01 13:20:00,800007,NORMAL,HS1306571,79,13.166666666666666,0.22267985542465923,113.16013153077658,35.81351934078115,0.014605127414956232,-0.4204872736071934
2025-01-01 13:30:00,800007,NORMAL,HS1306571,80,13.333333333333332,0.20223199173826908,112.56103173435045,38.35362924237465,-0.008425500619989673,-2.0182619456162882
2025-01-01 13:40:00,800007,NORMAL,HS1306571,81,13.5,0.2200558235025025,124.0027481534318,37.47458738434218,0.0061399950304062145,7.740172939570016
2025-01-01 13:50:00,800007,NORMAL,HS1306571,82,13.666666666666666,0.21434796808241716,108.89268835224283,37.34747929947155,-0.0031345757196411805,-9.351694413281848
2025-01-01 14:00:00,800007,NORMAL,HS1306571,83,13.833333333333332,0.2335058398084945,112.99489199687399,40.56916094552482,0.012120997266440642,-7.491780190413579
2025-01-01 14:10:00,800007,NORMAL,HS1306571,84,14.0,0.24607008339238312,119.56716698749044,42.40860477808027,0.020172525503563743,-4.101818255562776
2025-01-01 14:20:00,800007,NORMAL,HS1306571,85,14.166666666666666,0.23589751447059065,118.03778934114666,38.035675930050466,0.0059102284008665795,-9.315200558302237
2025-01-01 14:30:00,800007,NORMAL,HS1306571,86,14.333333333333332,0.24866329643709023,121.71652354950126,38.38926335073944,0.015387912620350913,-8.90966253877977
2025-01-01 14:40:00,800007,NORMAL,HS1306571,87,14.5,0.25057840937646597,124.27991299384655,36.65664865623779,0.014492533863713297,-9.28051946069354
2025-01-01 14:50:00,800007,NORMAL,HS1306571,88,14.666666666666666,0.26738542611707955,118.53434950651517,35.029622224838,0.028819075479255968,-17.702834738827463
2025-01-01 15:00:00,800007,NORMAL,HS1306571,89,14.833333333333332,0.26589187720845525,145.68472481894403,36.79916219189671,0.02503651828576617,6.9107349545879515
2025-01-01 15:10:00,800007,NORMAL,HS1306571,90,15.0,0.26403721098783023,135.83667988408158,35.05152968049024,0.021095955243343872,-5.063793858560757
2025-01-01 15:20:00,800007,NORMAL,HS1306571,91,15.166666666666666,0.26277941783216086,131.6647461812922,35.81440726236702,0.017764213357615022,-11.020293702547605
2025-01-01 15:30:00,800007,NORMAL,HS1306571,92,15.333333333333332,0.2602895316667735,150.76107974042787,34.835629124450286,0.013273471288711647,6.410768023664559
2025-01-01 15:40:00,800007,NORMAL,HS1306571,93,15.5,0.26175989322604865,141.60108982835024,35.31100964906145,0.012805332410422143,-4.353213526440896
2025-01-01 15:50:00,800007,NORMAL,HS1306571,94,15.666666666666666,0.26353481798076744,137.93726438678715,34.13138112284635,0.01265536486882951,-9.61360186068029
2025-01-01 16:00:00,800007,NORMAL,HS1306571,95,15.833333333333332,0.28384463991018016,148.8645085661376,34.167832371483016,0.03106118289121368,-0.2695347345449477
2025-01-01 16:10:00,800007,NORMAL,HS1306571,96,16.0,0.2727564705956004,149.21113049230055,34.87497907534505,0.01783349894461056,-1.4909677371149996
2025-01-01 16:20:00,800007,NORMAL,HS1306571,97,16.166666666666664,0.26356078222597906,158.21305445477813,33.20664933497181,0.006647650796828941,6.1916679033946025
2025-01-01 16:30:00,800007,NORMAL,HS1306571,98,16.333333333333332,0.2496264946089609,144.19936980529553,33.18055379730122,-0.008422514630218036,-8.462337987232473
2025-01-01 16:40:00,800007,NORMAL,HS1306571,99,16.5,0.2500615775297379,149.408444033511,34.25746406434349,-0.008667680974611347,-3.4800945656634212
2025-01-01 16:50:00,800007,NORMAL,HS1306571,100,16.666666666666664,0.24965717657537057,144.27169970376352,34.779141875461136,-0.009568802794567621,-8.663512825223762
2025-01-01 17:00:00,800007,NORMAL,HS1306571,101,16.833333333333332,0.25294677353134365,141.15054757381498,34.53340178555406,-0.0067287553166266445,-11.772518118687714
2025-01-01 17:10:00,800007,NORMAL,HS1306571,102,17.0,0.23729997528331423,126.66931119325264,35.19053692816589,-0.02162007858417772,-25.424626075745863
2025-01-01 17:20:00,800007,NORMAL,HS1306571,103,17.166666666666664,0.25093761186640406,139.8955022099278,33.36651626200637,-0.005066705316502773,-9.69056858739603
2025-01-01 17:30:00,800007,NORMAL,HS1306571,104,17.333333333333332,0.25360018788857563,154.49427591755997,31.018576958043955,0.001567130597626698,8.294592424221861
2025-01-01 17:40:00,800007,NORMAL,HS1306571,105,17.5,0.23926572289162001,135.18709047099117,33.059735986298755,-0.00830495447364804,-7.228654071608332
2025-01-01 17:50:00,800007,NORMAL,HS1306571,106,17.666666666666664,0.24622342880112488,135.76116342819319,32.113433258444346,0.0034565152941386512,-2.6212897066019707
2025-01-01 18:00:00,800007,NORMAL,HS1306571,107,17.833333333333332,0.22681996547111394,158.81019719306104,33.951189054056975,-0.010828155500083952,24.66375720292828
2025-01-01 18:10:00,800007,NORMAL,HS1306571,108,18.0,0.24651539414524926,144.52506293289443,32.97172998287668,0.013545674104886829,14.096743279012884
2025-01-01 18:20:00,800007,NORMAL,HS1306571,109,18.166666666666664,0.23620039606947524,151.36637448097184,33.844049186311736,0.0066028061149385475,23.400124238763638
2025-01-01 18:30:00,800007,NORMAL,HS1306571,110,18.333333333333332,0.24009927119173927,143.52921687629456,31.737296631242245,0.012724809882712046,17.06290967733331
2025-01-01 18:40:00,800007,NORMAL,HS1306571,111,18.5,0.25203963093938436,129.25770523807094,29.089843047386015,0.02644013078048474,3.880275739911042
2025-01-01 18:50:00,800007,NORMAL,HS1306571,112,18.666666666666664,0.23758497755157143,132.7445944168128,32.68044906112793,0.013595128944902085,8.299005335865644
2025-01-01 19:00:00,800007,NORMAL,HS1306571,113,18.833333333333332,0.22923879701087088,130.83295340994349,33.81365835604915,0.006784882988718016,7.251988569872182
2025-01-01 19:10:00,800007,NORMAL,HS1306571,114,19.0,0.22636165181937568,109.00075988531492,36.399214939104,0.005344162284121906,-13.739183245936701
2025-01-01 19:20:00,800007,NORMAL,HS1306571,115,19.166666666666664,0.1962810663352272,120.91163641036022,33.502852206203215,-0.022871634573875727,-0.7515288670974627
2025-01-01 19:30:00,800007,NORMAL,HS1306571,116,19.333333333333332,0.18620294877415494,122.86381718303373,33.64538260743606,-0.030230546547980186,2.8857440851444807
2025-01-01 19:40:00,800007,NORMAL,HS1306571,117,19.5,0.2064239763736588,122.59024190322089,32.346037209008735,-0.00696973267595713,4.572355171435305
2025-01-01 19:50:00,800007,NORMAL,HS1306571,118,19.666666666666664,0.20903873634765724,119.82242991358203,30.17782866624783,-0.0012113567890393306,3.846879592622102
2025-01-01 20:00:00,800007,NORMAL,HS1306571,119,19.833333333333332,0.19620830642424059,110.4845143370318,29.476729195900695,-0.010899453326949943,-3.4587029514083127
2025-01-01 20:10:00,800007,NORMAL,HS1306571,120,20.0,0.20323314348061428,110.06654210583085,28.390854597013643,0.0003090811662900539,-1.1009394764819405
2025-01-01 20:20:00,800007,NORMAL,HS1306571,121,20.166666666666664,0.20637053576515219,100.93874508300681,27.917149650813236,0.00787429660445016,-6.949407176913795
2025-01-01 20:30:00,800007,NORMAL,HS1306571,122,20.333333333333332,0.210568422167756,102.790268585505,29.896031660210824,0.01533344612108209,-2.543620251997524
2025-01-01 20:40:00,800007,NORMAL,HS1306571,123,20.5,0.19273091202665849,110.26329761750618,29.048278740075077,0.00021068283367056684,7.024965169580611
2025-01-01 20:50:00,800007,NORMAL,HS1306571,124,20.666666666666664,0.17432147888207694,90.46896542064636,28.1340585755481,-0.015553622942451245,-10.78195234515843
2025-01-01 21:00:00,800007,NORMAL,HS1306571,125,20.833333333333332,0.17947929647595554,95.00102655857025,26.986139140749998,-0.0076513556316328,-4.253662696345486
2025-01-01 21:10:00,800007,NORMAL,HS1306571,126,21.0,0.17611976845290767,95.85471189756467,27.651349622860575,-0.009051267076551878,-1.9198939229905818
2025-01-01 21:20:00,800007,NORMAL,HS1306571,127,21.166666666666664,0.18344344755215125,97.09527960830799,25.750609113494644,0.00015067898417053804,0.6252273714496255
2025-01-01 21:30:00,800007,NORMAL,HS1306571,128,21.333333333333332,0.1665069521937962,95.81489249457378,25.84315906739681,-0.01324865442999626,1.7280530164708239
2025-01-01 21:40:00,800007,NORMAL,HS1306571,129,21.5,0.1784882303709397,92.87029150491294,26.50453160986994,0.003414094743328433,2.0367416610049816
2025-01-01 21:50:00,800007,NORMAL,HS1306571,130,21.666666666666664,0.17087194400050826,90.04678008141444,28.216243044799796,0.0009402287757921124,2.8417546454865033
2025-01-01 22:00:00,800007,NORMAL,HS1306571,131,21.833333333333332,0.17556040072830342,90.32596938708599,26.286985014279516,0.010995136906415626,6.919372319935121
2025-01-01 22:10:00,800007,NORMAL,HS1306571,132,22.0,0.169303629208587,81.11981789145155,27.61065134134618,0.010170538480789304,1.481397012750321
2025-01-01 22:20:00,800007,NORMAL,HS1306571,133,22.166666666666664,0.1648131780377608,77.40951980207441,27.087333384836562,0.010828017761466413,1.2221787114011846
2025-01-01 22:30:00,800007,NORMAL,HS1306571,134,22.333333333333332,0.144419914023058,70.42555652201631,26.82810449204813,-0.005846736783592099,-3.199275254271157
2025-01-01 22:40:00,800007,NORMAL,HS1306571,135,22.5,0.14532969693493542,68.28541117954373,26.246599174713932,-0.0024646013863587335,-3.580524093515237
2025-01-01 22:50:00,800007,NORMAL,HS1306571,136,22.666666666666664,0.14406868225003777,69.13640580833147,26.562416313048733,-0.0019971505190269356,-1.4789339538573785
2025-01-01 23:00:00,800007,NORMAL,HS1306571,137,22.833333333333332,0.1381487970315912,76.80217161019007,26.26647100113795,-0.006638250047543481,7.125742457826917
2025-01-01 23:10:00,800007,NORMAL,HS1306571,138,23.0,0.13490287789726815,70.75840220823086,23.96427148808677,-0.008663822638445229,1.9362578190397954
2025-01-01 23:20:00,800007,NORMAL,HS1306571,139,23.166666666666664,0.13913015860822595,70.93912216105676,23.553762897157334,-0.0034291631047594084,2.759037004395182
2025-01-01 23:30:00,800007,NORMAL,HS1306571,140,23.333333333333332,0.15716394219527224,69.90861053503849,24.119821825885698,0.01465067166856579,1.8099788222377668
2025-01-01 23:40:00,800007,NORMAL,HS1306571,141,23.5,0.12538197828442935,68.9027148467818,25.411073828260736,-0.017993262821359685,0.3195410685477782
2025-01-01 23:50:00,800007,NORMAL,HS1306571,142,23.666666666666664,0.14632139788179374,65.67770430588253,24.957424268102557,0.0014966555727447817,-3.779014538659908
2025-01-02 00:00:00,800007,NORMAL,HS1306571,143,23.833333333333332,0.14869515509286,69.72968974424646,24.060483652550005,0.0021275744118624262,-0.8066568457176402
2025-01-02 00:10:00,800007,NORMAL,HS1306571,144,24.0,0.13424429292568235,68.6406607331328,23.549990215560456,-0.014261957647570045,-3.186782103477327
2025-01-02 00:20:00,800007,NORMAL,HS1306571,145,24.166666666666664,0.1461522215491819,68.57569471744094,21.105078641303365,-0.0033418539491456845,-4.126136559334867
2025-01-02 00:30:00,800007,NORMAL,HS1306571,146,24.333333333333332,0.1580255715022275,70.6865617810685,21.339629142800543,0.009080883653630134,-2.000196689587753
2025-01-02 00:40:00,800007,NORMAL,HS1306571,147,24.5,0.14375343195159285,71.39546682660603,21.112155832989778,-0.0036188084707103885,-0.617547536820723
2025-01-02 00:50:00,800007,NORMAL,HS1306571,148,24.666666666666664,0.14022244519504376,67.52366738742374,21.718844808324008,-0.005045307399454163,-3.462837664145553
2025-01-02 01:00:00,800007,NORMAL,HS1306571,149,24.833333333333332,0.1300011727862855,67.50292832157623,22.50695347752744,-0.012901406146385241,-2.2933719800949888
2025-01-02 01:10:00,800007,NORMAL,HS1306571,150,25.0,0.12079998758773675,68.10674566515566,21.997175501320946,-0.01869584234818153,0.25830362379942073
2025-01-02 01:20:00,800007,NORMAL,HS1306571,151,25.166666666666664,0.12695600450476288,64.39120425366951,20.399774411953448,-0.008551972203383829,-0.7697688981186559
2025-01-02 01:30:00,800007,NORMAL,HS1306571,152,25.333333333333332,0.11787925193770592,61.71317848553325,21.908268873982685,-0.013576648942704092,-0.6207040198442897
2025-01-02 01:40:00,800007,NORMAL,HS1306571,153,25.5,0.11196160571575804,58.07444141601843,21.645393942685647,-0.015208162363758312,-1.2969565692307867
2025-01-02 01:50:00,800007,NORMAL,HS1306571,154,25.666666666666664,0.11883210233397995,58.702524235492916,20.47397334646659,-0.0038038738372178915,2.4290301810687254
2025-01-02 02:00:00,800007,NORMAL,HS1306571,155,25.833333333333332,0.12245364624157233,51.198353798122646,21.17393275072335,0.004396900968772696,-1.9463140617495256
2025-01-02 02:10:00,800007,NORMAL,HS1306571,156,26.0,0.1219709335876164,47.096527313256544,18.537503734663243,0.007209409835950059,-3.529568412834024
2025-01-02 02:20:00,800007,NORMAL,HS1306571,157,26.166666666666664,0.11528021449056217,47.819043715472844,17.01262271475619,0.0018967776839665385,-1.3744744778431937
2025-01-02 02:30:00,800007,NORMAL,HS1306571,158,26.333333333333332,0.11310155091200577,45.86629329687332,16.968768103239697,-0.0005670824415500569,-2.8214098319038996
2025-01-02 02:40:00,800007,NORMAL,HS1306571,159,26.5,0.1271755661902362,50.983207146057545,18.483376246452327,0.011832379700592185,2.0146463708061617
2025-01-02 02:50:00,800007,NORMAL,HS1306571,160,26.666666666666664,0.12302028366848163,53.43541854544674,17.154962203810335,0.005100638984812958,3.6314484506114013
2025-01-02 03:00:00,800007,NORMAL,HS1306571,161,26.833333333333332,0.13727739853237161,52.91247922888677,17.651017290113725,0.016290521459642077,1.9374866094343162
2025-01-02 03:10:00,800007,NORMAL,HS1306571,162,27.0,0.13105699875103533,52.27845768772265,18.086827271356164,0.006658232731808267,-0.1223033069986883
2025-01-02 03:20:00,800007,NORMAL,HS1306571,163,27.166666666666664,0.1270986741177852,55.15476713143084,18.435788778807265,-0.0011059830451311536,1.0965963304858661
2025-01-02 03:30:00,800007,NORMAL,HS1306571,164,27.333333333333332,0.13160961880772534,56.638343516836606,17.712639757446425,0.00041931562530125865,1.261391314613391
2025-01-02 03:40:00,800007,NORMAL,HS1306571,165,27.5,0.1304339867657673,59.76285813793677,17.605158346910265,-0.002627213049288757,3.676091382153537
2025-01-02 03:50:00,800007,NORMAL,HS1306571,166,27.666666666666664,0.12862800648722336,55.47229956716863,18.71021512478592,-0.00567556362018537,-0.8941204382455865
2025-01-02 04:00:00,800007,NORMAL,HS1306571,167,27.833333333333332,0.1427448454605689,58.537881112461896,19.124485192604173,0.007410670736187203,2.0855303301961072
2025-01-02 04:10:00,800007,NORMAL,HS1306571,168,28.0,0.13951560296491233,60.08766828700885,18.461237214092385,0.003393333494958739,3.216532021238045
2025-01-02 04:20:00,800007,NORMAL,HS1306571,169,28.166666666666664,0.14474382200654662,53.456843441820766,18.517676789180744,0.008578629446866604,-4.047142668695436
2025-01-02 04:30:00,800007,NORMAL,HS1306571,170,28.333333333333332,0.14653906856902232,64.48862036103647,17.598874458940806,0.00924393446017957,5.705833632828778
2025-01-02 04:40:00,800007,NORMAL,HS1306571,171,28.5,0.1500450237148651,68.20818896444422,17.818477679545055,0.009959698736622752,7.214373542347836
2025-01-02 04:50:00,800007,NORMAL,HS1306571,172,28.666666666666664,0.14270991423020837,69.46920092121944,18.840474069828325,-0.001247532194443124,5.569385476710885
2025-01-02 05:00:00,800007,NORMAL,HS1306571,173,28.833333333333332,0.14042410526696658,70.87348679912824,20.22239622954166,-0.007775843520069464,3.771357488590624
2025-01-02 05:10:00,800007,NORMAL,HS1306571,174,29.0,0.1299530191260529,77.31253044479786,20.43137005682048,-0.023076890562249708,6.811573024945488
2025-01-02 05:20:00,800007,NORMAL,HS1306571,175,29.166666666666664,0.15441379650586243,79.20459724058198,20.214353745619917,-0.004864284459725449,4.5466576020074285
2025-01-02 05:30:00,800007,NORMAL,HS1306571,176,29.333333333333332,0.16416087500966653,77.10671543512612,21.478648797774188,-0.002041758753606404,-2.2488745035599607
2025-01-02 05:40:00,800007,NORMAL,HS1306571,177,29.5,0.19058398893705986,79.31145086892941,19.882806064809284,0.017453181090870185,-4.860444179801334
2025-01-02 05:50:00,800007,NORMAL,HS1306571,178,29.666666666666664,0.21264287801147583,96.11723529206307,21.074337179616297,0.032706911761532176,7.124533391925937
2025-01-02 06:00:00,800007,NORMAL,HS1306571,179,29.833333333333332,0.21704502880124063,104.72711172827651,22.080450893494685,0.030578571514409014,11.046577880715049
2025-01-02 06:10:00,800007,NORMAL,HS1306571,180,30.0,0.19519755566880764,98.29409558649914,23.452483954090685,0.003398201350633928,0.39482477080413503
2025-01-02 06:20:00,800007,NORMAL,HS1306571,181,30.166666666666664,0.20051382567850098,101.81333908771721,22.880750226735802,0.005774187500984129,0.9632600406985574
2025-01-02 06:30:00,800007,NORMAL,HS1306571,182,30.333333333333332,0.19967173367700305,105.12853572888241,25.25536704707251,0.0035637264984018646,2.453197248646987
2025-01-02 06:40:00,800007,NORMAL,HS1306571,183,30.5,0.19073915290440616,115.58865274515719,27.19568003705141,-0.006328762188221038,11.49845316016976
2025-01-02 06:50:00,800007,NORMAL,HS1306571,184,30.666666666666664,0.19121911069679193,103.06973623910643,28.198295128696955,-0.006911880154949868,-2.428355336699582
2025-01-02 07:00:00,800007,NORMAL,HS1306571,185,30.833333333333332,0.2143908409248825,112.00084076642919,27.94098459778336,0.015025425461908631,5.002986134965752
2025-01-02 07:10:00,800007,NORMAL,HS1306571,186,31.0,0.21309023894000523,112.8063242220921,28.95330864795972,0.011503569360686666,3.8780235227647637
2025-01-02 07:20:00,800007,NORMAL,HS1306571,187,31.166666666666664,0.21597910657303326,108.26668526758684,28.695101545432454,0.011007970173292997,-3.213891077184968
2025-01-02 07:30:00,800007,NORMAL,HS1306571,188,31.333333333333332,0.20918766934193053,114.18144053587095,29.902814470869597,0.0001838243446814769,-0.3210423466440204
2025-01-02 07:40:00,800007,NORMAL,HS1306571,189,31.5,0.22409276634428474,124.3239156479921,30.723957085714638,0.010917792891806083,6.6424599254225996
2025-01-02 07:50:00,800007,NORMAL,HS1306571,190,31.666666666666664,0.21495930525173565,123.42288421359605,30.339169152064123,-0.002334207658212323,2.5639880746226282
2025-01-02 08:00:00,800007,NORMAL,HS1306571,191,31.833333333333332,0.22348276625328548,115.5689453025983,30.237957827857496,0.002205829770505374,-8.39329649140322
2025-01-02 08:10:00,800007,NORMAL,HS1306571,192,32.0,0.2482326700055272,111.60061090873594,30.5984182871847,0.024264551366458414,-14.565717744876451
2025-01-02 08:20:00,800007,NORMAL,HS1306571,193,32.166666666666664,0.23796889586216063,131.80033454514705,30.3752579393211,0.01297661826007837,4.757812573615595
2025-01-02 08:30:00,800007,NORMAL,HS1306571,194,32.33333333333333,0.2315101766049124,127.38276937216595,31.308248786506084,0.006856294122196738,0.49645135921277017
2025-01-02 08:40:00,800007,NORMAL,HS1306571,195,32.5,0.23321980991343788,126.92478729918192,31.98233508936297,0.009598594177668923,0.7453343952705467
2025-01-02 08:50:00,800007,NORMAL,HS1306571,196,32.666666666666664,0.22909202116369812,133.88179647544723,31.94118510732864,0.006812372150897833,8.65295729910649
2025-01-02 09:00:00,800007,NORMAL,HS1306571,197,32.83333333333333,0.22428428516540647,132.5274892295298,35.04155574920587,0.0035543158994328083,8.396730636008527
2025-01-02 09:10:00,800007,NORMAL,HS1306571,198,33.0,0.2238579416941081,119.47316140789427,35.24233494523833,0.0036194677656004315,-4.020845981629321
2025-01-02 09:20:00,800007,NORMAL,HS1306571,199,33.166666666666664,0.23664323598678838,109.81783380226516,35.16983566687708,0.014685732283914371,-14.349234246136632
2025-01-02 09:30:00,800007,NORMAL,HS1306571,200,33.33333333333333,0.2450366632254015,116.40697005134265,37.42944839505421,0.0199858437069452,-9.44591899123273
2025-01-02 09:40:00,800007,NORMAL,HS1306571,201,33.5,0.22886648235934107,129.31186582205603,37.49974963056226,0.0002454745075370357,1.3596756675909916
2025-01-02 09:50:00,800007,NORMAL,HS1306571,202,33.666666666666664,0.25172255443007735,128.6194836215184,37.605820543101906,0.01935428142327983,-1.6078761811014601
2025-01-02 10:00:00,800007,NORMAL,HS1306571,203,33.83333333333333,0.24479960396724082,129.7145299769053,38.17762902390622,0.008701693909902275,-2.8149331605170573
2025-01-02 10:10:00,800007,NORMAL,HS1306571,204,34.0,0.2595563405466428,114.74905873434984,37.436774244630364,0.020676029974922766,-19.567164815038936
2025-01-02 10:20:00,800007,NORMAL,HS1306571,205,34.166666666666664,0.2536692836757251,121.3645811992522,36.91662863659451,0.014557134661357357,-13.003440660722049
2025-01-02 10:30:00,800007,NORMAL,HS1306571,206,34.33333333333333,0.25138808534107043,123.17208479625637,33.621274157373904,0.013966471738391606,-9.749327725149925
2025-01-02 10:40:00,800007,NORMAL,HS1306571,207,34.5,0.22818341463982106,123.10179538642508,35.72511035764892,-0.006814242004200832,-7.728718772148525
2025-01-02 10:50:00,800007,NORMAL,HS1306571,208,34.666666666666664,0.2211274695184524,119.87203375898102,37.2450607530732,-0.011236976094041284,-8.665224196305644
2025-01-02 11:00:00,800007,NORMAL,HS1306571,209,34.83333333333333,0.20728153169948207,124.08606018510199,36.14858523466854,-0.022365258972836866,-2.0780985523548026
2025-01-02 11:10:00,800007,NORMAL,HS1306571,210,35.0,0.23342077784574874,126.15101521812544,32.86217176500033,0.0066737401616720204,2.2884272730446327
2025-01-02 11:20:00,800007,NORMAL,HS1306571,211,35.166666666666664,0.2538197457673129,125.21176156032169,34.04896218096751,0.029881896794120177,3.255663250355582
2025-01-02 11:30:00,800007,NORMAL,HS1306571,212,35.33333333333333,0.23884493632786957,127.39404225102604,32.17047740173822,0.01739658530187868,6.991740606835634
2025-01-02 11:40:00,800007,NORMAL,HS1306571,213,35.5,0.2135913888815787,112.74997963147146,32.76518173262738,-0.005357530292375429,-6.149946316424945
2025-01-02 11:50:00,800007,NORMAL,HS1306571,214,35.666666666666664,0.21261056232760728,122.22475940699272,33.43923300358786,-0.003757563221225696,4.89607546335715
2025-01-02 12:00:00,800007,NORMAL,HS1306571,215,35.83333333333333,0.20797341075030806,120.52632501785793,34.66203996005724,-0.005760904537378764,4.826119827937447
2025-01-02 12:10:00,800007,NORMAL,HS1306571,216,36.0,0.2051745630960174,122.9566585196364,32.9042912439799,-0.005847669376871922,9.114301148171549
2025-01-02 12:20:00,800007,NORMAL,HS1306571,217,36.166666666666664,0.20614344789548875,105.50926265553214,33.60560042101735,-0.0028701784796981433,-6.629922556020972
2025-01-02 12:30:00,800007,NORMAL,HS1306571,218,36.33333333333333,0.2077384577158652,104.05242677123134,32.879055843620684,-0.00014519576140920032,-7.052916378236716
2025-01-02 12:40:00,800007,NORMAL,HS1306571,219,36.5,0.2098583347946563,106.62945764947474,33.780763668246955,0.0024755575398430762,-3.9531197009211354
2025-01-02 12:50:00,800007,NORMAL,HS1306571,220,36.666666666666664,0.20711581607738433,106.40575308138713,34.276415217961095,-0.00019554509464189684,-3.998132759383182
2025-01-02 13:00:00,800007,NORMAL,HS1306571,221,36.83333333333333,0.20306637476082837,111.86268049146203,34.742652105420326,-0.004452071151001463,1.4155509752837219
2025-01-02 13:10:00,800007,NORMAL,HS1306571,222,37.0,0.2059180153403616,121.8672188585678,36.20352666260943,-0.002548535070144936,10.898969693222597
2025-01-02 13:20:00,800007,NORMAL,HS1306571,223,37.166666666666664,0.21673033983496667,120.77637056478736,36.0885752466164,0.006692408152779744,8.861363778417228
2025-01-02 13:30:00,800007,NORMAL,HS1306571,224,37.33333333333333,0.21667612123714752,114.83380229093544,33.78868956346696,0.004903217399368859,1.876824329878346
2025-01-02 13:40:00,800007,NORMAL,HS1306571,225,37.5,0.22300807052352808,111.80908714986649,34.29024292409018,0.009367051811141919,-2.2622300828083013
2025-01-02 13:50:00,800007,NORMAL,HS1306571,226,37.666666666666664,0.21020689345411817,114.28962904383282,35.54617832579753,-0.005437294664055237,-0.9837584704703346
2025-01-02 14:00:00,800007,NORMAL,HS1306571,227,37.83333333333333,0.21065319029590826,115.00980817846363,36.685678013535586,-0.007116232001088407,-1.5539315961594724
2025-01-02 14:10:00,800007,NORMAL,HS1306571,228,38.0,0.22279879411052347,118.41473084580356,34.185530947365116,0.0027139469203817657,0.02402078968471244
2025-01-02 14:20:00,800007,NORMAL,HS1306571,229,38.166666666666664,0.21447501787577772,131.81957347626133,34.95733010563592,-0.0077121542585309455,11.08807101272879
2025-01-02 14:30:00,800007,NORMAL,HS1306571,230,38.33333333333333,0.2382957582232764,139.27129718016204,33.37219732260381,0.013889696339044938,15.98505967906749
2025-01-02 14:40:00,800007,NORMAL,HS1306571,231,38.5,0.24462414298859472,136.55500611047262,35.15017160215252,0.01796632852578342,10.636463607144734
2025-01-02 14:50:00,800007,NORMAL,HS1306571,232,38.666666666666664,0.24342370896390148,134.01463348987363,35.17403803252252,0.014612882081173811,5.51770663527202
2025-01-02 15:00:00,800007,NORMAL,HS1306571,233,38.83333333333333,0.24834297292679514,134.79059702453284,31.972990932088127,0.017480458323708536,3.7944588228550913
2025-01-02 15:10:00,800007,NORMAL,HS1306571,234,39.0,0.23550340952277776,138.75540114515042,31.749995017910738,0.0028576085614506197,5.707755372465556
2025-01-02 15:20:00,800007,NORMAL,HS1306571,235,39.166666666666664,0.23771937235709087,140.76422674603032,32.295353319652726,0.0023889579887821644,5.419790390404785
2025-01-02 15:30:00,800007,NORMAL,HS1306571,236,39.33333333333333,0.24423766935093347,137.11577173620805,34.754943734214734,0.00541555656390913,-1.085961514587325
2025-01-02 15:40:00,800007,NORMAL,HS1306571,237,39.5,0.2391123437918938,146.48054054799513,34.339033736347616,-0.0036826741332702806,5.038596770195056
2025-01-02 15:50:00,800007,NORMAL,HS1306571,238,39.666666666666664,0.25855651381178657,151.3339888264937,33.182829203865424,0.011548833294852512,6.4437458579574525
2025-01-02 16:00:00,800007,NORMAL,HS1306571,239,39.83333333333333,0.25139267753344163,145.95068232499887,33.96508810823846,3.628642435465901e-05,-2.5193024077215966
2025-01-02 16:10:00,800007,NORMAL,HS1306571,240,40.0,0.2598403793842055,145.92055485994308,35.8075825371601,0.0035131518840959552,-6.281347997496795
2025-01-02 16:20:00,800007,NORMAL,HS1306571,241,40.166666666666664,0.25160253708834857,157.10163654993744,33.9721223449068,-0.009136567900848658,1.803589067445614
2025-01-02 16:30:00,800007,NORMAL,HS1306571,242,40.33333333333333,0.2361129928596967,166.6994771356003,36.5540740756108,-0.027548192408225952,9.43400696587426
2025-01-02 16:40:00,800007,NORMAL,HS1306571,243,40.5,0.27822996982262427,164.540274494666,35.64077958224395,0.012675145152087175,6.133075397534782
2025-01-02 16:50:00,800007,NORMAL,HS1306571,244,40.666666666666664,0.26286961083051924,155.82973946775758,36.84682519775079,-0.004049264877351522,-3.27376107775072
2025-01-02 17:00:00,800007,NORMAL,HS1306571,245,40.83333333333333,0.24822140300741816,153.98978976252792,39.34270477962003,-0.019775701741612833,-5.569515267143942
2025-01-02 17:10:00,800007,NORMAL,HS1306571,246,41.0,0.2660161981525884,149.4864500244228,37.90945427844233,-0.0017471505130395304,-9.78915769082738
2025-01-02 17:20:00,800007,NORMAL,HS1306571,247,41.166666666666664,0.25402425492550784,143.8420732913722,37.196280522690884,-0.011700314969949166,-13.926661320273553
2025-01-02 17:30:00,800007,NORMAL,HS1306571,248,41.33333333333333,0.2680520956365454,142.61493160364634,36.94878926607568,0.005028319002538029,-13.038894808345589
2025-01-02 17:40:00,800007,NORMAL,HS1306571,249,41.5,0.2537117434445026,154.3052119596599,38.038694105220436,-0.006357039675178033,1.0060215511309423
2025-01-02 17:50:00,800007,NORMAL,HS1306571,250,41.666666666666664,0.2538455840307304,152.3776812937858,41.21306081595225,-0.0030408736231085642,1.6084302715340186
2025-01-02 18:00:00,800007,NORMAL,HS1306571,251,41.83333333333333,0.2631303545544689,138.27188108361725,38.65285901487367,0.009609287316181325,-9.83801845970612
2025-01-02 18:10:00,800007,NORMAL,HS1306571,252,42.0,0.2637143640649694,130.54472778572676,39.63137462727516,0.013932883795071849,-14.493763954624171
2025-01-02 18:20:00,800007,NORMAL,HS1306571,253,42.166666666666664,0.2735628249261293,130.02656169123568,37.785555276189385,0.02735219982502951,-11.791518141412297
2025-01-02 18:30:00,800007,NORMAL,HS1306571,254,42.33333333333333,0.24152629643710627,125.78912242656348,35.93325866655475,-0.001416455154129942,-13.044773117135534
2025-01-02 18:40:00,800007,NORMAL,HS1306571,255,42.5,0.22778272773592048,134.0527948542088,35.43938106082751,-0.011894506407450156,-1.8350248663466857
2025-01-02 18:50:00,800007,NORMAL,HS1306571,256,42.666666666666664,0.21077082046882425,131.57320475510534,34.98522235948696,-0.025567862087748694,-1.3288449548991537
2025-01-02 19:00:00,800007,NORMAL,HS1306571,257,42.83333333333333,0.2199162111419551,122.31847851392213,31.611804392687638,-0.013018136997255902,-7.556379110999714
2025-01-02 19:10:00,800007,NORMAL,HS1306571,258,43.0,0.23227585203078166,116.437170763126,30.81480633847798,0.0020372226554612183,-11.029571876386555
2025-01-02 19:20:00,800007,NORMAL,HS1306571,259,43.166666666666664,0.21282941439490605,116.77426140204854,30.89241467798568,-0.014911496050620754,-8.763576078611578
2025-01-02 19:30:00,800007,NORMAL,HS1306571,260,43.33333333333333,0.22559965591991674,120.36695688631247,30.715604701407262,0.00044383723946808673,-3.1926153984680496
2025-01-02 19:40:00,800007,NORMAL,HS1306571,261,43.5,0.2052521760918065,123.3605222687574,32.05070336285718,-0.017552382769159186,1.634705091510483
2025-01-02 19:50:00,800007,NORMAL,HS1306571,262,43.666666666666664,0.2169476317117951,118.18348626894918,32.37817864425247,-0.003733256439877014,-1.8823114785639348
2025-01-02 20:00:00,800007,NORMAL,HS1306571,263,43.83333333333333,0.2211718581749784,113.05896986055923,31.801810854081562,0.0024418388426817594,-5.476668831032725
2025-01-02 20:10:00,800007,NORMAL,HS1306571,264,44.0,0.19729674636072447,115.23696331981422,30.066353920927583,-0.01940426177503693,-1.7983882247744845
2025-01-02 20:20:00,800007,NORMAL,HS1306571,265,44.166666666666664,0.19938895335254822,103.43151994730961,29.518874488454586,-0.015372288090853947,-12.223889340359477
2025-01-02 20:30:00,800007,NORMAL,HS1306571,266,44.33333333333333,0.2117638152583692,107.730215233328,30.54291824013001,-0.0011117297112433755,-6.671258157352554
2025-01-02 20:40:00,800007,NORMAL,HS1306571,267,44.5,0.21473034683842696,100.13571306525917,29.66553890065924,0.003991340616994937,-12.896030273994555
2025-01-02 20:50:00,800007,NORMAL,HS1306571,268,44.666666666666664,0.2229514773901779,113.8066755522499,29.49267182883222,0.014559408808019175,2.2756242919632115
2025-01-02 21:00:00,800007,NORMAL,HS1306571,269,44.83333333333333,0.21408017691840275,113.20742208824218,29.482023075355503,0.00814849052445532,3.252823710120879
2025-01-02 21:10:00,800007,NORMAL,HS1306571,270,45.0,0.21009696365700858,107.59433694540371,28.977582833802835,0.006820769338998001,-0.5506187834330234
2025-01-02 21:20:00,800007,NORMAL,HS1306571,271,45.166666666666664,0.20333663033570767,101.4097304760143,30.3296842696656,0.0026223756785593855,-4.817455131120482
2025-01-02 21:30:00,800007,NORMAL,HS1306571,272,45.33333333333333,0.19651603745031762,100.07096760756787,29.169616396963484,-0.0014138883283658088,-4.055363328987937
2025-01-02 21:40:00,800007,NORMAL,HS1306571,273,45.5,0.19231675953723049,102.41977275426156,29.43928396017764,-0.002797115665337191,0.44046809273913823
2025-01-02 21:50:00,800007,NORMAL,HS1306571,274,45.666666666666664,0.18546866399938564,102.03714395027923,28.890176925876332,-0.00689883791301546,2.1564708037683005
2025-01-02 22:00:00,800007,NORMAL,HS1306571,275,45.83333333333333,0.17546043987732898,104.77226436894478,27.87860696906336,-0.0141770785640159,6.967991099005516
2025-01-02 22:10:00,800007,NORMAL,HS1306571,276,46.0,0.17861059484673913,95.63139188253574,26.75628179914662,-0.008180677707008255,-0.09703383491940087
2025-01-02 22:20:00,800007,NORMAL,HS1306571,277,46.166666666666664,0.18269643651177625,87.0885865640542,27.020669937515954,-0.00030821439122649674,-6.116852490010174
2025-01-02 22:30:00,800007,NORMAL,HS1306571,278,46.33333333333333,0.1743357702826606,91.07437181406269,25.965080587484373,-0.004072346519604031,0.9137505740335428
2025-01-02 22:40:00,800007,NORMAL,HS1306571,279,46.5,0.16386312852076007,82.22430063722271,26.648839500590288,-0.009398132863577685,-4.543650755914314
2025-01-02 22:50:00,800007,NORMAL,HS1306571,280,46.666666666666664,0.16173595343359576,86.27818718063907,26.45632560264925,-0.005900379217369384,3.1821647222722333
2025-01-02 23:00:00,800007,NORMAL,HS1306571,281,46.83333333333333,0.15267532186073782,78.60244583535649,23.83361857770174,-0.009044889066255196,-0.7283615816890858
2025-01-02 23:10:00,800007,NORMAL,HS1306571,282,47.0,0.1582021093479563,70.92763689241112,24.41785559412537,0.002996846725145552,-4.26939941315166
2025-01-02 23:20:00,800007,NORMAL,HS1306571,283,47.166666666666664,0.16655398146207398,72.86118682315562,25.379981744268516,0.017698563343907125,1.9902082007039752
2025-01-02 23:30:00,800007,NORMAL,HS1306571,284,47.33333333333333,0.15354325861940307,66.70744998426129,24.0520425193943,0.010409909972660225,-0.165919714395784
2025-01-02 23:40:00,800007,NORMAL,HS1306571,285,47.5,0.1421626919608078,59.542101507850234,25.414970303619345,0.004060787424427059,-3.74992005932927
2025-01-02 23:50:00,800007,NORMAL,HS1306571,286,47.666666666666664,0.13779587116346764,56.43639613245115,22.833973219025463,0.004096223317885589,-3.656481108670853
2025-01-01 00:10:00,800008,NORMAL,HS1306571,0,0.0,0.026649925185676562,4.4598351105654235,20.676887122016524,0.0010624469868960214,-0.02385542801291418
2025-01-01 00:20:00,800008,NORMAL,HS1306571,1,0.16666666666666666,0.05657381769718054,18.195561984601476,21.139056156973506,-0.0018870523065643366,1.2101813963734145
2025-01-01 00:30:00,800008,NORMAL,HS1306571,2,0.3333333333333333,0.10806535670237248,42.460015987672406,21.935276794716103,0.0013346478812595736,2.549581872940898
2025-01-01 00:40:00,800008,NORMAL,HS1306571,3,0.5,0.15163007695328484,61.885862049144215,21.308060587993992,0.01362347865047156,1.5929598700932317
2025-01-01 00:50:00,800008,NORMAL,HS1306571,4,0.6666666666666666,0.14885408096797945,70.97923338368207,20.48645154266866,0.0010537673422488791,1.7492830168839504
2025-01-01 01:00:00,800008,NORMAL,HS1306571,5,0.8333333333333333,0.1548949946294165,66.79474186587815,20.70101891597634,0.0059803159096014635,-4.37627615288423
2025-01-01 01:10:00,800008,NORMAL,HS1306571,6,1.0,0.14867641034111853,63.19424126458092,20.133598906651397,0.0011043179663105251,-7.260887721673605
2025-01-01 01:20:00,800008,NORMAL,HS1306571,7,1.1666666666666665,0.15527134309091115,65.39659613604606,20.544905149362556,0.011928149788560022,-2.149838819792805
2025-01-01 01:30:00,800008,NORMAL,HS1306571,8,1.3333333333333333,0.15084366600111063,67.62580229375108,19.005019386533974,0.012762194875498678,4.056023270694226
2025-01-01 01:40:00,800008,NORMAL,HS1306571,9,1.5,0.14790828786266003,62.054189918844514,18.561825406304493,0.01418509290929626,2.2159928039232497
2025-01-01 01:50:00,800008,NORMAL,HS1306571,10,1.6666666666666665,0.1360989850352151,61.032205116774094,18.280551491336627,0.005708700265470712,4.322509649248488
2025-01-01 02:00:00,800008,NORMAL,HS1306571,11,1.8333333333333333,0.11786150816730606,56.11092160885344,18.753423144817145,-0.009780210608447748,2.0749643506999504
2025-01-01 02:10:00,800008,NORMAL,HS1306571,12,2.0,0.11493854879429038,50.01140003658852,17.899631285649043,-0.012408449137114586,-3.041189387281783
2025-01-01 02:20:00,800008,NORMAL,HS1306571,13,2.1666666666666665,0.12136497547631038,52.84174180015138,18.479982896168544,-0.008946447108023822,-1.9292208646368536
2025-01-01 02:30:00,800008,NORMAL,HS1306571,14,2.333333333333333,0.136302693433432,57.85958202351926,17.766471831077542,0.001179871140398997,-0.28422414250900374
2025-01-01 02:40:00,800008,NORMAL,HS1306571,15,2.5,0.13842753128472557,65.48514778307795,17.614773092317773,-0.0016829493141632401,3.465982750055332
2025-01-01 02:50:00,800008,NORMAL,HS1306571,16,2.6666666666666665,0.1454632096185581,63.44101051087042,16.68929757383871,0.00100914207295269,-2.2394489446902313
2025-01-01 03:00:00,800008,NORMAL,HS1306571,17,2.833333333333333,0.13884748582282613,65.93225780964755,17.813782262338563,-0.009361054945788344,-3.0717040827183126
2025-01-01 03:10:00,800008,NORMAL,HS1306571,18,3.0,0.15769578792896669,69.49062842826663,18.367842116624296,0.009085843806514948,-0.9602349628514304
2025-01-01 03:20:00,800008,NORMAL,HS1306571,19,3.1666666666666665,0.14233998605554504,73.86639119826593,19.271359314618575,-0.003466912640385761,4.486171384998983
2025-01-01 03:30:00,800008,NORMAL,HS1306571,20,3.333333333333333,0.14049225721281833,67.26930289031834,19.946636710933312,-0.001965177429689602,-0.32424097159282894
2025-01-01 03:40:00,800008,NORMAL,HS1306571,21,3.5,0.13063216619978013,63.47629053553776,19.515573389338766,-0.008652401708445556,-2.3323868711923126
2025-01-01 03:50:00,800008,NORMAL,HS1306571,22,3.6666666666666665,0.12344303815228817,59.965192294520456,18.9552228696606,-0.012988313796426745,-4.243948753246734
2025-01-01 04:00:00,800008,NORMAL,HS1306571,23,3.833333333333333,0.12891303543205557,62.23107502755904,18.917208555749216,-0.004810882577671344,-0.48778547982720966
2025-01-01 04:10:00,800008,NORMAL,HS1306571,24,4.0,0.13632612188485224,62.97454393017893,18.491506107512144,0.0031479867139299345,0.7378681131254723
2025-01-01 04:20:00,800008,NORMAL,HS1306571,25,4.166666666666666,0.14165161892645278,63.13018086589016,19.85795015979202,0.006260621217410806,-0.4696210780273873
2025-01-01 04:30:00,800008,NORMAL,HS1306571,26,4.333333333333333,0.14711339471876372,67.0337690281029,20.054867977004896,0.008652750404550824,1.2589845969893645
2025-01-01 04:40:00,800008,NORMAL,HS1306571,27,4.5,0.1554397272923259,68.68068984993644,19.138446718467755,0.01377643240240084,0.5452954415804072
2025-01-01 04:50:00,800008,NORMAL,HS1306571,28,4.666666666666666,0.15342308906977914,74.96228711242925,19.145266092395254,0.008484202157330728,4.412839121646371
2025-01-01 05:00:00,800008,NORMAL,HS1306571,29,4.833333333333333,0.156239927436819,74.33551139288579,18.55534601045853,0.007926468630493927,1.318373880610963
2025-01-01 05:10:00,800008,NORMAL,HS1306571,30,5.0,0.1460005979110008,81.8591134288358,18.275216181444616,-0.006353768175331009,6.355174335880619
2025-01-01 05:20:00,800008,NORMAL,HS1306571,31,5.166666666666666,0.14847180724415313,90.50683524649482,18.83740485355004,-0.008896220789692683,12.577183180924877
2025-01-01 05:30:00,800008,NORMAL,HS1306571,32,5.333333333333333,0.1721945017956466,83.21528544829766,19.840007937176885,0.009478618851621323,2.7252648012953813
2025-01-01 05:40:00,800008,NORMAL,HS1306571,33,5.5,0.1710844405688708,88.02428031244656,19.060665075529204,0.002874520828089755,4.811564426480288
2025-01-01 05:50:00,800008,NORMAL,HS1306571,34,5.666666666666666,0.18601389863193812,91.55917035169432,19.98415026952034,0.012331991643716955,5.55360088752893
2025-01-01 06:00:00,800008,NORMAL,HS1306571,35,5.833333333333333,0.19725349743989193,87.20692295809705,21.590517933283422,0.018051401330974937,-1.7665436592400852
2025-01-01 06:10:00,800008,NORMAL,HS1306571,36,6.0,0.2003597861041432,89.06260437986968,19.934648989484817,0.01707303350820516,-2.571095904055568
2025-01-01 06:20:00,800008,NORMAL,HS1306571,37,6.166666666666666,0.19749501172050665,103.02870271428493,21.94218350343625,0.011884745488261406,9.337320324693565
2025-01-01 06:30:00,800008,NORMAL,HS1306571,38,6.333333333333333,0.18597811208821166,103.01628811846582,21.13420950349819,-0.0018473765361223249,7.311793167101726
2025-01-01 06:40:00,800008,NORMAL,HS1306571,39,6.5,0.19558652089062417,99.04843891500816,24.857238150800086,0.005736306337227631,1.4231336656120277
2025-01-01 06:50:00,800008,NORMAL,HS1306571,40,6.666666666666666,0.21165137447287552,105.88024744071706,25.511625385779848,0.020182584353536814,6.5748812079783505
2025-01-01 07:00:00,800008,NORMAL,HS1306571,41,6.833333333333333,0.2165743825867174,99.90644715142581,26.891248933747757,0.023858528912678256,-0.8294861143109244
2025-01-01 07:10:00,800008,NORMAL,HS1306571,42,7.0,0.2084982247670821,97.1861509086971,27.492925732428958,0.014135719486659037,-4.950005866186942
2025-01-01 07:20:00,800008,NORMAL,HS1306571,43,7.166666666666666,0.20172436487786094,100.74397458772164,28.18598207855525,0.0058377363459129195,-2.5510848332012017
2025-01-01 07:30:00,800008,NORMAL,HS1306571,44,7.333333333333333,0.20306473182751333,98.0720616889448,28.429514177385116,0.005980171297042897,-6.081471129974105
2025-01-01 07:40:00,800008,NORMAL,HS1306571,45,7.5,0.20631437882294482,105.08943202463901,30.725591499067264,0.007423694523606472,-0.24424768338688807
2025-01-01 07:50:00,800008,NORMAL,HS1306571,46,7.666666666666666,0.20820726585321017,104.32376609979036,30.12952602821057,0.006908315379163199,-2.5948378374413608
2025-01-01 08:00:00,800008,NORMAL,HS1306571,47,7.833333333333333,0.20035060802439034,102.28242047005587,31.561805402550252,-0.0036086600503507926,-6.4170544087255195
2025-01-01 08:10:00,800008,NORMAL,HS1306571,48,8.0,0.20551245283039257,101.74786139551304,30.65969137473576,-0.00036965529579430223,-8.392414200095232
2025-01-01 08:20:00,800008,NORMAL,HS1306571,49,8.166666666666666,0.2053860782721283,111.55259989512534,30.168486515154726,-0.0016515409142344728,0.5350899650446195
2025-01-01 08:30:00,800008,NORMAL,HS1306571,50,8.333333333333332,0.2066989945062155,120.27748211926821,31.60517822284306,-0.001979428103719205,8.141924533685355
2025-01-01 08:40:00,800008,NORMAL,HS1306571,51,8.5,0.21433693772650053,121.99718215786748,33.64446874436997,0.003523678718247908,8.392108712459759
2025-01-01 08:50:00,800008,NORMAL,HS1306571,52,8.666666666666666,0.21382300439666826,124.39511349508162,33.21474364632232,0.0006596708463390555,9.132129424458654
2025-01-01 09:00:00,800008,NORMAL,HS1306571,53,8.833333333333332,0.22663241480876606,107.73954868914696,34.85144042960028,0.01105325904042559,-9.253904726104011
2025-01-01 09:10:00,800008,NORMAL,HS1306571,54,9.0,0.19907351986248428,108.88027121421794,35.70245600062536,-0.01876952658117237,-9.763029157123981
2025-01-01 09:20:00,800008,NORMAL,HS1306571,55,9.166666666666666,0.22327275652635714,108.83372524500068,35.7913292534384,0.004062414333418585,-10.996489448020498
2025-01-01 09:30:00,800008,NORMAL,HS1306571,56,9.333333333333332,0.22449910776648954,114.12398479898779,36.21162075719858,0.00583096250828069,-5.6325235604530235
2025-01-01 09:40:00,800008,NORMAL,HS1306571,57,9.5,0.22599130866513678,116.17643293412418,36.724542890113035,0.00925035434550231,-2.4107732817667085
2025-01-01 09:50:00,800008,NORMAL,HS1306571,58,9.666666666666666,0.20169374222237466,117.30491721594754,32.81715984243979,-0.012363310216955442,0.5243191320459886
2025-01-01 10:00:00,800008,NORMAL,HS1306571,59,9.833333333333332,0.2054638121936379,113.8883694460182,32.77871090961669,-0.005468078291748502,-0.724503614878671
2025-01-01 10:10:00,800008,NORMAL,HS1306571,60,10.0,0.2068490802290294,106.52159075265284,33.60918895106335,-0.0017423883431339215,-6.211544684241261
2025-01-01 10:20:00,800008,NORMAL,HS1306571,61,10.166666666666666,0.204687129240261,111.62727195596737,34.050448868285535,-0.003783525295795759,-0.541844000433116
2025-01-01 10:30:00,800008,NORMAL,HS1306571,62,10.333333333333332,0.203195702440131,112.24809203726778,33.978753926518664,-0.0069493265996289355,-0.6933317218555999
2025-01-01 10:40:00,800008,NORMAL,HS1306571,63,10.5,0.22444363048234334,115.43574986036292,32.504129975618085,0.011819863711245743,1.0137777605503118
2025-01-01 10:50:00,800008,NORMAL,HS1306571,64,10.666666666666666,0.23282834959429466,121.1840936895849,34.311931996639785,0.017430218126111424,4.993957701961705
2025-01-01 11:00:00,800008,NORMAL,HS1306571,65,10.833333333333332,0.2187112022918596,127.80994174846316,37.607194405665794,0.00030537628331830935,9.654766957336847
2025-01-01 11:10:00,800008,NORMAL,HS1306571,66,11.0,0.21017204407372644,110.04263351678229,37.215858568798666,-0.011677726981932063,-10.549730083280991
2025-01-01 11:20:00,800008,NORMAL,HS1306571,67,11.166666666666666,0.19693886842436362,112.73098003536423,36.58576024282415,-0.02653948810762441,-9.376625435354498
2025-01-01 11:30:00,800008,NORMAL,HS1306571,68,11.333333333333332,0.22018858767072774,115.35159357320909,36.915276920563734,-0.0031244792160310675,-6.928838897393533
2025-01-01 11:40:00,800008,NORMAL,HS1306571,69,11.5,0.23626881658394042,127.73584048795738,38.093110278832,0.013849953153836192,5.900676195360489
2025-01-01 11:50:00,800008,NORMAL,HS1306571,70,11.666666666666666,0.23331592717381547,123.1138009832301,36.017002659787664,0.012157306069135787,2.0047523245449526
2025-01-01 12:00:00,800008,NORMAL,HS1306571,71,11.833333333333332,0.2306551449532635,136.59680438624443,35.821386484328386,0.010923371888193645,16.335184252894265
2025-01-01 12:10:00,800008,NORMAL,HS1306571,72,12.0,0.2176626756801641,115.69189319905415,35.736088145181675,0.00079757039109149,-2.96624553460083
2025-01-01 12:20:00,800008,NORMAL,HS1306571,73,12.166666666666666,0.23838758682990815,112.74502756864487,35.520643735284246,0.024538751844602857,-4.235994428558286
2025-01-01 12:30:00,800008,NORMAL,HS1306571,74,12.333333333333332,0.21449585723490555,112.80655964214307,36.68689007263359,0.0028624198640183895,-3.0362976933633234
2025-01-01 12:40:00,800008,NORMAL,HS1306571,75,12.5,0.2100918014511294,119.90523273286988,34.80190487040915,0.00010375981719168426,4.813854277348113
2025-01-01 12:50:00,800008,NORMAL,HS1306571,76,12.666666666666666,0.2221364231678918,117.40481575705958,34.134468851682136,0.013484741905667869,2.871388485706092
2025-01-01 13:00:00,800008,NORMAL,HS1306571,77,12.833333333333332,0.212860108647602,119.3041409928088,36.30057799832783,0.005364322210902467,5.228249014140459
2025-01-01 13:10:00,800008,NORMAL,HS1306571,78,13.0,0.20771641558046522,124.26946793942838,35.76707323849165,0.000730886264309144,10.682457744586955
2025-01-01 13:20:00,800008,NORMAL,HS1306571,79,13.166666666666666,0.22535067355544386,114.73639520992818,36.50746973170037,0.017275945545740856,1.155776405544401
2025-01-01 13:30:00,800008,NORMAL,HS1306571,80,13.333333333333332,0.22759299658869678,112.2606311904338,36.78572031236826,0.01693550423043802,-2.31866248953294
2025-01-01 13:40:00,800008,NORMAL,HS1306571,81,13.5,0.21037629832504978,120.33876055305608,36.21227838639154,-0.003539530147046499,4.076185339194296
2025-01-01 13:50:00,800008,NORMAL,HS1306571,82,13.666666666666666,0.2140127716101518,125.4500577135821,37.842016947929324,-0.0034697721919065283,7.205674948057421
2025-01-01 14:00:00,800008,NORMAL,HS1306571,83,13.833333333333332,0.20160967868292146,117.87755206276756,37.207820918503835,-0.01977516385913239,-2.609120124520004
2025-01-01 14:10:00,800008,NORMAL,HS1306571,84,14.0,0.223236600512286,115.64443315192202,38.351353969257275,-0.0026609573765333794,-8.024552091131198
2025-01-01 14:20:00,800008,NORMAL,HS1306571,85,14.166666666666666,0.24149867530317126,121.07645161548817,38.5358191346197,0.011511389233447189,-6.276538283960733
2025-01-01 14:30:00,800008,NORMAL,HS1306571,86,14.333333333333332,0.22822466205837091,127.09252735678837,38.08380855535199,-0.005050721758368404,-3.5336587314926646
2025-01-01 14:40:00,800008,NORMAL,HS1306571,87,14.5,0.233316669016989,127.42341079012913,38.617227228319194,-0.0027692064957636764,-6.137021664410966
2025-01-01 14:50:00,800008,NORMAL,HS1306571,88,14.666666666666666,0.21701777441868136,137.98535351840354,40.52452098776482,-0.021548576219142218,1.7481692730609097
2025-01-01 15:00:00,800008,NORMAL,HS1306571,89,14.833333333333332,0.2242373427057059,136.17377910329716,36.85801100149151,-0.016618016216983195,-2.600210761058918
2025-01-01 15:10:00,800008,NORMAL,HS1306571,90,15.0,0.23803592413100655,134.87434968077045,36.5496100507065,-0.0049053316134798075,-6.026124061871883
2025-01-01 15:20:00,800008,NORMAL,HS1306571,91,15.166666666666666,0.2422159742972829,143.33047790209412,35.5768564385583,-0.00279923017726294,0.6454380182543105
2025-01-01 15:30:00,800008,NORMAL,HS1306571,92,15.333333333333332,0.2569991970164257,137.74686685800376,33.34644138834059,0.009983136638363865,-6.603444858759559
2025-01-01 15:40:00,800008,NORMAL,HS1306571,93,15.5,0.24734738000998033,141.0144527761645,32.94188825960987,-0.0016071808056461745,-4.939850578626647
2025-01-01 15:50:00,800008,NORMAL,HS1306571,94,15.666666666666666,0.23139215611444242,142.84152397321907,33.79413601401239,-0.019487296997495518,-4.709342274248371
2025-01-01 16:00:00,800008,NORMAL,HS1306571,95,15.833333333333332,0.21838448158517876,150.21461784724127,33.84936038095957,-0.034398975433787726,1.0805745465587222
2025-01-01 16:10:00,800008,NORMAL,HS1306571,96,16.0,0.22915970322804682,161.4192984625705,33.51151652401406,-0.025763268422942992,10.717200233154955
2025-01-01 16:20:00,800008,NORMAL,HS1306571,97,16.166666666666664,0.2724829356123577,158.96721652807275,33.57984817634424,0.01556980418320758,6.945829976689225
2025-01-01 16:30:00,800008,NORMAL,HS1306571,98,16.333333333333332,0.2793782533031693,147.70316430866194,34.87999094406476,0.021329244063990338,-4.958543483866066
2025-01-01 16:40:00,800008,NORMAL,HS1306571,99,16.5,0.23488978551077816,147.18998945715813,32.66657128810203,-0.023839472993571087,-5.698549142016276
2025-01-01 16:50:00,800008,NORMAL,HS1306571,100,16.666666666666664,0.23932663591064987,146.90013328811062,32.59867819946125,-0.019899343459288316,-6.035079240876655
2025-01-01 17:00:00,800008,NORMAL,HS1306571,101,16.833333333333332,0.2429946903643332,139.54735987375847,32.415950390611485,-0.016680838483637106,-13.375705818744223
2025-01-01 17:10:00,800008,NORMAL,HS1306571,102,17.0,0.2484840448331963,151.5894963030244,33.58520695118804,-0.010436009034295646,-0.504440965974112
2025-01-01 17:20:00,800008,NORMAL,HS1306571,103,17.166666666666664,0.25289510337306953,148.64289804963886,33.63494081359854,-0.003109213809837308,-0.9431727476849687
2025-01-01 17:30:00,800008,NORMAL,HS1306571,104,17.333333333333332,0.242238310787692,137.16027265898535,31.519387036751016,-0.00979474650325693,-9.039410834352765
2025-01-01 17:40:00,800008,NORMAL,HS1306571,105,17.5,0.2245917306247138,137.91993167740998,33.00986424109684,-0.022978946740554257,-4.495812865189521
2025-01-01 17:50:00,800008,NORMAL,HS1306571,106,17.666666666666664,0.2325934366075302,136.0147719700714,35.09410760914802,-0.010173476899456024,-2.3676811647237628
2025-01-01 18:00:00,800008,NORMAL,HS1306571,107,17.833333333333332,0.2322165212004797,129.80369980616655,33.922834728901236,-0.005431599770718193,-4.342740183966214
2025-01-01 18:10:00,800008,NORMAL,HS1306571,108,18.0,0.2174536948679679,126.5598252283888,33.18304473675091,-0.015516025172394532,-3.8684944254927416
2025-01-01 18:20:00,800008,NORMAL,HS1306571,109,18.166666666666664,0.22537108898551064,137.95093683201932,31.098208845140352,-0.004226500969026048,9.984686589811119
2025-01-01 18:30:00,800008,NORMAL,HS1306571,110,18.333333333333332,0.2164516287701469,134.08857620032953,32.03057008050049,-0.010922832538880323,7.622269001368281
2025-01-01 18:40:00,800008,NORMAL,HS1306571,111,18.5,0.22918379264016442,136.55250465771553,32.899019597471074,0.0035842924812647947,11.175075159555632
2025-01-01 18:50:00,800008,NORMAL,HS1306571,112,18.666666666666664,0.24125629706540797,135.7231946591011,36.25101352029279,0.01726644845873862,11.277605578153953
2025-01-01 19:00:00,800008,NORMAL,HS1306571,113,18.833333333333332,0.22787027953013664,122.98204278588894,32.696643648924294,0.0054163655079837725,-0.598922054182367
2025-01-01 19:10:00,800008,NORMAL,HS1306571,114,19.0,0.21928181912970268,137.18473479130577,32.646527489782905,-0.0017356704055510874,14.44479166005415
2025-01-01 19:20:00,800008,NORMAL,HS1306571,115,19.166666666666664,0.20591356370194683,145.7140759875674,32.9743281663178,-0.01323913720715611,24.050910710109733
2025-01-01 19:30:00,800008,NORMAL,HS1306571,116,19.333333333333332,0.19615554917022543,133.41398542671521,31.63122902720521,-0.020277946151909698,13.435912328825964
2025-01-01 19:40:00,800008,NORMAL,HS1306571,117,19.5,0.21026544613879533,115.65543499272611,30.322851315694866,-0.003128262910820606,-2.362451739059466
2025-01-01 19:50:00,800008,NORMAL,HS1306571,118,19.666666666666664,0.21053291265227705,125.63672778208782,30.91323788270709,0.0002828195155804847,9.661177461127892
2025-01-01 20:00:00,800008,NORMAL,HS1306571,119,19.833333333333332,0.19825101419155244,118.62955991242929,31.26457545278972,-0.008856745559638085,4.686342623989177
2025-01-01 20:10:00,800008,NORMAL,HS1306571,120,20.0,0.2115849873396037,116.94640666690893,29.723406617867845,0.008660925025279487,5.778925084596139
2025-01-01 20:20:00,800008,NORMAL,HS1306571,121,20.166666666666664,0.19877846293900586,113.64035525930375,27.253362175254118,0.00028222377830383616,5.752202999383144
2025-01-01 20:30:00,800008,NORMAL,HS1306571,122,20.333333333333332,0.20210326734258163,107.45913607990987,27.75903020082665,0.006868291295907714,2.1252472424073403
2025-01-01 20:40:00,800008,NORMAL,HS1306571,123,20.5,0.18964782809314681,98.73004998638274,28.71775163141586,-0.0028724010998411043,-4.508282461542834
2025-01-01 20:50:00,800008,NORMAL,HS1306571,124,20.666666666666664,0.18903372953159586,109.23892511828575,28.64533191244575,-0.0008413722929323242,7.988007352480963
2025-01-01 21:00:00,800008,NORMAL,HS1306571,125,20.833333333333332,0.17778730112928345,105.45375312754341,28.539120359112356,-0.009343350978304882,6.199063872627676
2025-01-01 21:10:00,800008,NORMAL,HS1306571,126,21.0,0.1819454455206929,100.56983840487364,28.358746706762354,-0.0032255900087666545,2.7952325843183843
2025-01-01 21:20:00,800008,NORMAL,HS1306571,127,21.166666666666664,0.16507930433006301,96.6013951803595,26.726402453314307,-0.018213464237917698,0.13134294350113862
2025-01-01 21:30:00,800008,NORMAL,HS1306571,128,21.333333333333332,0.16421847003263254,96.95188341029834,25.799388943136194,-0.015537136591159906,2.865043932195377
2025-01-01 21:40:00,800008,NORMAL,HS1306571,129,21.5,0.16217618929159655,91.15676087359141,25.953111753174444,-0.01289794633601471,0.32321102968344917
2025-01-01 21:50:00,800008,NORMAL,HS1306571,130,21.666666666666664,0.17402509541747613,94.53596443107925,25.92182683870686,0.004093380192759982,7.330938995151314
2025-01-01 22:00:00,800008,NORMAL,HS1306571,131,21.833333333333332,0.16826677223763942,84.25316039375862,27.282485076535934,0.00370150841575162,0.8465633266077504
2025-01-01 22:10:00,800008,NORMAL,HS1306571,132,22.0,0.15484454851022694,78.56615701020775,28.05153458794307,-0.0042885422175707455,-1.0722638684934793
2025-01-01 22:20:00,800008,NORMAL,HS1306571,133,22.166666666666664,0.1569697740739165,73.71628188578656,27.897694514224746,0.0029846137976221043,-2.4710592048866715
2025-01-01 22:30:00,800008,NORMAL,HS1306571,134,22.333333333333332,0.15251726282801856,78.3134053762683,27.617578052194787,0.0022506120213684477,4.688573599980842
2025-01-01 22:40:00,800008,NORMAL,HS1306571,135,22.5,0.13297625412506156,71.03126111236584,25.067532439063125,-0.014818044196232588,-0.834674160693126
2025-01-01 22:50:00,800008,NORMAL,HS1306571,136,22.666666666666664,0.13822714278650403,70.92177196143135,25.50910754577335,-0.007838689982560682,0.30643219924249365
2025-01-01 23:00:00,800008,NORMAL,HS1306571,137,22.833333333333332,0.13818047769004058,66.38211833106241,25.27950315092907,-0.006606569389094097,-3.2943108213007406
2025-01-01 23:10:00,800008,NORMAL,HS1306571,138,23.0,0.1281040291783012,70.63674975325826,24.60769725206124,-0.015462671357412194,1.8146053640671909
2025-01-01 23:20:00,800008,NORMAL,HS1306571,139,23.166666666666664,0.11847493244430621,71.01904995806797,24.08968539524975,-0.024084389268679146,2.838964801406391
2025-01-01 23:30:00,800008,NORMAL,HS1306571,140,23.333333333333332,0.1320687800946562,71.51488464660564,25.34086025852303,-0.010444490432050257,3.4162529338049126
2025-01-01 23:40:00,800008,NORMAL,HS1306571,141,23.5,0.1434345662598406,75.51563868084695,23.988573205696415,5.932515405157601e-05,6.932464902612921
2025-01-01 23:50:00,800008,NORMAL,HS1306571,142,23.666666666666664,0.155410753431771,70.5820878447955,22.691796563630504,0.010586011122722033,1.125369000253059
2025-01-02 00:00:00,800008,NORMAL,HS1306571,143,23.833333333333332,0.14722324310229978,75.98406879647554,24.401741794261927,0.0006556624213022166,5.447722206511443
2025-01-02 00:10:00,800008,NORMAL,HS1306571,144,24.0,0.14970586325647048,76.21164753314291,23.673900730846995,0.001199612683218082,4.384204696532777
2025-01-02 00:20:00,800008,NORMAL,HS1306571,145,24.166666666666664,0.15143992385785415,76.81733375391532,22.168635511829958,0.0019458483595265752,4.115502477139515
2025-01-02 00:30:00,800008,NORMAL,HS1306571,146,24.333333333333332,0.14563337676866178,72.95120367798576,22.07423139873362,-0.003311311079935597,0.2644452073295014
2025-01-02 00:40:00,800008,NORMAL,HS1306571,147,24.5,0.1476765733129134,79.08838113717599,21.99846985338166,0.00030433289061015945,7.075366773749238
2025-01-02 00:50:00,800008,NORMAL,HS1306571,148,24.666666666666664,0.1545537725999619,78.21689757017397,21.373655934647445,0.009286020005463969,7.230392518604674
2025-01-02 01:00:00,800008,NORMAL,HS1306571,149,24.833333333333332,0.14757447997598175,67.13456901727264,22.403489070898903,0.004671901043311,-2.6617312843985843
2025-01-02 01:10:00,800008,NORMAL,HS1306571,150,25.0,0.12402243530070141,66.87056272408392,22.566153896643325,-0.015473394635216867,-0.9778793172723113
2025-01-02 01:20:00,800008,NORMAL,HS1306571,151,25.166666666666664,0.13475559687073405,73.42988235004327,21.269391811221098,-0.0007523798374126645,8.268909198255102
2025-01-02 01:30:00,800008,NORMAL,HS1306571,152,25.333333333333332,0.14731866363890306,61.71136166034932,20.76662646447518,0.01586276275849305,-0.6225208450282196
2025-01-02 01:40:00,800008,NORMAL,HS1306571,153,25.5,0.14093568602608258,58.24068768325079,20.601276066987975,0.01376591794656623,-1.1307103019984268
2025-01-02 01:50:00,800008,NORMAL,HS1306571,154,25.666666666666664,0.1267387352602754,53.28783068947002,18.992096568285973,0.004102759089077562,-2.9856633649541706
2025-01-02 02:00:00,800008,NORMAL,HS1306571,155,25.833333333333332,0.11184536004875485,56.73935136791393,18.8258695643252,-0.0062113852240447825,3.5946835080417614
2025-01-02 02:10:00,800008,NORMAL,HS1306571,156,26.0,0.10819611634962259,53.4637217149511,17.796620825134028,-0.006565407402043755,2.8376259888605304
2025-01-02 02:20:00,800008,NORMAL,HS1306571,157,26.166666666666664,0.10335202771847547,47.36802732586796,17.18615439568026,-0.010031409088120155,-1.8254908674480745
2025-01-02 02:30:00,800008,NORMAL,HS1306571,158,26.333333333333332,0.11381496365908268,45.43902698407429,18.226586690167025,0.0001463303055268539,-3.2486761447029338
2025-01-02 02:40:00,800008,NORMAL,HS1306571,159,26.5,0.12069114469472901,49.884220501642744,17.194770611848632,0.0053479582050849905,0.9156597263913611
2025-01-02 02:50:00,800008,NORMAL,HS1306571,160,26.666666666666664,0.12737485522209013,48.97785882406481,17.40148703745728,0.009455210538421466,-0.8261112707705252
2025-01-02 03:00:00,800008,NORMAL,HS1306571,161,26.833333333333332,0.12610874517451423,56.50992989420059,18.133102621595345,0.005121868101784693,5.534937274748138
2025-01-02 03:10:00,800008,NORMAL,HS1306571,162,27.0,0.1308893662128262,57.86687364480427,17.959158313952763,0.00649060019359915,5.466112650082934
2025-01-02 03:20:00,800008,NORMAL,HS1306571,163,27.166666666666664,0.123130990891829,52.01157162358576,18.629428903194967,-0.0050736662710873515,-2.0465991773592123
2025-01-02 03:30:00,800008,NORMAL,HS1306571,164,27.333333333333332,0.1275153876997166,59.8537367759978,19.40960206876307,-0.003674915482707486,4.476784573774587
2025-01-02 03:40:00,800008,NORMAL,HS1306571,165,27.5,0.13046487033501264,60.40175831909702,19.495810556739453,-0.00259632948004343,4.314991563313789
2025-01-02 03:50:00,800008,NORMAL,HS1306571,166,27.666666666666664,0.14646390256322628,57.359292118742204,19.607638609094256,0.012160332455817546,0.9928721133279836
2025-01-02 04:00:00,800008,NORMAL,HS1306571,167,27.833333333333332,0.15432501672085594,55.97277275215972,19.734765173546297,0.018990841996474245,-0.4795780301060688
2025-01-02 04:10:00,800008,NORMAL,HS1306571,168,28.0,0.13275085059121236,54.68622734059178,18.789528191942697,-0.0033714188787412336,-2.1849089251790303
2025-01-02 04:20:00,800008,NORMAL,HS1306571,169,28.166666666666664,0.13167168543152302,61.80247455132641,18.377278543894054,-0.004493507128156993,4.29848844081021
2025-01-02 04:30:00,800008,NORMAL,HS1306571,170,28.333333333333332,0.1377992823556025,58.595911938437105,19.846081695658686,0.0005041482467597336,-0.18687478977058447
2025-01-02 04:40:00,800008,NORMAL,HS1306571,171,28.5,0.14162029035223828,63.39542916302968,20.224422554911136,0.0015349653739959168,2.4016137409333
2025-01-02 04:50:00,800008,NORMAL,HS1306571,172,28.666666666666664,0.15026636871892185,67.48150310030684,20.841466880378796,0.006308922294270353,3.5816876557982837
2025-01-02 05:00:00,800008,NORMAL,HS1306571,173,28.833333333333332,0.14917513906569677,69.1012006742093,20.88783988469124,0.0009751902786607203,1.9990713636716748
2025-01-02 05:10:00,800008,NORMAL,HS1306571,174,29.0,0.16908311244578764,72.15072665934474,20.7776541980527,0.016053202757485036,1.6497692394923718
2025-01-02 05:20:00,800008,NORMAL,HS1306571,175,29.166666666666664,0.18000686374444974,81.28571892052288,21.392105407255283,0.020728782778861865,6.627779281948335
2025-01-02 05:30:00,800008,NORMAL,HS1306571,176,29.333333333333332,0.16717231661192222,83.55673250443483,20.372595324446536,0.0009696828486492892,4.2011425657487536
2025-01-02 05:40:00,800008,NORMAL,HS1306571,177,29.5,0.19033723143705403,84.42903820697748,21.87470128275007,0.017206423590864356,0.25714315824673406
2025-01-02 05:50:00,800008,NORMAL,HS1306571,178,29.666666666666664,0.19203932218745565,83.83466070664495,21.88320679128995,0.012103355937511995,-5.158041193492181
2025-01-02 06:00:00,800008,NORMAL,HS1306571,179,29.833333333333332,0.1979886400615049,88.09157947868187,21.841724366829762,0.01152218277467329,-5.588954368879598
2025-01-02 06:10:00,800008,NORMAL,HS1306571,180,30.0,0.21199686842619114,90.18251864419675,22.621415387734974,0.020197514108017428,-7.716752171498257
2025-01-02 06:20:00,800008,NORMAL,HS1306571,181,30.166666666666664,0.19694197734923935,96.98150611619796,23.164281969991915,0.002202339171722495,-3.86857293082069
2025-01-02 06:30:00,800008,NORMAL,HS1306571,182,30.333333333333332,0.18748622736704346,104.55545351750919,24.228735395239468,-0.008621779811557734,1.880115037273768
2025-01-02 06:40:00,800008,NORMAL,HS1306571,183,30.5,0.186106301741058,101.138330857259,25.892482892026564,-0.0109616133515692,-2.9518687277284243
2025-01-02 06:50:00,800008,NORMAL,HS1306571,184,30.666666666666664,0.18566702675657953,105.38382912475193,26.60213300943902,-0.012463964095162261,-0.11426245105408839
2025-01-02 07:00:00,800008,NORMAL,HS1306571,185,30.833333333333332,0.19634436185440335,113.36766862445438,28.94958095275647,-0.003021053608570523,6.369813992990942
2025-01-02 07:10:00,800008,NORMAL,HS1306571,186,31.0,0.2134210497364364,113.28915534316762,32.40317270709962,0.011834380157117852,4.360854643840284
2025-01-02 07:20:00,800008,NORMAL,HS1306571,187,31.166666666666664,0.22021159547999974,110.16739233013622,32.971689002400524,0.015240459080259477,-1.3131840146355813
2025-01-02 07:30:00,800008,NORMAL,HS1306571,188,31.333333333333332,0.22762419470900686,113.41992044576595,30.713706688650586,0.0186203497117578,-1.082562436749015
2025-01-02 07:40:00,800008,NORMAL,HS1306571,189,31.5,0.23210896716398494,121.72129297840176,29.627691826303742,0.01893399371150628,4.039837255832268
2025-01-02 07:50:00,800008,NORMAL,HS1306571,190,31.666666666666664,0.23792314030969774,118.58657355801046,31.286483411600123,0.020629627399749773,-2.272322580962964
2025-01-02 08:00:00,800008,NORMAL,HS1306571,191,31.833333333333332,0.21369979265078673,132.79244839502977,31.326718210084785,-0.0075771438319933715,8.830206601028252
2025-01-02 08:10:00,800008,NORMAL,HS1306571,192,32.0,0.18746797949814104,140.74364991155755,32.59660687367457,-0.036500139140927756,14.577321257945158
2025-01-02 08:20:00,800008,NORMAL,HS1306571,193,32.166666666666664,0.20803284976709932,119.78429002156584,30.99389066504082,-0.016959427834982943,-7.258231949965619
2025-01-02 08:30:00,800008,NORMAL,HS1306571,194,32.33333333333333,0.21585257704003857,120.37645378818254,31.68174369845448,-0.008801305442677099,-6.509864224770638
2025-01-02 08:40:00,800008,NORMAL,HS1306571,195,32.5,0.22760465311252803,124.8066288050969,32.820106347471516,0.003983437376759075,-1.372824098814462
2025-01-02 08:50:00,800008,NORMAL,HS1306571,196,32.666666666666664,0.20043859967354855,120.02601625773013,31.370005876123525,-0.02184104933925174,-5.202822918610607
2025-01-02 09:00:00,800008,NORMAL,HS1306571,197,32.83333333333333,0.23788771763370156,128.63792636548558,33.10698004258814,0.017157748367727904,4.507167771964305
2025-01-02 09:10:00,800008,NORMAL,HS1306571,198,33.0,0.22561168791534966,124.5710126081013,35.237839016498945,0.005373213986841985,1.0770052185777104
2025-01-02 09:20:00,800008,NORMAL,HS1306571,199,33.166666666666664,0.23307814984449662,125.69835089339148,34.56622810998686,0.011120646141622614,1.5312828449896898
2025-01-02 09:30:00,800008,NORMAL,HS1306571,200,33.33333333333333,0.22636081117216889,138.98231871527304,37.71918939962116,0.0013099916537125944,13.129429672697654
2025-01-02 09:40:00,800008,NORMAL,HS1306571,201,33.5,0.23532521181073035,136.35967793562622,37.88103242964386,0.006704203958926319,8.40748778116118
2025-01-02 09:50:00,800008,NORMAL,HS1306571,202,33.666666666666664,0.22113698431957182,129.72437988700992,35.3850558990236,-0.011231288687225699,-0.5029799156099557
2025-01-02 10:00:00,800008,NORMAL,HS1306571,203,33.83333333333333,0.21948964844405477,134.26967889611845,38.42259876803209,-0.01660826161328377,1.7402157586960811
2025-01-02 10:10:00,800008,NORMAL,HS1306571,204,34.0,0.23290392308295235,128.96250560972337,38.54043747492301,-0.005976387488767665,-5.353717939665415
2025-01-02 10:20:00,800008,NORMAL,HS1306571,205,34.166666666666664,0.23006209089082513,138.72137118576273,40.31002685605835,-0.00905005812354262,4.353349325788486
2025-01-02 10:30:00,800008,NORMAL,HS1306571,206,34.33333333333333,0.2418121233549201,125.88495553654664,36.77993001975243,0.004390509752241284,-7.0364569848596545
2025-01-02 10:40:00,800008,NORMAL,HS1306571,207,34.5,0.22334778064662025,128.109856238139,35.66564198252116,-0.011649875997401637,-2.720657920434604
2025-01-02 10:50:00,800008,NORMAL,HS1306571,208,34.666666666666664,0.23192368320488257,120.70375725372686,36.784606251748436,-0.00044076240761112273,-7.8335007015597995
2025-01-02 11:00:00,800008,NORMAL,HS1306571,209,34.83333333333333,0.23765778380262845,127.62408568703471,34.89278392830106,0.008010993130309507,1.4599269495779197
2025-01-02 11:10:00,800008,NORMAL,HS1306571,210,35.0,0.24279017404798434,121.18284350645631,32.713328657886656,0.016043136363907612,-2.679744438624496
2025-01-02 11:20:00,800008,NORMAL,HS1306571,211,35.166666666666664,0.23583327115633776,117.92992697575671,34.54440072614932,0.011895422183145016,-4.026171334209394
2025-01-02 11:30:00,800008,NORMAL,HS1306571,212,35.33333333333333,0.22216417819140627,116.80628995157291,34.65525038924756,0.000715827165415378,-3.5960116926174948
2025-01-02 11:40:00,800008,NORMAL,HS1306571,213,35.5,0.21897509822129207,114.77364066407175,34.36450012208736,2.6179047337954175e-05,-4.126285283824657
2025-01-02 11:50:00,800008,NORMAL,HS1306571,214,35.666666666666664,0.21417172782145696,113.35721122495048,31.09523630094331,-0.0021963977273760094,-3.971472718685092
2025-01-02 12:00:00,800008,NORMAL,HS1306571,215,35.83333333333333,0.19875784384925382,116.25107920802759,32.08726717350991,-0.014976471438433003,0.550874018107109
2025-01-02 12:10:00,800008,NORMAL,HS1306571,216,36.0,0.19469784726608688,128.29308687675655,31.706987855959362,-0.016324385206802433,14.45072950529169
2025-01-02 12:20:00,800008,NORMAL,HS1306571,217,36.166666666666664,0.20159117801161774,121.49563164459524,33.71024414119582,-0.007422448363569145,9.356446433042123
2025-01-02 12:30:00,800008,NORMAL,HS1306571,218,36.33333333333333,0.20639809192864217,110.68253637190867,33.52199984881323,-0.0014855615486322193,-0.4228067775593871
2025-01-02 12:40:00,800008,NORMAL,HS1306571,219,36.5,0.18939360054072224,92.40206546156318,34.44915921941465,-0.017989176714090976,-18.180511888832697
2025-01-02 12:50:00,800008,NORMAL,HS1306571,220,36.666666666666664,0.20566078757916817,101.42448101303809,33.08250235007504,-0.0016505735928580567,-8.979404827732225
2025-01-02 13:00:00,800008,NORMAL,HS1306571,221,36.83333333333333,0.2201231892959666,109.38418585972182,35.1748271248635,0.01260474338413678,-1.0629436564564827
2025-01-02 13:10:00,800008,NORMAL,HS1306571,222,37.0,0.20019914459169655,109.08168093249999,35.391166690923605,-0.008267405818809997,-1.8865682328452067
2025-01-02 13:20:00,800008,NORMAL,HS1306571,223,37.166666666666664,0.18627330388113938,101.92313388324949,36.96149658628186,-0.023764627801047544,-9.991872903120637
2025-01-02 13:30:00,800008,NORMAL,HS1306571,224,37.33333333333333,0.19982647566796902,103.72714425234369,36.29906212212659,-0.011946428169809648,-9.2298337087134
2025-01-02 13:40:00,800008,NORMAL,HS1306571,225,37.5,0.19189704388215265,110.13916766261376,33.937658510063024,-0.02174397483023352,-3.9321495700610285
2025-01-02 13:50:00,800008,NORMAL,HS1306571,226,37.666666666666664,0.2232126785386341,108.8788028625864,34.51075055727924,0.007568490420460705,-6.394584651716755
2025-01-02 14:00:00,800008,NORMAL,HS1306571,227,37.83333333333333,0.22269141256387598,98.99079243539153,36.20483188675445,0.004921990266879311,-17.572947339231575
2025-01-02 14:10:00,800008,NORMAL,HS1306571,228,38.0,0.21030977934025494,105.5124689218123,33.569149215421795,-0.00977506784988677,-12.878241134306549
2025-01-02 14:20:00,800008,NORMAL,HS1306571,229,38.166666666666664,0.21433794881547655,118.64673222199185,33.477743074392386,-0.007849223318832116,-2.0847702415406815
2025-01-02 14:30:00,800008,NORMAL,HS1306571,230,38.33333333333333,0.2351923146429766,112.03849173214364,33.841354441716334,0.010786252758745146,-11.247745768950907
2025-01-02 14:40:00,800008,NORMAL,HS1306571,231,38.5,0.22965292307622942,118.81789990019585,32.014664531527764,0.002995108613418118,-7.10064260313203
2025-01-02 14:50:00,800008,NORMAL,HS1306571,232,38.666666666666664,0.22598282584539373,130.5636963780947,30.66712530248572,-0.002828001037333938,2.066769523493093
2025-01-02 15:00:00,800008,NORMAL,HS1306571,233,38.83333333333333,0.2267570208977013,125.47138454311684,30.646594077500687,-0.004105493705385294,-5.524753658560911
2025-01-02 15:10:00,800008,NORMAL,HS1306571,234,39.0,0.23161669246844346,128.4546784411463,31.67345145604266,-0.0010291084928836791,-4.592967331538546
2025-01-02 15:20:00,800008,NORMAL,HS1306571,235,39.166666666666664,0.23608631785255235,147.03718353186676,33.534296240536484,0.0007559034842436474,11.692747176241227
2025-01-02 15:30:00,800008,NORMAL,HS1306571,236,39.33333333333333,0.24462292287931792,135.06899227862152,33.51190504888686,0.005800810092293579,-3.132740972173849
2025-01-02 15:40:00,800008,NORMAL,HS1306571,237,39.5,0.2685069643844402,133.20449193562015,33.9956268362689,0.02571194645927613,-8.237451842179922
2025-01-02 15:50:00,800008,NORMAL,HS1306571,238,39.666666666666664,0.2626484819116664,139.11247238839118,30.3260291668703,0.01564080139473234,-5.777770580145074
2025-01-02 16:00:00,800008,NORMAL,HS1306571,239,39.83333333333333,0.2881878309654955,145.4905613856134,31.451049105557942,0.03683143985640852,-2.9794233471070584
2025-01-02 16:10:00,800008,NORMAL,HS1306571,240,40.0,0.24533273843723458,149.6749864473682,34.19359280011289,-0.01099448906287498,-2.5269164100716637
2025-01-02 16:20:00,800008,NORMAL,HS1306571,241,40.166666666666664,0.2481907483590753,146.91968822968028,36.00894972847177,-0.01254835663012191,-8.37835925281155
2025-01-02 16:30:00,800008,NORMAL,HS1306571,242,40.33333333333333,0.2441576435593553,154.39987654008175,36.12964794495815,-0.019503541708567357,-2.8655936296442803
2025-01-02 16:40:00,800008,NORMAL,HS1306571,243,40.5,0.26387639163325227,148.38997291139773,38.14195510898886,-0.001678433037284821,-10.017226185733477
2025-01-02 16:50:00,800008,NORMAL,HS1306571,244,40.666666666666664,0.28414286838599756,156.9174464032866,39.16760044275219,0.017223992678126798,-2.186054142221707
2025-01-02 17:00:00,800008,NORMAL,HS1306571,245,40.83333333333333,0.2378289774475656,140.6748955354487,38.36518731863612,-0.030168127301465397,-18.88440949422315
2025-01-02 17:10:00,800008,NORMAL,HS1306571,246,41.0,0.22696077437730175,155.0496607245724,40.0041545886156,-0.040802574288326204,-4.225946990677784
2025-01-02 17:20:00,800008,NORMAL,HS1306571,247,41.166666666666664,0.23050692751738888,144.17900022802252,43.56153909294299,-0.035217642378068126,-13.589734383623238
2025-01-02 17:30:00,800008,NORMAL,HS1306571,248,41.33333333333333,0.2576035843718807,143.66636305052313,40.60021355926945,-0.0054201922621267,-11.987463361468798
2025-01-02 17:40:00,800008,NORMAL,HS1306571,249,41.5,0.2537134175857056,144.3668520651159,41.21072865553708,-0.0063553655339750326,-8.932338343413079
2025-01-02 17:50:00,800008,NORMAL,HS1306571,250,41.666666666666664,0.24882052272189448,149.93402331054384,39.898895975707624,-0.008065934931944463,-0.8352277117079439
2025-01-02 18:00:00,800008,NORMAL,HS1306571,251,41.83333333333333,0.24131831863467307,148.22627073958026,38.66742435309055,-0.012202748603614533,0.11637119625689252
2025-01-02 18:10:00,800008,NORMAL,HS1306571,252,42.0,0.23509394661683253,134.4685316961363,38.676679129122846,-0.014687533653065021,-10.569960044214639
2025-01-02 18:20:00,800008,NORMAL,HS1306571,253,42.166666666666664,0.23741222697879732,143.81789442207736,36.77381194432363,-0.008798398122302487,1.999814589429377
2025-01-02 18:30:00,800008,NORMAL,HS1306571,254,42.33333333333333,0.22414857622663723,141.53692201578926,36.56162824788355,-0.018794175364598986,2.7030264720902437
2025-01-02 18:40:00,800008,NORMAL,HS1306571,255,42.5,0.23710270492760877,132.3979848690905,36.39341352498024,-0.0025745292157618727,-3.489834851464991
2025-01-02 18:50:00,800008,NORMAL,HS1306571,256,42.666666666666664,0.2233698752573132,127.50407950292785,35.07590226444608,-0.012968807299259755,-5.397970207076639
2025-01-02 19:00:00,800008,NORMAL,HS1306571,257,42.83333333333333,0.2684007805383311,123.1203914401325,32.54598371171239,0.03546643239912012,-6.754466184789351
2025-01-02 19:10:00,800008,NORMAL,HS1306571,258,43.0,0.23377545100991853,118.62331463788067,30.61932911356973,0.003536821634598092,-8.843428001631892
2025-01-02 19:20:00,800008,NORMAL,HS1306571,259,43.166666666666664,0.2431273753143644,132.96598711812834,32.638981348151766,0.015386464868837602,7.428149637468223
2025-01-02 19:30:00,800008,NORMAL,HS1306571,260,43.33333333333333,0.22090302264484388,125.51324218914802,31.78163795996969,-0.004252796035604772,1.9536699043675014
2025-01-02 19:40:00,800008,NORMAL,HS1306571,261,43.5,0.2145803517917085,117.55809842644277,30.87435160240171,-0.008224207069257167,-4.1677187508041555
2025-01-02 19:50:00,800008,NORMAL,HS1306571,262,43.666666666666664,0.22020446454427184,111.38177518912667,28.45910820115104,-0.00047642360740027256,-8.684022558386445
2025-01-02 20:00:00,800008,NORMAL,HS1306571,263,43.83333333333333,0.21940373614437175,117.69874278023835,29.69425863724008,0.0006737168120751202,-0.8368959113536079
2025-01-02 20:10:00,800008,NORMAL,HS1306571,264,44.0,0.22260085188148107,113.26393467639586,29.72890861292864,0.005899843745719668,-3.771416868192844
2025-01-02 20:20:00,800008,NORMAL,HS1306571,265,44.166666666666664,0.22456371077935142,109.92302276394669,30.717422852580224,0.009802469335949249,-5.732386523722397
2025-01-02 20:30:00,800008,NORMAL,HS1306571,266,44.33333333333333,0.2440785845073137,101.04211449379285,31.21715719672613,0.03120303953770112,-13.359358896887699
2025-01-02 20:40:00,800008,NORMAL,HS1306571,267,44.5,0.22747775091284225,107.68114672752236,29.814280796597075,0.016738744691410234,-5.350596611731362
2025-01-02 20:50:00,800008,NORMAL,HS1306571,268,44.666666666666664,0.22585819692798353,113.056793948278,27.45138337613864,0.01746612834582481,1.5257426879913112
2025-01-02 21:00:00,800008,NORMAL,HS1306571,269,44.83333333333333,0.1930203274489244,119.28342828247386,26.564584980836635,-0.012911358945023044,9.32882990435256
2025-01-02 21:10:00,800008,NORMAL,HS1306571,270,45.0,0.17796298174461517,112.88433434204808,27.508156396009735,-0.025313212573395416,4.739378613211343
2025-01-02 21:20:00,800008,NORMAL,HS1306571,271,45.166666666666664,0.19137144163175018,105.39670954091565,28.202755796062117,-0.009342813025398106,-0.8304760662191342
2025-01-02 21:30:00,800008,NORMAL,HS1306571,272,45.33333333333333,0.21629664732714085,96.92535891055661,27.633627387772513,0.01836672154845742,-7.200972025999192
2025-01-02 21:40:00,800008,NORMAL,HS1306571,273,45.5,0.1987595049150897,100.25093665310696,27.499901886551317,0.003645629712522025,-1.7283680084154582
2025-01-02 21:50:00,800008,NORMAL,HS1306571,274,45.666666666666664,0.19982771501982494,103.69510486738956,28.469145645941165,0.007460213107423841,3.8144317208786305
2025-01-02 22:00:00,800008,NORMAL,HS1306571,275,45.83333333333333,0.19776186176236435,100.1803087997857,27.904809103503254,0.008124343321019467,2.3760355298464475
2025-01-02 22:10:00,800008,NORMAL,HS1306571,276,46.0,0.17024524366125574,97.81033383310313,28.309665334645153,-0.016546028892491654,2.081908115647991
2025-01-02 22:20:00,800008,NORMAL,HS1306571,277,46.166666666666664,0.18296505512723293,94.45993244579732,28.222611928407396,-3.959577576981288e-05,1.2544933917329502
2025-01-02 22:30:00,800008,NORMAL,HS1306571,278,46.33333333333333,0.1769040824728406,81.16127545492472,28.239545261981196,-0.001504034329424031,-8.999345785104424
2025-01-02 22:40:00,800008,NORMAL,HS1306571,279,46.5,0.17534995337218037,75.325972701162,27.158453990040066,0.002088691987842617,-11.441978691975024
2025-01-02 22:50:00,800008,NORMAL,HS1306571,280,46.666666666666664,0.15775743702676367,72.47785748684916,25.51316667798933,-0.009878895624201467,-10.618164971517672
2025-01-02 23:00:00,800008,NORMAL,HS1306571,281,46.83333333333333,0.1534865343879523,74.00938503834337,25.326215647425673,-0.008233676539040724,-5.321422378702209
2025-01-02 23:10:00,800008,NORMAL,HS1306571,282,47.0,0.1574485080887379,71.12402874549335,25.105780359604196,0.002243245465927135,-4.073007560069428
2025-01-02 23:20:00,800008,NORMAL,HS1306571,283,47.166666666666664,0.15229816883859149,70.304470086585,22.543940747379704,0.003442750720424631,-0.566508535866646
2025-01-02 23:30:00,800008,NORMAL,HS1306571,284,47.33333333333333,0.12738268066514383,70.28473259798301,24.44519293346932,-0.01575066798159902,3.411362899325937
2025-01-02 23:40:00,800008,NORMAL,HS1306571,285,47.5,0.12643653079184664,62.85389491322526,24.371287984260885,-0.011665373744534108,-0.43812665395424233
2025-01-02 23:50:00,800008,NORMAL,HS1306571,286,47.666666666666664,0.11984168284004969,60.13632465223806,22.25379907992414,-0.013857965005532366,0.043447411116055434
2025-01-01 00:10:00,800009,NORMAL,HS1306571,0,0.0,0.028583982373910317,4.675678856463034,21.268917318030724,0.002996504175129776,0.1919883178846966
2025-01-01 00:20:00,800009,NORMAL,HS1306571,1,0.16666666666666666,0.05837760345048541,17.17076051471582,20.055100193170126,-8.326655325946453e-05,0.1853799264877587
2025-01-01 00:30:00,800009,NORMAL,HS1306571,2,0.3333333333333333,0.10853174169289137,38.62240727217185,20.8649525358718,0.001801032871778463,-1.2880268425596597
2025-01-01 00:40:00,800009,NORMAL,HS1306571,3,0.5,0.1395250708571097,60.89933811317203,20.248642483735463,0.0015184725542964073,0.6064359341210448
2025-01-01 00:50:00,800009,NORMAL,HS1306571,4,0.6666666666666666,0.1580296691856924,67.71156155028532,19.83147343391637,0.010229355559961822,-1.5183888165127968
2025-01-01 01:00:00,800009,NORMAL,HS1306571,5,0.8333333333333333,0.16613475270252775,71.60105053658882,20.0683644489014,0.01722007398271272,0.43003251782643304
2025-01-01 01:10:00,800009,NORMAL,HS1306571,6,1.0,0.15155083175424086,70.0117759420072,20.338533361677506,0.003978739379432855,-0.44335304424731703
2025-01-01 01:20:00,800009,NORMAL,HS1306571,7,1.1666666666666665,0.13922930430957134,74.56349198630993,19.67919651485315,-0.004113888992779785,7.017057030471065
2025-01-01 01:30:00,800009,NORMAL,HS1306571,8,1.3333333333333333,0.13666706165870035,64.61896052444102,19.64132493665148,-0.001414409466911598,1.0491815013841688
2025-01-01 01:40:00,800009,NORMAL,HS1306571,9,1.5,0.13013957583802382,60.88717998272659,20.43081863379277,-0.003583619115339942,1.0489828678053286
2025-01-01 01:50:00,800009,NORMAL,HS1306571,10,1.6666666666666665,0.12203363183299021,60.60235001014584,19.257428940137377,-0.008356652936754166,3.8926545426202352
2025-01-01 02:00:00,800009,NORMAL,HS1306571,11,1.8333333333333333,0.1196934327357551,58.84390706458475,18.402366371104407,-0.007948286039998712,4.80794980643126
2025-01-01 02:10:00,800009,NORMAL,HS1306571,12,2.0,0.12446777987428867,51.13976099254924,19.332386885800172,-0.0028792180571163006,-1.91282843132106
2025-01-01 02:20:00,800009,NORMAL,HS1306571,13,2.1666666666666665,0.123609041790936,54.1117085787392,18.940259787591156,-0.006702380793398202,-0.6592540860490388
2025-01-01 02:30:00,800009,NORMAL,HS1306571,14,2.333333333333333,0.13849613779956363,59.5824352964628,18.381385616111434,0.0033733155065306386,1.4386291304345349
2025-01-01 02:40:00,800009,NORMAL,HS1306571,15,2.5,0.1422637965459172,66.35089859958612,18.908194733889008,0.002153315947028389,4.3317335665635
2025-01-01 02:50:00,800009,NORMAL,HS1306571,16,2.6666666666666665,0.135745761422363,71.59339421859933,19.345016871996677,-0.008708306123242415,5.9129347630386775
2025-01-01 03:00:00,800009,NORMAL,HS1306571,17,2.833333333333333,0.13375844267252138,74.58547437392457,18.19286035249152,-0.0144500980960931,5.581512481558704
2025-01-01 03:10:00,800009,NORMAL,HS1306571,18,3.0,0.14930636544925563,73.2822318943041,19.149985703026807,0.0006964213268038921,2.8313685031860416
2025-01-01 03:20:00,800009,NORMAL,HS1306571,19,3.1666666666666665,0.15193959156381637,66.17328791573931,19.353115192528268,0.006132692867885564,-3.206931897527639
2025-01-01 03:30:00,800009,NORMAL,HS1306571,20,3.333333333333333,0.1442394500194068,67.57551861176012,18.10164119153632,0.0017820153768988711,-0.01802525015105516
2025-01-01 03:40:00,800009,NORMAL,HS1306571,21,3.5,0.14614172697727204,70.49895526258015,19.263405182023746,0.0068571590690463535,4.690277855850084
2025-01-01 03:50:00,800009,NORMAL,HS1306571,22,3.6666666666666665,0.1327843791395671,72.16527721234665,18.939926417149024,-0.0036469728091478304,7.956136164579462
2025-01-01 04:00:00,800009,NORMAL,HS1306571,23,3.833333333333333,0.13881484644597644,69.77040780807502,18.525183279234934,0.005090928436249531,7.0515473006887746
2025-01-01 04:10:00,800009,NORMAL,HS1306571,24,4.0,0.13746489657281896,65.54890637883929,17.628945925953275,0.004286761401896655,3.3122305617858316
2025-01-01 04:20:00,800009,NORMAL,HS1306571,25,4.166666666666666,0.13263714137332974,62.66348631912402,20.013932899416492,-0.0027538563357122348,-0.9363156247935294
2025-01-01 04:30:00,800009,NORMAL,HS1306571,26,4.333333333333333,0.14825315287782717,58.31010311406348,19.530303854983266,0.009792508563614272,-7.464681317050051
2025-01-01 04:40:00,800009,NORMAL,HS1306571,27,4.5,0.1480826189681098,62.84521232664398,20.816196379453114,0.0064193240781847405,-5.290182081712054
2025-01-01 04:50:00,800009,NORMAL,HS1306571,28,4.666666666666666,0.15006642818192478,67.09046280327797,20.372615658708966,0.005127541269476371,-3.458985187504908
2025-01-01 05:00:00,800009,NORMAL,HS1306571,29,4.833333333333333,0.14806801145774484,72.3068213898992,18.945496197077368,-0.00024544734858023,-0.7103161223756302
2025-01-01 05:10:00,800009,NORMAL,HS1306571,30,5.0,0.1557560101543075,79.88871865981153,19.540767052541945,0.00340164406797569,4.384779566856352
2025-01-01 05:20:00,800009,NORMAL,HS1306571,31,5.166666666666666,0.16412914757973068,75.81256799045012,19.33437001787019,0.006761119545884875,-2.11708407511982
2025-01-01 05:30:00,800009,NORMAL,HS1306571,32,5.333333333333333,0.16669515012666572,81.23983428276402,20.53590857825885,0.003979267182640439,0.7498136357617398
2025-01-01 05:40:00,800009,NORMAL,HS1306571,33,5.5,0.1539419479018067,88.35683921853408,19.938382787732756,-0.014267971838974325,5.144123332567801
2025-01-01 05:50:00,800009,NORMAL,HS1306571,34,5.666666666666666,0.17154533750389325,92.95980712666803,20.664925609069076,-0.002136569484327916,6.954237662502635
2025-01-01 06:00:00,800009,NORMAL,HS1306571,35,5.833333333333333,0.17905804840349765,92.99217087835113,20.892085616814228,-0.0001440477054193423,4.018704261013994
2025-01-01 06:10:00,800009,NORMAL,HS1306571,36,6.0,0.18021738084425146,95.29667438107079,21.26303425976356,-0.0030693717516865893,3.6629740971455362
2025-01-01 06:20:00,800009,NORMAL,HS1306571,37,6.166666666666666,0.1785105685808978,99.35780355762488,22.64215053961185,-0.007099697651347436,5.666421168033509
2025-01-01 06:30:00,800009,NORMAL,HS1306571,38,6.333333333333333,0.19457917051759285,96.61768331168527,22.15459510112144,0.006753681893258867,0.9131883603211719
2025-01-01 06:40:00,800009,NORMAL,HS1306571,39,6.5,0.2089818500429025,92.88181343082363,23.889986904255547,0.01913163548950597,-4.743491818572508
2025-01-01 06:50:00,800009,NORMAL,HS1306571,40,6.666666666666666,0.20841957994131707,107.4692193872652,25.33221250118737,0.016950789821978368,8.163853154526493
2025-01-01 07:00:00,800009,NORMAL,HS1306571,41,6.833333333333333,0.21873030959775266,111.94447936827332,25.28979330375706,0.026014455923713514,11.208546102536587
2025-01-01 07:10:00,800009,NORMAL,HS1306571,42,7.0,0.21813336965147276,117.36674643645132,28.72935218294066,0.023770864371049694,15.23058966156728
2025-01-01 07:20:00,800009,NORMAL,HS1306571,43,7.166666666666666,0.21319957505577622,118.01586582187345,29.834945959715093,0.0173129465238282,14.720806400950607
2025-01-01 07:30:00,800009,NORMAL,HS1306571,44,7.333333333333333,0.22201850833939601,106.92703423430154,30.55831032306966,0.024933947808925577,2.77350141538264
2025-01-01 07:40:00,800009,NORMAL,HS1306571,45,7.5,0.20475542407454675,101.8971726266206,30.96577320451568,0.005864739775208405,-3.4365070814052956
2025-01-01 07:50:00,800009,NORMAL,HS1306571,46,7.666666666666666,0.20869240723563426,113.43207255155431,30.112712616106677,0.007393456761587286,6.513468614322591
2025-01-01 08:00:00,800009,NORMAL,HS1306571,47,7.833333333333333,0.20289015208360786,116.22855783087753,31.294320344548613,-0.0010691159911332682,7.529082952096147
2025-01-01 08:10:00,800009,NORMAL,HS1306571,48,8.0,0.2195808415194673,115.43214013823041,30.431854242186017,0.013698733393280427,5.291864542622136
2025-01-01 08:20:00,800009,NORMAL,HS1306571,49,8.166666666666666,0.22021793549291951,109.65517580224359,29.94396695357436,0.01318031630655675,-1.36233412783713
2025-01-01 08:30:00,800009,NORMAL,HS1306571,50,8.333333333333332,0.24322396492862722,110.62471131347247,30.848593946990736,0.0345455423186925,-1.5108462721103848
2025-01-01 08:40:00,800009,NORMAL,HS1306571,51,8.5,0.21206043012470038,115.26564851229077,31.52683880318328,0.0012471711164477595,1.660575066883041
2025-01-01 08:50:00,800009,NORMAL,HS1306571,52,8.666666666666666,0.23563798385924667,113.06723085245545,32.35446535404251,0.02247465030891746,-2.1957532181675106
2025-01-01 09:00:00,800009,NORMAL,HS1306571,53,8.833333333333332,0.2528327382451166,113.20138576788366,34.10378369694416,0.037253582476776126,-3.792067647367304
2025-01-01 09:10:00,800009,NORMAL,HS1306571,54,9.0,0.2520166580924791,119.58276048008297,34.98383183921916,0.03417361164882243,0.939460108741045
2025-01-01 09:20:00,800009,NORMAL,HS1306571,55,9.166666666666666,0.2284102898662309,115.51588967548625,35.48589599777202,0.009199947673292352,-4.314325017534927
2025-01-01 09:30:00,800009,NORMAL,HS1306571,56,9.333333333333332,0.23880620943692207,114.69589917159736,34.177997766049565,0.020138064178713222,-5.060609187843454
2025-01-01 09:40:00,800009,NORMAL,HS1306571,57,9.5,0.22518070767390322,116.91852468559199,34.444279321984666,0.008439753354268748,-1.6686815302988975
2025-01-01 09:50:00,800009,NORMAL,HS1306571,58,9.666666666666666,0.21751221056228,123.47897233067194,34.561122156822556,0.003455158122949914,6.698374246770385
2025-01-01 10:00:00,800009,NORMAL,HS1306571,59,9.833333333333332,0.23119338719315569,105.07578658074681,35.321840304133985,0.020261496707769278,-9.537086480150066
2025-01-01 10:10:00,800009,NORMAL,HS1306571,60,10.0,0.2230133743649191,106.10076029190911,36.80037876916016,0.01442190579275579,-6.632375144984991
2025-01-01 10:20:00,800009,NORMAL,HS1306571,61,10.166666666666666,0.19842102465293868,111.94889237994491,35.28016411822457,-0.010049629883118083,-0.22022357645558088
2025-01-01 10:30:00,800009,NORMAL,HS1306571,62,10.333333333333332,0.21266087493176072,116.92837904342298,36.404513625713484,0.0025158458920007953,3.9869552842995972
2025-01-01 10:40:00,800009,NORMAL,HS1306571,63,10.5,0.24251959898930833,121.51126897877516,35.20494232323315,0.02989583221821074,7.089296878962557
2025-01-01 10:50:00,800009,NORMAL,HS1306571,64,10.666666666666666,0.2295087677952397,126.63259780648288,36.40741447168905,0.014110636327056475,10.442461818859684
2025-01-01 11:00:00,800009,NORMAL,HS1306571,65,10.833333333333332,0.21140275295287028,122.80383828009714,36.602771573788225,-0.007003073055671022,4.648663488970826
2025-01-01 11:10:00,800009,NORMAL,HS1306571,66,11.0,0.23519446398048535,121.60740514319812,37.571423360157,0.013344692924826845,1.015041543134842
2025-01-01 11:20:00,800009,NORMAL,HS1306571,67,11.166666666666666,0.2145077414929267,126.74699425942146,37.027327001355125,-0.008970615039061325,4.639388788702732
2025-01-01 11:30:00,800009,NORMAL,HS1306571,68,11.333333333333332,0.2134317805733091,118.9087516635706,38.976264768325144,-0.0098812863134497,-3.371680807032021
2025-01-01 11:40:00,800009,NORMAL,HS1306571,69,11.5,0.21629528443275772,115.60726500473855,37.20362923681117,-0.006123578997346502,-6.227899287858335
2025-01-01 11:50:00,800009,NORMAL,HS1306571,70,11.666666666666666,0.21481086906755792,123.31199656228046,38.54140716053438,-0.006347752037121762,2.2029479035953017
2025-01-01 12:00:00,800009,NORMAL,HS1306571,71,11.833333333333332,0.2188556469569487,124.03606746562369,38.07364330417479,-0.0008761261081211558,3.7744473322735246
2025-01-01 12:10:00,800009,NORMAL,HS1306571,72,12.0,0.2183433935164686,123.37962086890664,36.340864234391695,0.0014782882273959852,4.721482135251662
2025-01-01 12:20:00,800009,NORMAL,HS1306571,73,12.166666666666666,0.21959064753039564,125.27138825012942,37.01150760792183,0.005741812545090347,8.290366252926262
2025-01-01 12:30:00,800009,NORMAL,HS1306571,74,12.333333333333332,0.2313604421870072,132.52268830948643,37.054777352781215,0.019727004816120025,16.67983097398003
2025-01-01 12:40:00,800009,NORMAL,HS1306571,75,12.5,0.22563767551412048,113.59581347673007,34.98237706357275,0.015649633880182756,-1.4955649787916911
2025-01-01 12:50:00,800009,NORMAL,HS1306571,76,12.666666666666666,0.20699968913330904,114.34272955622615,37.07719201467302,-0.0016519921289148976,-0.19069771512734235
2025-01-01 13:00:00,800009,NORMAL,HS1306571,77,12.833333333333332,0.22494791521801655,124.99019717870671,36.588115223167556,0.017452128781317022,10.91430520003837
2025-01-01 13:10:00,800009,NORMAL,HS1306571,78,13.0,0.2319444526047954,128.1439964290374,36.01998369139073,0.02495892328863933,14.556986234195975
2025-01-01 13:20:00,800009,NORMAL,HS1306571,79,13.166666666666666,0.2150830738461962,115.71122486129097,37.44487096872943,0.007008345836493207,2.1306060569071974
2025-01-01 13:30:00,800009,NORMAL,HS1306571,80,13.333333333333332,0.20870327594978821,107.97719507111131,39.373381167576945,-0.001954216408470544,-6.602098608855428
2025-01-01 13:40:00,800009,NORMAL,HS1306571,81,13.5,0.21995249444755455,108.49436434598975,39.812538470261536,0.006036665975458266,-7.768210867872028
2025-01-01 13:50:00,800009,NORMAL,HS1306571,82,13.666666666666666,0.21760263275399067,121.33950257974243,39.00102676850409,0.00012008895193232894,3.095119814217753
2025-01-01 14:00:00,800009,NORMAL,HS1306571,83,13.833333333333332,0.2253980360857264,132.44081851621792,38.51608702373756,0.00401319354367255,11.95414632893035
2025-01-01 14:10:00,800009,NORMAL,HS1306571,84,14.0,0.27003457447819823,129.7040159425509,37.643275883896244,0.04413701658937885,6.035030699497696
2025-01-01 14:20:00,800009,NORMAL,HS1306571,85,14.166666666666666,0.24641812185513182,136.86398072882332,39.15472682505235,0.016430835785407744,9.510990829374421
2025-01-01 14:30:00,800009,NORMAL,HS1306571,86,14.333333333333332,0.2552283768278821,137.04929591652265,38.324663172118484,0.021952993011142757,6.423109828241621
2025-01-01 14:40:00,800009,NORMAL,HS1306571,87,14.5,0.25477062813846185,134.87255108006306,39.47539732338733,0.018684752625709178,1.3121186255229702
2025-01-01 14:50:00,800009,NORMAL,HS1306571,88,14.666666666666666,0.2489017417518734,134.059845351735,39.074217113695454,0.010335391114049824,-2.17733889360764
2025-01-01 15:00:00,800009,NORMAL,HS1306571,89,14.833333333333332,0.2524795202752293,122.18541363805923,37.97076080515462,0.011624161352540213,-16.58857622629685
2025-01-01 15:10:00,800009,NORMAL,HS1306571,90,15.0,0.22985850829356738,128.32285174662331,38.110673009422015,-0.013082747450918975,-12.577621996019019
2025-01-01 15:20:00,800009,NORMAL,HS1306571,91,15.166666666666666,0.23277774561430076,133.98554881676532,35.64201624044623,-0.012237458860245076,-8.69949106707449
2025-01-01 15:30:00,800009,NORMAL,HS1306571,92,15.333333333333332,0.24028555200713758,138.21696942636675,35.06423555081223,-0.00673050837092426,-6.13334229039657
2025-01-01 15:40:00,800009,NORMAL,HS1306571,93,15.5,0.2501443693390024,146.06758895225178,36.0711653173279,0.0011898085233759126,0.1132855974606457
2025-01-01 15:50:00,800009,NORMAL,HS1306571,94,15.666666666666666,0.258474406648595,155.5480431028338,37.33455744526799,0.0075949535366570675,7.997176855366348
2025-01-01 16:00:00,800009,NORMAL,HS1306571,95,15.833333333333332,0.25672280225785693,163.91487942228468,36.03847789601638,0.003939345238890446,14.780836121602135
2025-01-01 16:10:00,800009,NORMAL,HS1306571,96,16.0,0.24565083583902333,161.20899911828434,36.63027402459611,-0.009272135811966481,10.506900888868785
2025-01-01 16:20:00,800009,NORMAL,HS1306571,97,16.166666666666664,0.2848330136390903,161.51710527878393,35.57892869460186,0.027919882209940183,9.495718727400401
2025-01-01 16:30:00,800009,NORMAL,HS1306571,98,16.333333333333332,0.2735849376765485,165.9647527217406,36.51552865216615,0.015535928437369562,13.303044929212604
2025-01-01 16:40:00,800009,NORMAL,HS1306571,99,16.5,0.2759526606137069,172.15084306535806,35.67198022324265,0.017223402109357633,19.26230446618365
2025-01-01 16:50:00,800009,NORMAL,HS1306571,100,16.666666666666664,0.2700067797359597,162.47656235449415,33.585896392254384,0.010780800366021526,9.54134982550687
2025-01-01 17:00:00,800009,NORMAL,HS1306571,101,16.833333333333332,0.25424815264367895,158.00230296397567,32.770109290343456,-0.005427376204291345,5.0792372714729765
2025-01-01 17:10:00,800009,NORMAL,HS1306571,102,17.0,0.2513667446125822,178.8743096329592,35.14424158200837,-0.007553309254909768,26.78037236396071
2025-01-01 17:20:00,800009,NORMAL,HS1306571,103,17.166666666666664,0.2750432735042767,170.0926242628951,34.18778014709838,0.01903895632136987,20.506553465571272
2025-01-01 17:30:00,800009,NORMAL,HS1306571,104,17.333333333333332,0.25348502662360817,150.80932796436792,32.653388876573324,0.001451969332659231,4.60964447102981
2025-01-01 17:40:00,800009,NORMAL,HS1306571,105,17.5,0.23210671800000224,145.0436916262203,33.35175117120958,-0.015463959365265817,2.6279470836207963
2025-01-01 17:50:00,800009,NORMAL,HS1306571,106,17.666666666666664,0.21503495996723562,131.24551763494597,34.014043687529515,-0.02773195353975061,-7.136935499849187
2025-01-01 18:00:00,800009,NORMAL,HS1306571,107,17.833333333333332,0.2313959325345185,129.7779374967555,34.42930516465124,-0.006252188436679379,-4.368502493377264
2025-01-01 18:10:00,800009,NORMAL,HS1306571,108,18.0,0.23600729947301854,132.73796811994708,33.788004853253916,0.003037579432656118,2.309648466065539
2025-01-01 18:20:00,800009,NORMAL,HS1306571,109,18.166666666666664,0.23827305659843157,132.35100384356485,33.74498875445798,0.008675466643894875,4.38475360135665
2025-01-01 18:30:00,800009,NORMAL,HS1306571,110,18.333333333333332,0.24039815965867617,130.3727443721458,34.257445041499516,0.013023698349648949,3.906437173184557
2025-01-01 18:40:00,800009,NORMAL,HS1306571,111,18.5,0.2293466600161298,124.37011848321463,33.75707723390307,0.0037471598572301756,-1.007311014945273
2025-01-01 18:50:00,800009,NORMAL,HS1306571,112,18.666666666666664,0.22133833265176775,122.16500114709453,31.289849944742084,-0.0026515159549015954,-2.2805879338526154
2025-01-01 19:00:00,800009,NORMAL,HS1306571,113,18.833333333333332,0.22218863547666348,124.11451364859983,33.23222460111149,-0.00026527854548938357,0.533548808528522
2025-01-01 19:10:00,800009,NORMAL,HS1306571,114,19.0,0.2360304398000168,126.80866462666812,32.9662566435869,0.015012950264763042,4.068721495416497
2025-01-01 19:20:00,800009,NORMAL,HS1306571,115,19.166666666666664,0.2450244564463493,131.00937507954143,31.627582302746546,0.025871755537246355,9.346209802083749
2025-01-01 19:30:00,800009,NORMAL,HS1306571,116,19.333333333333332,0.22901849533015303,124.51845920452546,32.33993608659701,0.012585000008017905,4.5403861066362055
2025-01-01 19:40:00,800009,NORMAL,HS1306571,117,19.5,0.23152065881301723,114.0305134465354,32.559929071130085,0.01812694976340129,-3.987373285250186
2025-01-01 19:50:00,800009,NORMAL,HS1306571,118,19.666666666666664,0.2273639321186652,126.60341098554564,31.039235114312895,0.017113838981968638,10.627860664585711
2025-01-01 20:00:00,800009,NORMAL,HS1306571,119,19.833333333333332,0.2431939921777212,126.27698898633308,31.21134627732958,0.03608623242653067,12.33377169789297
2025-01-01 20:10:00,800009,NORMAL,HS1306571,120,20.0,0.2167592000705744,111.66208006010733,30.706614381439962,0.013835137756250171,0.4945984777945398
2025-01-01 20:20:00,800009,NORMAL,HS1306571,121,20.166666666666664,0.21341709111120996,112.59184022403329,29.77827241186932,0.014920851950507935,4.703687964112689
2025-01-01 20:30:00,800009,NORMAL,HS1306571,122,20.333333333333332,0.1900890058217823,112.52435199519832,28.808381706660896,-0.005145970224891633,7.190463157695788
2025-01-01 20:40:00,800009,NORMAL,HS1306571,123,20.5,0.1841927606901611,106.23420542583395,28.456364708146605,-0.008327468502826813,2.995872977908377
2025-01-01 20:50:00,800009,NORMAL,HS1306571,124,20.666666666666664,0.19277347506041298,104.64582451162418,28.120167388079437,0.0028983732358847936,3.394906745819398
2025-01-01 21:00:00,800009,NORMAL,HS1306571,125,20.833333333333332,0.1853835901736198,97.24591545284757,28.385739702906818,-0.0017470619339685356,-2.0087738020681627
2025-01-01 21:10:00,800009,NORMAL,HS1306571,126,21.0,0.1625363118281254,102.91149170815912,29.020277120062374,-0.022634723701334153,5.136885887603867
2025-01-01 21:20:00,800009,NORMAL,HS1306571,127,21.166666666666664,0.18952339700391393,104.57506531355524,29.375098077053245,0.006230628435933222,8.105013076696878
2025-01-01 21:30:00,800009,NORMAL,HS1306571,128,21.333333333333332,0.1919208877358458,101.68109804188717,27.72324715932586,0.012165281112053367,7.594258563784209
2025-01-01 21:40:00,800009,NORMAL,HS1306571,129,21.5,0.19567136284862036,98.43994011234122,27.46508975883176,0.020597227221009096,7.606390268433259
2025-01-01 21:50:00,800009,NORMAL,HS1306571,130,21.666666666666664,0.17064502016833644,95.03639018877763,26.86186372455264,0.000713304943620291,7.831364752849694
2025-01-01 22:00:00,800009,NORMAL,HS1306571,131,21.833333333333332,0.194079654578848,88.09793776405682,26.456307666151922,0.02951439075696019,4.691340696905954
2025-01-01 22:10:00,800009,NORMAL,HS1306571,132,22.0,0.15874407949673175,83.62650899090349,27.226899934624495,-0.0003890112310659388,3.988088112202263
2025-01-01 22:20:00,800009,NORMAL,HS1306571,133,22.166666666666664,0.16988240667928273,83.29556437300523,27.201172217361577,0.01589724640298834,7.1082232823320055
2025-01-01 22:30:00,800009,NORMAL,HS1306571,134,22.333333333333332,0.16721420357443553,78.4663317102763,28.709355527580176,0.016947552767785423,4.841499933988828
2025-01-01 22:40:00,800009,NORMAL,HS1306571,135,22.5,0.12598615920495967,71.80801748080863,27.208764527941383,-0.021808139116334474,-0.05791779225033622
2025-01-01 22:50:00,800009,NORMAL,HS1306571,136,22.666666666666664,0.14149342250075886,73.69446060649746,26.58824771689427,-0.004572410268305849,3.079120844308605
2025-01-01 23:00:00,800009,NORMAL,HS1306571,137,22.833333333333332,0.14331554910250593,75.01097427801317,25.651810747719853,-0.0014714979766287384,5.33454512565001
2025-01-01 23:10:00,800009,NORMAL,HS1306571,138,23.0,0.14672613703806228,74.1545633250925,25.205977844489794,0.0031594365023489,5.33241893590143
2025-01-01 23:20:00,800009,NORMAL,HS1306571,139,23.166666666666664,0.15101809511497286,67.19227706864507,25.09503431072002,0.008458773401987502,-0.9878080880165072
2025-01-01 23:30:00,800009,NORMAL,HS1306571,140,23.333333333333332,0.15158966136914123,66.80558616732256,24.98023821071366,0.009076390842434778,-1.293045545478165
2025-01-01 23:40:00,800009,NORMAL,HS1306571,141,23.5,0.1592483859757882,74.30202196412651,23.443245482513976,0.015873144869999162,5.718848185892483
2025-01-01 23:50:00,800009,NORMAL,HS1306571,142,23.666666666666664,0.1563321401114551,69.09064851993615,24.11628717721463,0.011507397802406144,-0.36607032460628375
2025-01-02 00:00:00,800009,NORMAL,HS1306571,143,23.833333333333332,0.16529486214849193,72.18809593607088,24.964048853765455,0.01872728146749436,1.651749346106783
2025-01-02 00:10:00,800009,NORMAL,HS1306571,144,24.0,0.16103684077585262,79.15628218099717,24.05485558681339,0.012530590202600222,7.328839344387035
2025-01-02 00:20:00,800009,NORMAL,HS1306571,145,24.166666666666664,0.16240527158208584,74.50764056797887,24.29582593099257,0.012911196083758264,1.8058092912030617
2025-01-02 00:30:00,800009,NORMAL,HS1306571,146,24.333333333333332,0.15412257312710936,75.50646755641722,24.285472990937457,0.0051778852785119844,2.8197090857609624
2025-01-02 00:40:00,800009,NORMAL,HS1306571,147,24.5,0.1510009573240189,75.26154627769756,22.696614620501315,0.0036287169017156506,3.2485319142708136
2025-01-02 00:50:00,800009,NORMAL,HS1306571,148,24.666666666666664,0.16997074536007814,70.3254932521035,23.289817696738744,0.024702992765580217,-0.6610117994657969
2025-01-02 01:00:00,800009,NORMAL,HS1306571,149,24.833333333333332,0.1532214143034551,64.69619383479801,22.31781263987784,0.010318835370784346,-5.100106466873214
2025-01-02 01:10:00,800009,NORMAL,HS1306571,150,25.0,0.14324183965793347,62.286684422215934,21.169407400773704,0.0037460097220151922,-5.561757619140302
2025-01-02 01:20:00,800009,NORMAL,HS1306571,151,25.166666666666664,0.14155935533433103,68.08956328435458,19.69035451162697,0.006051378626184323,2.9285901325664128
2025-01-02 01:30:00,800009,NORMAL,HS1306571,152,25.333333333333332,0.11710185664984941,64.71245963309723,20.89652911591618,-0.014354044230560595,2.378577127719687
2025-01-02 01:40:00,800009,NORMAL,HS1306571,153,25.5,0.12430651056982817,58.881272649737234,20.29752603867222,-0.0028632575096881885,-0.49012533551198345
2025-01-02 01:50:00,800009,NORMAL,HS1306571,154,25.666666666666664,0.10871601816729926,53.01638845177442,19.59867490057041,-0.013919958003898586,-3.257105602649773
2025-01-02 02:00:00,800009,NORMAL,HS1306571,155,25.833333333333332,0.11190674848446194,52.932053913270146,18.65204175858217,-0.006149996788337692,-0.21261394660202626
2025-01-02 02:10:00,800009,NORMAL,HS1306571,156,26.0,0.11441604655696362,49.673111047605204,18.56663942635307,-0.000345477194702723,-0.9529846784853646
2025-01-02 02:20:00,800009,NORMAL,HS1306571,157,26.166666666666664,0.12486709756558273,51.53412251556181,17.89734258623537,0.011483660758987102,2.340604322245774
2025-01-02 02:30:00,800009,NORMAL,HS1306571,158,26.333333333333332,0.11975252685264566,47.35509284038726,18.75933094539048,0.006083893499089832,-1.332610288389965
2025-01-02 02:40:00,800009,NORMAL,HS1306571,159,26.5,0.11907270337934468,48.97966955172005,18.347382637096462,0.0037295168897006625,0.011108776468667259
2025-01-02 02:50:00,800009,NORMAL,HS1306571,160,26.666666666666664,0.11532881960843415,47.97360202251247,19.304590867729072,-0.002590825075234518,-1.8303680723228624
2025-01-02 03:00:00,800009,NORMAL,HS1306571,161,26.833333333333332,0.12552046965346922,48.99197639030039,20.34969943118046,0.0045335925807396815,-1.9830162291520637
2025-01-02 03:10:00,800009,NORMAL,HS1306571,162,27.0,0.12405228243474484,47.64834457952617,20.261453334843047,-0.00034648358448222116,-4.752416415195171
2025-01-02 03:20:00,800009,NORMAL,HS1306571,163,27.166666666666664,0.12356795246554242,53.680116465932194,19.4297473565346,-0.004636704697373928,-0.3780543350127772
2025-01-02 03:30:00,800009,NORMAL,HS1306571,164,27.333333333333332,0.13729249344070577,61.33352376599692,20.064295251896656,0.006102190258281681,5.956571563773707
2025-01-02 03:40:00,800009,NORMAL,HS1306571,165,27.5,0.13957090738223532,58.832372036325054,19.261150876434332,0.0065097075671792515,2.745605280541824
2025-01-02 03:50:00,800009,NORMAL,HS1306571,166,27.666666666666664,0.13547502285871013,53.437923676619306,19.89620874177761,0.0011714527513013995,-2.928496328794914
2025-01-02 04:00:00,800009,NORMAL,HS1306571,167,27.833333333333332,0.1373691221350677,57.57676672566237,19.9479876047672,0.0020349474106859944,1.1244159433965777
2025-01-02 04:10:00,800009,NORMAL,HS1306571,168,28.0,0.13978956406494958,62.12965375466229,18.174775914328244,0.0036672945949959845,5.258517488891485
2025-01-02 04:20:00,800009,NORMAL,HS1306571,169,28.166666666666664,0.14447561809516302,61.39587652789283,18.70264695799105,0.008310425535483001,3.8918904173766293
2025-01-02 04:30:00,800009,NORMAL,HS1306571,170,28.333333333333332,0.14498169681068138,60.42990286309427,19.37726597890528,0.007686562701838623,1.6471161348865806
2025-01-02 04:40:00,800009,NORMAL,HS1306571,171,28.5,0.1620060038834868,54.51179813883851,19.38871457651941,0.021920678905244434,-6.482017283257875
2025-01-02 04:50:00,800009,NORMAL,HS1306571,172,28.666666666666664,0.15841723959358803,58.68249715464464,19.937847596508842,0.01445979316893653,-5.217318289863911
2025-01-02 05:00:00,800009,NORMAL,HS1306571,173,28.833333333333332,0.14943358683805727,74.56757204312957,20.53275979030044,0.0012336380510212241,7.465442732591953
2025-01-02 05:10:00,800009,NORMAL,HS1306571,174,29.0,0.16290197675561263,74.12147556146755,22.208985197149914,0.00987206706731003,3.620518141615179
2025-01-02 05:20:00,800009,NORMAL,HS1306571,175,29.166666666666664,0.18016643407988975,74.54265452558461,22.257268062169864,0.020888353114301872,-0.11528511298993749
2025-01-02 05:30:00,800009,NORMAL,HS1306571,176,29.333333333333332,0.17114070136948237,78.66394182198042,22.032713695116648,0.004938067606209434,-0.6916481167056645
2025-01-02 05:40:00,800009,NORMAL,HS1306571,177,29.5,0.19216093777471013,88.02888187728283,22.81331092359468,0.01903012992852046,3.856986828552081
2025-01-02 05:50:00,800009,NORMAL,HS1306571,178,29.666666666666664,0.18113255665889508,95.51259980878665,22.62786635016221,0.0011965904089514257,6.5198979086495115
2025-01-02 06:00:00,800009,NORMAL,HS1306571,179,29.833333333333332,0.19961892519466773,97.51492583447518,23.414666571749645,0.013152467907836113,3.8343919869137153
2025-01-02 06:10:00,800009,NORMAL,HS1306571,180,30.0,0.2074112572135389,91.72769901329177,23.339390306596588,0.015611902895365182,-6.1715718024032356
2025-01-02 06:20:00,800009,NORMAL,HS1306571,181,30.166666666666664,0.19500744380939475,100.1732615225724,24.557773892382823,0.0002678056318778932,-0.6768175244462498
2025-01-02 06:30:00,800009,NORMAL,HS1306571,182,30.333333333333332,0.19479024192498065,99.20722476494193,24.92862801705056,-0.0013177652536205398,-3.468113715293498
2025-01-02 06:40:00,800009,NORMAL,HS1306571,183,30.5,0.19756362666674884,92.94651838416235,27.461587864641142,0.0004957115741216489,-11.143681200825085
2025-01-02 06:50:00,800009,NORMAL,HS1306571,184,30.666666666666664,0.18195818565136018,90.89769456320725,30.568236775718457,-0.016172805200381613,-14.600397012598762
2025-01-02 07:00:00,800009,NORMAL,HS1306571,185,30.833333333333332,0.2061815881247786,94.34433658369979,31.130372230015144,0.006816172661804731,-12.653518047763654
2025-01-02 07:10:00,800009,NORMAL,HS1306571,186,31.0,0.20303177398462063,102.10399189025243,30.27028471814591,0.0014451044053020723,-6.824308809074907
2025-01-02 07:20:00,800009,NORMAL,HS1306571,187,31.166666666666664,0.22624382923410405,111.25268100582542,32.85739617147481,0.021272692834363782,-0.22789533894638225
2025-01-02 07:30:00,800009,NORMAL,HS1306571,188,31.333333333333332,0.21986034436060128,128.3823638164472,34.48465768126317,0.010856499363352229,13.879880933932228
2025-01-02 07:40:00,800009,NORMAL,HS1306571,189,31.5,0.21597001117567632,120.63896299106037,35.909716148987734,0.0027950377231976686,2.957507268490872
2025-01-02 07:50:00,800009,NORMAL,HS1306571,190,31.666666666666664,0.21891858894472258,122.48788048201973,32.98860625188783,0.001625076034774603,1.6289843430463122
2025-01-02 08:00:00,800009,NORMAL,HS1306571,191,31.833333333333332,0.21482713381071847,120.8274863835683,31.621769230987194,-0.006449802672061633,-3.1347554104332147
2025-01-02 08:10:00,800009,NORMAL,HS1306571,192,32.0,0.20684614528442136,131.65070692124422,32.32974515431909,-0.017121973354647435,5.484378267631826
2025-01-02 08:20:00,800009,NORMAL,HS1306571,193,32.166666666666664,0.22320751651556167,141.10905350065073,33.980961298098855,-0.001784761086520592,14.066531529119274
2025-01-02 08:30:00,800009,NORMAL,HS1306571,194,32.33333333333333,0.2471607595923981,133.9545595548482,31.68549557631865,0.022506877109682438,7.06824154189502
2025-01-02 08:40:00,800009,NORMAL,HS1306571,195,32.5,0.23168736386186572,138.53238038147546,33.43031872767779,0.008066148126096767,12.352927477564094
2025-01-02 08:50:00,800009,NORMAL,HS1306571,196,32.666666666666664,0.21187836196427084,147.24560245745374,32.92196459125313,-0.01040128704852944,22.016763281113
2025-01-02 09:00:00,800009,NORMAL,HS1306571,197,32.83333333333333,0.21106583911921267,133.7282059806945,35.41602590868341,-0.009664130146760985,9.597447387173219
2025-01-02 09:10:00,800009,NORMAL,HS1306571,198,33.0,0.1823492670128775,131.5310325951578,37.321230541932586,-0.03788920691563019,8.037025205634208
2025-01-02 09:20:00,800009,NORMAL,HS1306571,199,33.166666666666664,0.20769592877177775,143.99390375745023,36.449054341302784,-0.014261574931096255,19.82683570904844
2025-01-02 09:30:00,800009,NORMAL,HS1306571,200,33.33333333333333,0.2157207273111458,145.3929694545061,34.54013815454651,-0.009330092207310486,19.540080411930717
2025-01-02 09:40:00,800009,NORMAL,HS1306571,201,33.5,0.24037642145066743,150.04345348818785,35.582616458229445,0.011755413598863396,22.091263333722807
2025-01-02 09:50:00,800009,NORMAL,HS1306571,202,33.666666666666664,0.2666478652262268,135.93912641848976,37.24070119823933,0.03427959221942928,5.711766615869891
2025-01-02 10:00:00,800009,NORMAL,HS1306571,203,33.83333333333333,0.25757003278186374,148.69522688458613,38.71340705166542,0.0214721227245252,16.165763747163766
2025-01-02 10:10:00,800009,NORMAL,HS1306571,204,34.0,0.23757386837675107,149.42056372652203,40.56629289362626,-0.0013064421949689486,15.104340177133253
2025-01-02 10:20:00,800009,NORMAL,HS1306571,205,34.166666666666664,0.24028610229209355,141.29682789595563,36.02821941494569,0.0011739532777257922,6.928806035981381
2025-01-02 10:30:00,800009,NORMAL,HS1306571,206,34.33333333333333,0.23938673790884038,141.83306170279184,38.397660460241845,0.001965124306161553,8.911649181385542
2025-01-02 10:40:00,800009,NORMAL,HS1306571,207,34.5,0.2288400465354714,132.00582914724347,37.476288821147335,-0.006157610108550482,1.175314988669868
2025-01-02 10:50:00,800009,NORMAL,HS1306571,208,34.666666666666664,0.2407874894579437,137.5717701413698,36.77396261349727,0.008423043845450007,9.034512186083134
2025-01-02 11:00:00,800009,NORMAL,HS1306571,209,34.83333333333333,0.24801235679852293,118.74893453277332,37.27235252573468,0.01836556612620399,-7.415224204683469
2025-01-02 11:10:00,800009,NORMAL,HS1306571,210,35.0,0.24789285601689376,122.94943334808669,34.333742199652754,0.021145818332817035,-0.9131545969941186
2025-01-02 11:20:00,800009,NORMAL,HS1306571,211,35.166666666666664,0.24957204236824274,122.57077762702865,34.64480202989628,0.025634193395049992,0.6146793170625386
2025-01-02 11:30:00,800009,NORMAL,HS1306571,212,35.33333333333333,0.22205084856973906,133.08068665073137,35.46138018261604,0.000602497543748165,12.678385006540964
2025-01-02 11:40:00,800009,NORMAL,HS1306571,213,35.5,0.24224331216315692,134.050630313265,37.12373481808711,0.0232943929892028,15.150704365368597
2025-01-02 11:50:00,800009,NORMAL,HS1306571,214,35.666666666666664,0.23758727574741267,127.87379321235626,37.95060772776812,0.0212191501985797,10.545109268720694
2025-01-02 12:00:00,800009,NORMAL,HS1306571,215,35.83333333333333,0.23147463382099323,129.79052537414782,32.90248243962935,0.017740318533306404,14.090320184227338
2025-01-02 12:10:00,800009,NORMAL,HS1306571,216,36.0,0.235196035514329,129.17977965147904,36.557897441611566,0.02417380304143968,15.33742228001418
2025-01-02 12:20:00,800009,NORMAL,HS1306571,217,36.166666666666664,0.2114421996437391,129.87809659044322,35.771622240820676,0.0024285732685521977,17.73891137889011
2025-01-02 12:30:00,800009,NORMAL,HS1306571,218,36.33333333333333,0.22346871720341233,122.84365662344423,35.46250708155418,0.015585063726137938,11.738313473976177
2025-01-02 12:40:00,800009,NORMAL,HS1306571,219,36.5,0.2158718016619327,116.43654338256057,35.33244739210029,0.008489024407119489,5.853966032164692
2025-01-02 12:50:00,800009,NORMAL,HS1306571,220,36.666666666666664,0.22726175523287404,116.6075870085265,33.897192864619896,0.01995039406084781,6.203701167756179
2025-01-02 13:00:00,800009,NORMAL,HS1306571,221,36.83333333333333,0.22207952981630077,119.50480983939144,34.405043963479336,0.014561083904470945,9.057680323213134
2025-01-02 13:10:00,800009,NORMAL,HS1306571,222,37.0,0.21129331894899284,117.40015779341267,37.87009663224528,0.0028267685384862906,6.431908628067475
2025-01-02 13:20:00,800009,NORMAL,HS1306571,223,37.166666666666664,0.202855908716666,116.22626395299686,36.16109971673912,-0.007182022965520923,4.311257166626731
2025-01-02 13:30:00,800009,NORMAL,HS1306571,224,37.33333333333333,0.20830871888152325,113.1239504226046,35.97382905036205,-0.0034641849562554172,0.1669724615475019
2025-01-02 13:40:00,800009,NORMAL,HS1306571,225,37.5,0.204152522771571,111.0597290867549,34.88930088656861,-0.009488495940815161,-3.0115881459198874
2025-01-02 13:50:00,800009,NORMAL,HS1306571,226,37.666666666666664,0.22915935325568046,107.5364764226622,35.295334965195394,0.013515165137507057,-7.736911091640948
2025-01-02 14:00:00,800009,NORMAL,HS1306571,227,37.83333333333333,0.2444631939181178,107.04423086886318,35.45976352597849,0.026693771621121132,-9.51950890575992
2025-01-02 14:10:00,800009,NORMAL,HS1306571,228,38.0,0.2579600474152226,115.67914819305206,32.733318400534834,0.037875200225080896,-2.711561863066791
2025-01-02 14:20:00,800009,NORMAL,HS1306571,229,38.166666666666664,0.2403375525014805,118.39433416516253,31.461839850926562,0.018150380367171842,-2.3371682983700026
2025-01-02 14:30:00,800009,NORMAL,HS1306571,230,38.33333333333333,0.23626587054992518,122.15953175616686,32.68651645749601,0.011859808665693722,-1.1267057449276905
2025-01-02 14:40:00,800009,NORMAL,HS1306571,231,38.5,0.23412676676344296,146.19440163823623,34.14826006337182,0.007468952300631659,20.275859134908345
2025-01-02 14:50:00,800009,NORMAL,HS1306571,232,38.666666666666664,0.23189725794555574,145.8672328840081,34.16997372455987,0.0030864310628280767,17.370306029406493
2025-01-02 15:00:00,800009,NORMAL,HS1306571,233,38.83333333333333,0.2390366239323485,128.26703116786737,33.51781638410169,0.008174109329261908,-2.7291070338103793
2025-01-02 15:10:00,800009,NORMAL,HS1306571,234,39.0,0.26203065208825627,135.21582579970047,34.23771746597443,0.029384851126929123,2.168180027015609
2025-01-02 15:20:00,800009,NORMAL,HS1306571,235,39.166666666666664,0.26264426930136137,142.34619624379073,34.26966340144731,0.02731385493305266,7.001759888165196
2025-01-02 15:30:00,800009,NORMAL,HS1306571,236,39.33333333333333,0.24949274157110157,140.84174200350387,36.08395039801447,0.010670628784077235,2.6400087527084963
2025-01-02 15:40:00,800009,NORMAL,HS1306571,237,39.5,0.2403760425220801,150.798102094972,34.74251019698796,-0.0024189754030839727,9.356158317171918
2025-01-02 15:50:00,800009,NORMAL,HS1306571,238,39.666666666666664,0.2525590908362073,156.24665220953963,36.31232248397723,0.005551410319273253,11.356409241003377
2025-01-02 16:00:00,800009,NORMAL,HS1306571,239,39.83333333333333,0.2757200133197367,152.11252771576574,37.689925935265954,0.02436362221064975,3.6425429830452742
2025-01-02 16:10:00,800009,NORMAL,HS1306571,240,40.0,0.2757022424180786,146.64551175750842,36.17484915836948,0.019375014917969058,-5.55639109993146
2025-01-02 16:20:00,800009,NORMAL,HS1306571,241,40.166666666666664,0.2662316044629271,154.2982452860707,35.06473980800573,0.005492499473729873,-0.9998021964211148
2025-01-02 16:30:00,800009,NORMAL,HS1306571,242,40.33333333333333,0.26759522918248624,161.46513625302146,36.35763552407068,0.00393404391456359,4.199666083295426
2025-01-02 16:40:00,800009,NORMAL,HS1306571,243,40.5,0.276812608781916,150.72631919167378,36.614990265287965,0.011257784111378899,-7.680879905457431
2025-01-02 16:50:00,800009,NORMAL,HS1306571,244,40.666666666666664,0.2974068331599301,168.75597141959366,37.69669349868083,0.030487957452059344,9.652470874085367
2025-01-02 17:00:00,800009,NORMAL,HS1306571,245,40.83333333333333,0.27676803851274945,160.68051403053101,41.66745793182,0.008770933763718458,1.121209000859153
2025-01-02 17:10:00,800009,NORMAL,HS1306571,246,41.0,0.24228474199791294,160.44699983923363,40.52468896998814,-0.02547860666771501,1.171392123983452
2025-01-02 17:20:00,800009,NORMAL,HS1306571,247,41.166666666666664,0.24191686092078596,157.03254328368396,42.529513955736086,-0.02380770897467105,-0.7361913279617909
2025-01-02 17:30:00,800009,NORMAL,HS1306571,248,41.33333333333333,0.24141297599474776,159.1173183616197,40.528786469805354,-0.02161080063925963,3.4634919496277803
2025-01-02 17:40:00,800009,NORMAL,HS1306571,249,41.5,0.2793512314694763,153.62398643084052,40.16619549866438,0.0192824483497957,0.3247960223115456
2025-01-02 17:50:00,800009,NORMAL,HS1306571,250,41.666666666666664,0.26550825054649674,163.76951436879426,37.13068452243382,0.008621792892657798,13.000263346542482
2025-01-02 18:00:00,800009,NORMAL,HS1306571,251,41.83333333333333,0.23916473952240563,148.04269169041004,38.63281278704798,-0.014356327715881967,-0.06720785291332732
2025-01-02 18:10:00,800009,NORMAL,HS1306571,252,42.0,0.24416689604588665,159.70319264286815,37.749470392544346,-0.005614584224010899,14.664700902517211
2025-01-02 18:20:00,800009,NORMAL,HS1306571,253,42.166666666666664,0.2436951177929025,151.59301260034894,38.19812490667428,-0.002515507308197301,9.77493276770096
2025-01-02 18:30:00,800009,NORMAL,HS1306571,254,42.33333333333333,0.24328860424515716,149.2297947377988,36.13772924864686,0.00034585265392095277,10.395899194099798
2025-01-02 18:40:00,800009,NORMAL,HS1306571,255,42.5,0.2526723244688204,151.07772303225923,34.11597337349835,0.012995090325449737,15.189903311703745
2025-01-02 18:50:00,800009,NORMAL,HS1306571,256,42.666666666666664,0.22897952571960165,140.1269896317655,33.5466846948235,-0.007359156836971303,7.224939921761006
2025-01-02 19:00:00,800009,NORMAL,HS1306571,257,42.83333333333333,0.19659876539191254,137.3515339095345,32.59803059808975,-0.03633558274729845,7.476676284612665
2025-01-02 19:10:00,800009,NORMAL,HS1306571,258,43.0,0.23045411250186845,121.90514022901871,30.599521909710674,0.0002154831265480106,-5.5616024104938475
2025-01-02 19:20:00,800009,NORMAL,HS1306571,259,43.166666666666664,0.24212539336672625,135.68061343393714,30.604110273586066,0.014384482921199454,10.142775953277024
2025-01-02 19:30:00,800009,NORMAL,HS1306571,260,43.33333333333333,0.2566641023795794,128.88356102301677,30.051613577690663,0.031508283699130724,5.3239887382362525
2025-01-02 19:40:00,800009,NORMAL,HS1306571,261,43.5,0.23657786533449449,132.1484660601882,32.434296644801215,0.013773306473528812,10.422648882941289
2025-01-02 19:50:00,800009,NORMAL,HS1306571,262,43.666666666666664,0.2251713976859178,127.29142287419383,33.07988553141454,0.004490509534245679,7.225625126680711
2025-01-02 20:00:00,800009,NORMAL,HS1306571,263,43.83333333333333,0.21031918460131735,133.44567145611452,32.233785713623675,-0.008410834730979283,14.910032764522569
2025-01-02 20:10:00,800009,NORMAL,HS1306571,264,44.0,0.22860849578986783,131.56084426609422,30.153592070887505,0.01190748765410643,14.525492721505515
2025-01-02 20:20:00,800009,NORMAL,HS1306571,265,44.166666666666664,0.21754507555638386,127.19381976590162,32.219948612274834,0.0027838341129816924,11.538410478232535
2025-01-02 20:30:00,800009,NORMAL,HS1306571,266,44.33333333333333,0.21781700577200827,114.03581206697969,32.245473515044665,0.004941460802395686,-0.3656613237008628
2025-01-02 20:40:00,800009,NORMAL,HS1306571,267,44.5,0.20788407397110883,121.56080393317158,31.036250647592162,-0.0028549322503231833,8.529060593917862
2025-01-02 20:50:00,800009,NORMAL,HS1306571,268,44.666666666666664,0.2165059515853972,108.78733098365942,29.7743552477416,0.008113883003238481,-2.743720276627272
2025-01-02 21:00:00,800009,NORMAL,HS1306571,269,44.83333333333333,0.19636847555005965,113.20970281230484,29.011860964042235,-0.009563210843887782,3.2551044341835365
2025-01-02 21:10:00,800009,NORMAL,HS1306571,270,45.0,0.1888721222560846,113.19778759359959,27.719848513582235,-0.014404072061925982,5.052831864762851
2025-01-02 21:20:00,800009,NORMAL,HS1306571,271,45.166666666666664,0.17758995407689585,115.8504836532367,27.309420483841205,-0.023124300580252444,9.623298046101908
2025-01-02 21:30:00,800009,NORMAL,HS1306571,272,45.33333333333333,0.18400657180656613,116.42387895657868,27.37058719965046,-0.013923353972117303,12.297548020022873
2025-01-02 21:40:00,800009,NORMAL,HS1306571,273,45.5,0.18914848221270683,98.96479948509699,28.665242133291752,-0.005965392989860846,-3.0145051764254305
2025-01-02 21:50:00,800009,NORMAL,HS1306571,274,45.666666666666664,0.1922502047670008,92.00587077851254,29.99019180240994,-0.00011729714540029135,-7.8748023679983845
2025-01-02 22:00:00,800009,NORMAL,HS1306571,275,45.83333333333333,0.1791165752242185,93.21316299118023,29.632695216654103,-0.010520943217126377,-4.591110278759032
2025-01-02 22:10:00,800009,NORMAL,HS1306571,276,46.0,0.20350712266569895,93.79881838515823,29.120037391896695,0.016715850111951563,-1.9296073322969107
2025-01-02 22:20:00,800009,NORMAL,HS1306571,277,46.166666666666664,0.18227661220934405,80.35740941787947,28.60085849791305,-0.0007280386936587002,-12.848029636184904
2025-01-02 22:30:00,800009,NORMAL,HS1306571,278,46.33333333333333,0.15522671728054646,88.92533398851387,26.62951681210982,-0.02318139952171816,-1.235287251515274
2025-01-02 22:40:00,800009,NORMAL,HS1306571,279,46.5,0.1606751499630052,91.2290503096915,27.695428070081075,-0.012586111421332563,4.4610989165544765
2025-01-02 22:50:00,800009,NORMAL,HS1306571,280,46.666666666666664,0.15248003304367166,89.02640774246971,26.12466505057528,-0.015156299607293477,5.930385284102883
2025-01-02 23:00:00,800009,NORMAL,HS1306571,281,46.83333333333333,0.16424589395253733,84.92015046143257,26.511527924214274,0.0025256830255443175,5.589343044386993
2025-01-02 23:10:00,800009,NORMAL,HS1306571,282,47.0,0.15051932111094682,79.25461202068247,27.328180757919593,-0.004685941511863939,4.057575715119697
2025-01-02 23:20:00,800009,NORMAL,HS1306571,283,47.166666666666664,0.13662347899435684,69.97204778292537,26.955747803214276,-0.012231939123810015,-0.8989308395262725
2025-01-02 23:30:00,800009,NORMAL,HS1306571,284,47.33333333333333,0.13230971636107938,63.602970396592625,25.517623515580482,-0.010823632285663465,-3.2703993020644475
2025-01-02 23:40:00,800009,NORMAL,HS1306571,285,47.5,0.13116799736088927,67.22125225093595,22.93132228426795,-0.006933907175491472,3.929230683756444
2025-01-02 23:50:00,800009,NORMAL,HS1306571,286,47.666666666666664,0.13121643817198217,61.830823831168516,22.62325829560035,-0.0024832096735998843,1.737946590046512
2025-01-01 00:10:00,800010,NORMAL,HS1306571,0,0.0,0.025915012614682067,4.856221978016876,22.184609069830007,0.0003275344159015259,0.3725314394385384
2025-01-01 00:20:00,800010,NORMAL,HS1306571,1,0.16666666666666666,0.06040297803266858,18.210130529624955,21.564493194827097,0.0019421080289237017,1.2247499413968939
2025-01-01 00:30:00,800010,NORMAL,HS1306571,2,0.3333333333333333,0.11689486329230192,37.138924824307786,20.45919045910345,0.010164154471189013,-2.7715092904237224
2025-01-01 00:40:00,800010,NORMAL,HS1306571,3,0.5,0.15254416456053754,54.45084781596648,21.075192293341253,0.01453756625772426,-5.8420543630845
2025-01-01 00:50:00,800010,NORMAL,HS1306571,4,0.6666666666666666,0.1495101307771795,69.56622937609214,21.021994844198687,0.001709817151448939,0.33627900929401733
2025-01-01 01:00:00,800010,NORMAL,HS1306571,5,0.8333333333333333,0.14259434075217972,72.3602972711461,20.900094902776935,-0.006320337967635314,1.189279252383713
2025-01-01 01:10:00,800010,NORMAL,HS1306571,6,1.0,0.15917749362464212,72.22867554573774,20.812714119067472,0.011605401249834113,1.773546559483222
2025-01-01 01:20:00,800010,NORMAL,HS1306571,7,1.1666666666666665,0.14968191054987465,70.10523505800082,19.361167735222157,0.006338717247523523,2.5588001021619533
2025-01-01 01:30:00,800010,NORMAL,HS1306571,8,1.3333333333333333,0.14897226106095002,71.0603070208948,18.073144017562335,0.010890789935338069,7.490527997837944
2025-01-01 01:40:00,800010,NORMAL,HS1306571,9,1.5,0.14725142107722336,66.53317663590843,18.596317391565716,0.013528226123859594,6.694979520987168
2025-01-01 01:50:00,800010,NORMAL,HS1306571,10,1.6666666666666665,0.12110030837229216,61.95521898998919,18.217941866354135,-0.009289976397452215,5.245523522463586
2025-01-01 02:00:00,800010,NORMAL,HS1306571,11,1.8333333333333333,0.13572764946287938,57.642589538136725,17.506897066725763,0.00808593068712557,3.6066322799832378
2025-01-01 02:10:00,800010,NORMAL,HS1306571,12,2.0,0.13967477552599336,49.655316349208334,17.79729983508234,0.01232777759458839,-3.3972730746619675
2025-01-01 02:20:00,800010,NORMAL,HS1306571,13,2.1666666666666665,0.14538351510479944,49.39170853216769,18.67442291190381,0.015072092520465236,-5.379254132620545
2025-01-01 02:30:00,800010,NORMAL,HS1306571,14,2.333333333333333,0.14003265385749722,58.70438744617508,19.429853717313655,0.004909831564464229,0.5605812801468204
2025-01-01 02:40:00,800010,NORMAL,HS1306571,15,2.5,0.13759251630824548,61.203252186233335,19.366430946284748,-0.0025179642906433264,-0.8159128467892813
2025-01-01 02:50:00,800010,NORMAL,HS1306571,16,2.6666666666666665,0.15966562463285347,68.58685185700605,19.428178617256503,0.015211557087248057,2.9063924014454017
2025-01-01 03:00:00,800010,NORMAL,HS1306571,17,2.833333333333333,0.15544456154210312,73.34762249272009,18.494575522146334,0.007236020773488644,4.343660600354227
2025-01-01 03:10:00,800010,NORMAL,HS1306571,18,3.0,0.15301365616622906,77.36937076470207,18.792203667020605,0.004403712043777319,6.918507373584006
2025-01-01 03:20:00,800010,NORMAL,HS1306571,19,3.1666666666666665,0.1477941471803998,69.27923788708681,19.5967862152011,0.0019872484844689897,-0.10098192618013968
2025-01-01 03:30:00,800010,NORMAL,HS1306571,20,3.333333333333333,0.14914560493936324,72.18040195198017,20.201910720543935,0.006688170296855311,4.586858090069001
2025-01-01 03:40:00,800010,NORMAL,HS1306571,21,3.5,0.13676085734568147,68.21811400120784,20.133719933655247,-0.002523710562544218,2.409436594477768
2025-01-01 03:50:00,800010,NORMAL,HS1306571,22,3.6666666666666665,0.1506824181365189,65.95842246005293,19.493473749991576,0.014251066187803973,1.7492814122857396
2025-01-01 04:00:00,800010,NORMAL,HS1306571,23,3.833333333333333,0.14835830875473677,64.6931427228289,20.481001428438226,0.014634390745009856,1.9742822154426491
2025-01-01 04:10:00,800010,NORMAL,HS1306571,24,4.0,0.1313401862595493,63.96772862561368,20.164216261858222,-0.0018379489113730108,1.7310528085602215
2025-01-01 04:20:00,800010,NORMAL,HS1306571,25,4.166666666666666,0.12979898652455854,70.66386461865459,19.685273048803648,-0.005592011184483436,7.064062674737038
2025-01-01 04:30:00,800010,NORMAL,HS1306571,26,4.333333333333333,0.13220970991613373,72.15261778337928,19.351877950974814,-0.0062509343980791665,6.377833352265753
2025-01-01 04:40:00,800010,NORMAL,HS1306571,27,4.5,0.1521866557269433,74.37940287415495,20.686615455910395,0.010523360837018214,6.244008465798913
2025-01-01 04:50:00,800010,NORMAL,HS1306571,28,4.666666666666666,0.1597301172237396,74.50006529188722,20.769264173386905,0.014791230311291176,3.9506173011043444
2025-01-01 05:00:00,800010,NORMAL,HS1306571,29,4.833333333333333,0.16574986518211163,82.53150012922417,19.8624548316417,0.017436406375786556,9.514362616949342
2025-01-01 05:10:00,800010,NORMAL,HS1306571,30,5.0,0.15722786315156717,83.73067073219477,19.37650132364744,0.004873497065235349,8.226731639239588
2025-01-01 05:20:00,800010,NORMAL,HS1306571,31,5.166666666666666,0.14896226164670917,78.5231583638155,19.87281542968125,-0.008405766387136637,0.5935062982455577
2025-01-01 05:30:00,800010,NORMAL,HS1306571,32,5.333333333333333,0.14844602824225195,81.17146878075107,20.87513912377551,-0.014269854701773332,0.6814481337487877
2025-01-01 05:40:00,800010,NORMAL,HS1306571,33,5.5,0.1632521774101643,84.39602048818456,21.58384755534539,-0.004957742330616743,1.1833046022182856
2025-01-01 05:50:00,800010,NORMAL,HS1306571,34,5.666666666666666,0.1744047837873977,89.47166668287097,21.646381983759742,0.0007228767991765417,3.4660972187055847
2025-01-01 06:00:00,800010,NORMAL,HS1306571,35,5.833333333333333,0.1925285703467225,93.13204892221127,22.25634688887633,0.013326474237805502,4.15858230487413
2025-01-01 06:10:00,800010,NORMAL,HS1306571,36,6.0,0.1734855221848723,93.36305724359596,21.316219077779483,-0.009801230411065759,1.7293569596707101
2025-01-01 06:20:00,800010,NORMAL,HS1306571,37,6.166666666666666,0.19682283175001936,101.93293475911759,22.768681829906477,0.011212565517774109,8.241552369526218
2025-01-01 06:30:00,800010,NORMAL,HS1306571,38,6.333333333333333,0.1895495604398335,99.19618944756179,23.863435523109036,0.0017240718154995227,3.4916944961976952
2025-01-01 06:40:00,800010,NORMAL,HS1306571,39,6.5,0.1835934422003431,99.37706833357588,25.767330370272273,-0.006256772353053441,1.7517630841797427
2025-01-01 06:50:00,800010,NORMAL,HS1306571,40,6.666666666666666,0.1766065775565999,90.74288799081332,26.603049522778335,-0.014862212562738814,-8.56247824192539
2025-01-01 07:00:00,800010,NORMAL,HS1306571,41,6.833333333333333,0.2042761748859117,91.72148325149229,26.9639850764489,0.01156032121187256,-9.014450014244446
2025-01-01 07:10:00,800010,NORMAL,HS1306571,42,7.0,0.19400373226194195,93.41179456932907,27.367772408838857,-0.0003587730184811122,-8.724362205554968
2025-01-01 07:20:00,800010,NORMAL,HS1306571,43,7.166666666666666,0.2075013873086424,97.23132899883954,27.008002883571894,0.011614758776694378,-6.063730422083296
2025-01-01 07:30:00,800010,NORMAL,HS1306571,44,7.333333333333333,0.20008908343275866,106.60560704905028,29.418672389009497,0.003004522902288226,2.452074230131373
2025-01-01 07:40:00,800010,NORMAL,HS1306571,45,7.5,0.218331550868146,109.61668774451657,30.734696886574348,0.01944086656880767,4.283008036490671
2025-01-01 07:50:00,800010,NORMAL,HS1306571,46,7.666666666666666,0.21065284203696577,112.27273726070192,32.05446919412028,0.009353891562918798,5.354133323470194
2025-01-01 08:00:00,800010,NORMAL,HS1306571,47,7.833333333333333,0.19653767525194668,112.54233442931421,31.220388218866617,-0.007421592822794448,3.842859550532822
2025-01-01 08:10:00,800010,NORMAL,HS1306571,48,8.0,0.20588726216875347,115.56996306104753,32.072472208501665,5.154042566596351e-06,5.429687465439258
2025-01-01 08:20:00,800010,NORMAL,HS1306571,49,8.166666666666666,0.21422523798703985,110.04358319834351,32.67016050288908,0.007187618800677087,-0.9739267317372082
2025-01-01 08:30:00,800010,NORMAL,HS1306571,50,8.333333333333332,0.22501585332293728,106.70293814813913,31.85012837067759,0.01633743071300256,-5.4326194374437335
2025-01-01 08:40:00,800010,NORMAL,HS1306571,51,8.5,0.21105149992920139,106.8763092983604,31.70866921551465,0.00023824092094876237,-6.728764147047329
2025-01-01 08:50:00,800010,NORMAL,HS1306571,52,8.666666666666666,0.248853051000245,110.3994186884845,35.04046432193183,0.03568971744991578,-4.863565382138461
2025-01-01 09:00:00,800010,NORMAL,HS1306571,53,8.833333333333332,0.23297434630956376,130.89452625542614,36.00339890192874,0.017395190541223293,13.901072840175175
2025-01-01 09:10:00,800010,NORMAL,HS1306571,54,9.0,0.2425136713172653,120.59261220873857,37.63496905869636,0.02467062487360866,1.9493118373966496
2025-01-01 09:20:00,800010,NORMAL,HS1306571,55,9.166666666666666,0.23722285811820948,103.99146696851298,34.75152929232726,0.018012515925270922,-15.838747724508195
2025-01-01 09:30:00,800010,NORMAL,HS1306571,56,9.333333333333332,0.21943754692478348,116.78162139330637,35.095224852369675,0.0007694016665746317,-2.9748869661344486
2025-01-01 09:40:00,800010,NORMAL,HS1306571,57,9.5,0.21870713907183836,119.76329455306492,35.71308405934071,0.001966184752203892,1.1760883371740363
2025-01-01 09:50:00,800010,NORMAL,HS1306571,58,9.666666666666666,0.2477781382125282,114.40959336269385,36.40582699010372,0.0337210857731981,-2.3710047212076972
2025-01-01 10:00:00,800010,NORMAL,HS1306571,59,9.833333333333332,0.2612227767434245,116.79213599450388,34.13844364473678,0.05029088625803807,2.1792629336070064
2025-01-01 10:10:00,800010,NORMAL,HS1306571,60,10.0,0.2210666617647383,109.58487957135696,37.17518219873923,0.01247519319257498,-3.1482558655371378
2025-01-01 10:20:00,800010,NORMAL,HS1306571,61,10.166666666666666,0.20913680270925059,110.84738672124891,35.842247306281664,0.0006661481731938257,-1.3217292351515795
2025-01-01 10:30:00,800010,NORMAL,HS1306571,62,10.333333333333332,0.21833816221186653,113.61517257749158,35.709002346023176,0.008193133172106598,0.6737488183681961
2025-01-01 10:40:00,800010,NORMAL,HS1306571,63,10.5,0.22621757194736455,124.32871264130854,38.4813132283451,0.01359380517626696,9.906740541495935
2025-01-01 10:50:00,800010,NORMAL,HS1306571,64,10.666666666666666,0.23204462221441569,120.24530443671134,38.584890122038296,0.01664649074623245,4.055168449088143
2025-01-01 11:00:00,800010,NORMAL,HS1306571,65,10.833333333333332,0.2214094174632646,118.25750372875906,38.22971061249402,0.0030035914547232867,0.1023289376327483
2025-01-01 11:10:00,800010,NORMAL,HS1306571,66,11.0,0.22450921003857272,120.41123659005412,36.61107300291937,0.0026594389829142084,-0.18112701000916331
2025-01-01 11:20:00,800010,NORMAL,HS1306571,67,11.166666666666666,0.23099076642865446,121.62948724069877,38.95657240543986,0.007512409896666433,-0.4781182300199589
2025-01-01 11:30:00,800010,NORMAL,HS1306571,68,11.333333333333332,0.22596015185233972,126.73379685272613,38.30852760303239,0.0026470849655809148,4.45336438212351
2025-01-01 11:40:00,800010,NORMAL,HS1306571,69,11.5,0.22328906586390207,129.64289899485618,38.4982586599109,0.0008702024337978453,7.807734702259296
2025-01-01 11:50:00,800010,NORMAL,HS1306571,70,11.666666666666666,0.23822496052098252,133.98078893098509,37.99875510500787,0.01706633941630284,12.871740272299931
2025-01-01 12:00:00,800010,NORMAL,HS1306571,71,11.833333333333332,0.2199447832305902,132.17905849733032,34.51955017954163,0.00021301016552033314,11.917438363980153
2025-01-01 12:10:00,800010,NORMAL,HS1306571,72,12.0,0.23139750428795916,132.96639890404234,35.98258401077233,0.014532398998886559,14.308260170387356
2025-01-01 12:20:00,800010,NORMAL,HS1306571,73,12.166666666666666,0.22478762864441829,129.7100555992958,37.66547406555622,0.010938793659112989,12.729033602092642
2025-01-01 12:30:00,800010,NORMAL,HS1306571,74,12.333333333333332,0.21926130103499572,122.76653496348061,37.27296324073671,0.007627863664108558,6.9236776279742145
2025-01-01 12:40:00,800010,NORMAL,HS1306571,75,12.5,0.22989705981675818,117.35563857496334,37.287281847719115,0.019909018182820454,2.2642601194415732
2025-01-01 12:50:00,800010,NORMAL,HS1306571,76,12.666666666666666,0.20617463203285702,118.61295480057348,37.21002073395373,-0.0024770492293669233,4.0795275292199875
2025-01-01 13:00:00,800010,NORMAL,HS1306571,77,12.833333333333332,0.20613548645852675,112.32255102596919,35.739787998163024,-0.0013602999781727743,-1.7533409526991477
2025-01-01 13:10:00,800010,NORMAL,HS1306571,78,13.0,0.22537113972501557,108.4700750349699,34.81083724879666,0.0183856104088595,-5.116935159871531
2025-01-01 13:20:00,800010,NORMAL,HS1306571,79,13.166666666666666,0.21049209436746363,108.37878550781176,35.726519210824314,0.002417366357760631,-5.201833296572019
2025-01-01 13:30:00,800010,NORMAL,HS1306571,80,13.333333333333332,0.19730978671528895,109.7640339996049,38.07164311843035,-0.013347705642969804,-4.815259680361834
2025-01-01 13:40:00,800010,NORMAL,HS1306571,81,13.5,0.2212791966718198,122.32363243932168,38.61456206040899,0.0073633681997235245,6.061057225459905
2025-01-01 13:50:00,800010,NORMAL,HS1306571,82,13.666666666666666,0.21958028934776222,119.71695991099763,37.97030137604721,0.002097745545703883,1.472577145472954
2025-01-01 14:00:00,800010,NORMAL,HS1306571,83,13.833333333333332,0.22103337867098563,123.45616325835545,39.09311135789038,-0.00035146387106821386,2.9694910710678784
2025-01-01 14:10:00,800010,NORMAL,HS1306571,84,14.0,0.250053003133297,124.44752149623137,39.92020357021635,0.024155445244477602,0.7785362531781601
2025-01-01 14:20:00,800010,NORMAL,HS1306571,85,14.166666666666666,0.2545113164515154,130.63359468958475,37.913810653015055,0.02452403038179135,3.280604790135854
2025-01-01 14:30:00,800010,NORMAL,HS1306571,86,14.333333333333332,0.25271339550595096,142.83514315727936,36.75215961319895,0.019438011689211637,12.20895706899833
2025-01-01 14:40:00,800010,NORMAL,HS1306571,87,14.5,0.2685570383381996,130.7791122611756,36.695357989918904,0.03247116282544693,-2.781320193364479
2025-01-01 14:50:00,800010,NORMAL,HS1306571,88,14.666666666666666,0.24928427911473852,129.51993382789615,38.6525472933853,0.01071792847691494,-6.717250417446479
2025-01-01 15:00:00,800010,NORMAL,HS1306571,89,14.833333333333332,0.23850807945717495,130.78900900319675,37.79041178435588,-0.002347279465514135,-7.984980861159329
2025-01-01 15:10:00,800010,NORMAL,HS1306571,90,15.0,0.2459664776446888,141.66188247401084,38.8237191827134,0.003025221900202435,0.7614087313685047
2025-01-01 15:20:00,800010,NORMAL,HS1306571,91,15.166666666666666,0.21600916297188016,140.1186727970533,39.472340826075325,-0.02900604150266567,-2.5663670867864994
2025-01-01 15:30:00,800010,NORMAL,HS1306571,92,15.333333333333332,0.24343994638673536,142.12342041494327,38.78084747151573,-0.003576113991326485,-2.2268913018200465
2025-01-01 15:40:00,800010,NORMAL,HS1306571,93,15.5,0.23383493196806443,134.4309779847109,35.39457238974483,-0.015119628847562072,-11.523325370080244
2025-01-01 15:50:00,800010,NORMAL,HS1306571,94,15.666666666666666,0.24625486388880596,153.18277433176198,35.2324942711375,-0.00462458922313197,5.631908084294537
2025-01-01 16:00:00,800010,NORMAL,HS1306571,95,15.833333333333332,0.27678430217248007,158.3666524259439,33.76359819592225,0.024000845153513584,9.232609125261348
2025-01-01 16:10:00,800010,NORMAL,HS1306571,96,16.0,0.252890132614509,165.16801991090108,33.26894624407803,-0.002032839036480827,14.465921681485526
2025-01-01 16:20:00,800010,NORMAL,HS1306571,97,16.166666666666664,0.2569514757218563,169.13570980332824,34.482068544197766,3.8344292706160577e-05,17.11432325194471
2025-01-01 16:30:00,800010,NORMAL,HS1306571,98,16.333333333333332,0.26037060523308886,159.851374730005,35.972335504566374,0.0023215959939099085,7.189666937477
2025-01-01 16:40:00,800010,NORMAL,HS1306571,99,16.5,0.24967432910840848,166.35759300913034,35.234745175813316,-0.00905492939594077,13.46905440995593
2025-01-01 16:50:00,800010,NORMAL,HS1306571,100,16.666666666666664,0.23971084227736847,161.48928287211967,34.04655050410142,-0.019515137092569718,8.554070343132395
2025-01-01 17:00:00,800010,NORMAL,HS1306571,101,16.833333333333332,0.2432423362467947,170.10725151265078,32.71484506112269,-0.016433192601175595,17.184185820148087
2025-01-01 17:10:00,800010,NORMAL,HS1306571,102,17.0,0.2591150323407119,166.14610476464,33.84683205699935,0.00019497847321997552,14.052167495641498
2025-01-01 17:20:00,800010,NORMAL,HS1306571,103,17.166666666666664,0.2470382083394339,152.8759947193562,34.771040589366,-0.00896610884347293,3.2899239220323864
2025-01-01 17:30:00,800010,NORMAL,HS1306571,104,17.333333333333332,0.24351124386208325,159.02490020252807,35.83327857145908,-0.008521813428865682,12.82521670918996
2025-01-01 17:40:00,800010,NORMAL,HS1306571,105,17.5,0.26647207229848086,146.61694218403318,34.62392770790084,0.0189013949332128,4.20119764143368
2025-01-01 17:50:00,800010,NORMAL,HS1306571,106,17.666666666666664,0.247619353139586,138.6023841251565,33.94003267144847,0.004852439632599764,0.21993099036134822
2025-01-01 18:00:00,800010,NORMAL,HS1306571,107,17.833333333333332,0.24572213211545346,139.19078332862796,30.48609632847456,0.008074011144255572,5.044343338495196
2025-01-01 18:10:00,800010,NORMAL,HS1306571,108,18.0,0.2510100674523167,140.01693611212454,32.323774978822655,0.01804034741195426,9.588616458242996
2025-01-01 18:20:00,800010,NORMAL,HS1306571,109,18.166666666666664,0.23867520644131396,141.34255941694053,33.622366916596256,0.009077616486777268,13.376309174732327
2025-01-01 18:30:00,800010,NORMAL,HS1306571,110,18.333333333333332,0.23111348094914794,140.09253149816496,31.512105364601837,0.0037390196401207165,13.626224299203713
2025-01-01 18:40:00,800010,NORMAL,HS1306571,111,18.5,0.2433659750012063,135.7840182422689,33.74646454999802,0.017766474842306673,10.406588744109001
2025-01-01 18:50:00,800010,NORMAL,HS1306571,112,18.666666666666664,0.20182672761396445,121.01135932569994,36.39926353954472,-0.0221631209927049,-3.434229755247202
2025-01-01 19:00:00,800010,NORMAL,HS1306571,113,18.833333333333332,0.22078647918601738,122.55339317638648,33.76172289707905,-0.0016674348361354896,-1.0275716636848244
2025-01-01 19:10:00,800010,NORMAL,HS1306571,114,19.0,0.2067300922617405,124.68916909150656,31.50917510725447,-0.014287397273513275,1.9492259602549353
2025-01-01 19:20:00,800010,NORMAL,HS1306571,115,19.166666666666664,0.2091280667253279,128.34229061027872,34.158139046203345,-0.010024634183775027,6.6791253328210445
2025-01-01 19:30:00,800010,NORMAL,HS1306571,116,19.333333333333332,0.21508641830917705,123.68818472735289,33.53976745374608,-0.0013470770129580811,3.71011162946364
2025-01-01 19:40:00,800010,NORMAL,HS1306571,117,19.5,0.2240750606039065,114.44079565567138,31.55498230603413,0.010681351554290563,-3.5770910761142005
2025-01-01 19:50:00,800010,NORMAL,HS1306571,118,19.666666666666664,0.23400359896481365,112.62581004229985,30.730117606383946,0.023753505828117083,-3.3497402786600787
2025-01-01 20:00:00,800010,NORMAL,HS1306571,119,19.833333333333332,0.22892325752659146,119.284876088615,30.835919507718675,0.021815497775400927,5.3416588001748835
2025-01-01 20:10:00,800010,NORMAL,HS1306571,120,20.0,0.20721048614313906,108.66017263050186,29.493594751756113,0.004286423828814834,-2.507308951810927
2025-01-01 20:20:00,800010,NORMAL,HS1306571,121,20.166666666666664,0.2095041733069293,107.97351250879015,30.311065219291425,0.011007934146227277,0.08536024886954863
2025-01-01 20:30:00,800010,NORMAL,HS1306571,122,20.333333333333332,0.20712987776729483,103.17391582538701,29.306543346697747,0.01189490172062091,-2.1599730121155147
2025-01-01 20:40:00,800010,NORMAL,HS1306571,123,20.5,0.20142470014273509,100.04317273289355,27.998545748498046,0.008904470949747167,-3.1951597150320197
2025-01-01 20:50:00,800010,NORMAL,HS1306571,124,20.666666666666664,0.20042716412368075,102.37887600585275,28.69275135991165,0.010552062299152565,1.1279582400479597
2025-01-01 21:00:00,800010,NORMAL,HS1306571,125,20.833333333333332,0.1996571686011389,103.27372770125689,28.38803634715856,0.012526516493550577,4.019038446341156
2025-01-01 21:10:00,800010,NORMAL,HS1306571,126,21.0,0.21461646023865916,97.36278287446518,27.85369638346074,0.029445424709199614,-0.4118229460900693
2025-01-01 21:20:00,800010,NORMAL,HS1306571,127,21.166666666666664,0.17950776754812278,105.69599413292299,27.907274076912163,-0.003785001019857931,9.225941896064626
2025-01-01 21:30:00,800010,NORMAL,HS1306571,128,21.333333333333332,0.19369917783199628,106.47773220149577,28.704472485845894,0.013943571208203831,12.39089272339281
2025-01-01 21:40:00,800010,NORMAL,HS1306571,129,21.5,0.17638344414442336,96.91731069892712,26.597200428689874,0.0013093085168121021,6.083760855019165
2025-01-01 21:50:00,800010,NORMAL,HS1306571,130,21.666666666666664,0.1754845628708462,86.22946653485832,27.546138796121078,0.005552847646130066,-0.9755589010696184
2025-01-01 22:00:00,800010,NORMAL,HS1306571,131,21.833333333333332,0.17006240068551554,85.67568268141318,25.936170137018923,0.0054971368636277385,2.269085614262309
2025-01-01 22:10:00,800010,NORMAL,HS1306571,132,22.0,0.16153085985334528,76.15008744730842,26.512521591309202,0.002397769125547594,-3.488333431392803
2025-01-01 22:20:00,800010,NORMAL,HS1306571,133,22.166666666666664,0.16684971730884046,72.67549364778249,25.94338310520853,0.012864557032546076,-3.5118474428907405
2025-01-01 22:30:00,800010,NORMAL,HS1306571,134,22.333333333333332,0.15193463662621173,75.84538814734782,26.20559466869556,0.0016679858195616237,2.220556371060354
2025-01-01 22:40:00,800010,NORMAL,HS1306571,135,22.5,0.15897838676702528,72.23324056481859,26.32176305032199,0.011184088445731127,0.3673052917596209
2025-01-01 22:50:00,800010,NORMAL,HS1306571,136,22.666666666666664,0.13651078469683295,71.96497316716527,25.1738247772422,-0.009555048072231759,1.3496334049764158
2025-01-01 23:00:00,800010,NORMAL,HS1306571,137,22.833333333333332,0.14912751303621272,66.1327657279406,24.712049284967957,0.0043404659570780435,-3.5436634244225615
2025-01-01 23:10:00,800010,NORMAL,HS1306571,138,23.0,0.14511126563598362,73.32248941200086,24.57049722003008,0.0015445651002702343,4.500345022809796
2025-01-01 23:20:00,800010,NORMAL,HS1306571,139,23.166666666666664,0.1316025846082849,73.14500419199365,25.06321493675684,-0.010956737104700465,4.964919035332073
2025-01-01 23:30:00,800010,NORMAL,HS1306571,140,23.333333333333332,0.1404933066241907,75.74066349393523,23.555509544462883,-0.0020199639025157423,7.642031781134506
2025-01-01 23:40:00,800010,NORMAL,HS1306571,141,23.5,0.13137575020128878,77.25329653641468,24.41057977864766,-0.011999490904500254,8.670122758180653
2025-01-01 23:50:00,800010,NORMAL,HS1306571,142,23.666666666666664,0.1494719709445994,78.45296413881945,24.052501340586435,0.004647228635550449,8.996245294277017
2025-01-02 00:00:00,800010,NORMAL,HS1306571,143,23.833333333333332,0.15794844130299834,75.92694085120355,22.786586418262026,0.011380860622000777,5.390594261239457
2025-01-02 00:10:00,800010,NORMAL,HS1306571,144,24.0,0.15613048827939277,71.64506162003406,23.67905835708158,0.007624237706140374,-0.18238121657607564
2025-01-02 00:20:00,800010,NORMAL,HS1306571,145,24.166666666666664,0.1413433004438199,78.0978089845875,23.746112349009454,-0.008150775054507675,5.395977707811696
2025-01-02 00:30:00,800010,NORMAL,HS1306571,146,24.333333333333332,0.1470794364415073,75.04710459493859,22.459317210223226,-0.0018652514070900683,2.36034612428233
2025-01-02 00:40:00,800010,NORMAL,HS1306571,147,24.5,0.14267180548720207,71.76002131144513,23.294169645348937,-0.0047004349351011665,-0.25299305198161903
2025-01-02 00:50:00,800010,NORMAL,HS1306571,148,24.666666666666664,0.14280194714835828,74.38936228179715,22.964270715536077,-0.0024658054461396406,3.402857230227852
2025-01-02 01:00:00,800010,NORMAL,HS1306571,149,24.833333333333332,0.1376782992857605,69.36879982608578,22.84427850641273,-0.005224279646910246,-0.4275004755854468
2025-01-02 01:10:00,800010,NORMAL,HS1306571,150,25.0,0.15485357680820602,77.77604126589118,22.669457438462317,0.015357746872287747,9.927599224534944
2025-01-02 01:20:00,800010,NORMAL,HS1306571,151,25.166666666666664,0.15377827463176227,73.36405030169134,21.210224600969557,0.018270297923615564,8.203077149903166
2025-01-02 01:30:00,800010,NORMAL,HS1306571,152,25.333333333333332,0.13605338978444448,72.82356234741614,21.20003193715974,0.004597488904034469,10.489679842038605
2025-01-02 01:40:00,800010,NORMAL,HS1306571,153,25.5,0.13061683774893668,59.835562602628954,19.619545136436933,0.0034470696694203218,0.4641646173797369
2025-01-02 01:50:00,800010,NORMAL,HS1306571,154,25.666666666666664,0.1367737039768378,53.16895920153729,19.132781835630258,0.01413772780563996,-3.1045348528869
2025-01-02 02:00:00,800010,NORMAL,HS1306571,155,25.833333333333332,0.14190343636708175,53.4279398322922,17.336312981990073,0.023846691094282113,0.28327197242003166
2025-01-02 02:10:00,800010,NORMAL,HS1306571,156,26.0,0.13624863746086455,49.555082579221036,16.939983100707988,0.021487113709198202,-1.0710131468695323
2025-01-02 02:20:00,800010,NORMAL,HS1306571,157,26.166666666666664,0.12301853273398564,53.91426997692882,18.183777974678886,0.009635095927390008,4.7207517836127835
2025-01-02 02:30:00,800010,NORMAL,HS1306571,158,26.333333333333332,0.11475268901637273,52.185401030455836,17.62326445120451,0.001084055662816899,3.497697901678613
2025-01-02 02:40:00,800010,NORMAL,HS1306571,159,26.5,0.11730858103310782,50.84551202291356,17.764541687832345,0.001965394543463797,1.876951247662177
2025-01-02 02:50:00,800010,NORMAL,HS1306571,160,26.666666666666664,0.11965004768036017,51.406321030885145,19.12790582795331,0.001730402996691499,1.6023509360498096
2025-01-02 03:00:00,800010,NORMAL,HS1306571,161,26.833333333333332,0.1244610746881039,53.73184831310452,18.676177119695506,0.003474197615374361,2.7568556936520707
2025-01-02 03:10:00,800010,NORMAL,HS1306571,162,27.0,0.1378309608112392,52.308379177100235,19.41960478734983,0.013432194792012131,-0.09238181762110287
2025-01-02 03:20:00,800010,NORMAL,HS1306571,163,27.166666666666664,0.12779399795247673,49.83835931675244,19.999071710913533,-0.00041065921043961784,-4.219811484192533
2025-01-02 03:30:00,800010,NORMAL,HS1306571,164,27.333333333333332,0.1366641924841759,53.19371830682658,19.934179022333126,0.0054738893017518275,-2.183233895396633
2025-01-02 03:40:00,800010,NORMAL,HS1306571,165,27.5,0.1472518429853347,62.579756914838995,19.547212498461704,0.014190643170278627,6.492990159055765
2025-01-02 03:50:00,800010,NORMAL,HS1306571,166,27.666666666666664,0.14269659863536435,58.04901174181623,18.188105962671315,0.00839302852795562,1.68259173640201
2025-01-02 04:00:00,800010,NORMAL,HS1306571,167,27.833333333333332,0.1476472239013868,56.84972956803597,20.143478099059138,0.012313049177005098,0.3973787857701794
2025-01-02 04:10:00,800010,NORMAL,HS1306571,168,28.0,0.1436828526325937,60.8728574851324,18.952966757835437,0.0075605831626401054,4.001721219361592
2025-01-02 04:20:00,800010,NORMAL,HS1306571,169,28.166666666666664,0.13860824564269209,56.95686382331054,19.550875596229304,0.00244305308301207,-0.54712228720566
2025-01-02 04:30:00,800010,NORMAL,HS1306571,170,28.333333333333332,0.1385454800268121,55.176939975672106,18.88816188316238,0.0012503459179693532,-3.6058467525355837
2025-01-02 04:40:00,800010,NORMAL,HS1306571,171,28.5,0.15110248438457305,60.80110405878709,19.729466988472954,0.01101715940633069,-0.19271136330929295
2025-01-02 04:50:00,800010,NORMAL,HS1306571,172,28.666666666666664,0.1612479057679291,67.98600691987855,19.204545874175597,0.01729045934327761,4.0861914753699935
2025-01-02 05:00:00,800010,NORMAL,HS1306571,173,28.833333333333332,0.15526054264630154,66.31231258030842,19.871360761847058,0.007060593859265496,-0.7898167302292052
2025-01-02 05:10:00,800010,NORMAL,HS1306571,174,29.0,0.16289431486915076,73.73147922022585,22.47369399435747,0.009864405180848163,3.230521800373481
2025-01-02 05:20:00,800010,NORMAL,HS1306571,175,29.166666666666664,0.17132095139687145,82.99121947924249,20.813427939073684,0.012042870431283575,8.333279840667942
2025-01-02 05:30:00,800010,NORMAL,HS1306571,176,29.333333333333332,0.18923118479649392,87.9561834464821,22.158007464195084,0.02302855103322099,8.60059350779602
2025-01-02 05:40:00,800010,NORMAL,HS1306571,177,29.5,0.17596853973505752,88.30180863048496,23.166567691884715,0.0028377318888678504,4.129913581754209
2025-01-02 05:50:00,800010,NORMAL,HS1306571,178,29.666666666666664,0.1920117159876471,91.4916263832794,23.526137580848136,0.01207574973770345,2.498924483142261
2025-01-02 06:00:00,800010,NORMAL,HS1306571,179,29.833333333333332,0.19636551251625728,97.24626712461881,21.776580434061973,0.009899055229425663,3.5657332770573475
2025-01-02 06:10:00,800010,NORMAL,HS1306571,180,30.0,0.17882258080118976,103.24300719223969,22.157258334809296,-0.012976773516983953,5.343736376544683
2025-01-02 06:20:00,800010,NORMAL,HS1306571,181,30.166666666666664,0.2159517431907511,105.86151265441019,24.720555229505482,0.021212105013234256,5.011433607391538
2025-01-02 06:30:00,800010,NORMAL,HS1306571,182,30.333333333333332,0.21750076933282633,113.38335040769192,24.99688725897753,0.021392762154225142,10.708011927456496
2025-01-02 06:40:00,800010,NORMAL,HS1306571,183,30.5,0.20221294595072917,104.8892957834358,25.722485892964198,0.005145030858101973,0.7990961984483675
2025-01-02 06:50:00,800010,NORMAL,HS1306571,184,30.666666666666664,0.20090840272701813,107.62032591519035,27.915145386925477,0.002777411875276331,2.1222343393843346
2025-01-02 07:00:00,800010,NORMAL,HS1306571,185,30.833333333333332,0.2048576914224455,103.11783086662561,29.688594450101473,0.005492275959471632,-3.88002376483783
2025-01-02 07:10:00,800010,NORMAL,HS1306571,186,31.0,0.19503808891050592,117.72271448763729,29.28439884961795,-0.0065485806688126424,8.794413788309953
2025-01-02 07:20:00,800010,NORMAL,HS1306571,187,31.166666666666664,0.19050254980575024,122.3845214386747,32.42651312583403,-0.01446858659399003,10.903945093902891
2025-01-02 07:30:00,800010,NORMAL,HS1306571,188,31.333333333333332,0.2012944468181714,117.239751080925,33.6304308586995,-0.007709398179077648,2.7372681984100353
2025-01-02 07:40:00,800010,NORMAL,HS1306571,189,31.5,0.22302813770293947,119.93838260664744,32.66535319792107,0.009853164250460816,2.2569268840779415
2025-01-02 07:50:00,800010,NORMAL,HS1306571,190,31.666666666666664,0.21776353019907999,117.80044976017905,32.64683545892665,0.00047001728913201313,-3.058446378794372
2025-01-02 08:00:00,800010,NORMAL,HS1306571,191,31.833333333333332,0.2197848234660454,128.1121341854498,32.17572273607448,-0.001492113016734714,4.14989239144829
2025-01-02 08:10:00,800010,NORMAL,HS1306571,192,32.0,0.24329446151047715,127.68790040555265,33.64827180576705,0.01932634287140836,1.5215717519402574
2025-01-02 08:20:00,800010,NORMAL,HS1306571,193,32.166666666666664,0.23423501356201068,127.74636952390568,32.359945224508245,0.009242735959928416,0.7038475523742278
2025-01-02 08:30:00,800010,NORMAL,HS1306571,194,32.33333333333333,0.2246293646331019,129.29639340424075,33.40552397816615,-2.4517849613769904e-05,2.410075391287563
2025-01-02 08:40:00,800010,NORMAL,HS1306571,195,32.5,0.23294073017726022,135.62243100729026,34.415431603987905,0.009319514441491261,9.442978103378891
2025-01-02 08:50:00,800010,NORMAL,HS1306571,196,32.666666666666664,0.22627347677756846,124.13814488791026,34.638213603378475,0.003993827764768171,-1.090694288430484
2025-01-02 09:00:00,800010,NORMAL,HS1306571,197,32.83333333333333,0.24103960155038423,128.65439602699732,33.696396876379644,0.020309632284410573,4.52363743347604
2025-01-02 09:10:00,800010,NORMAL,HS1306571,198,33.0,0.23813564866191506,122.64829374519715,34.151463191485476,0.01789717473340738,-0.8457136443264375
2025-01-02 09:20:00,800010,NORMAL,HS1306571,199,33.166666666666664,0.2104669022818089,129.22140269584455,35.15059904827428,-0.011490601421065116,5.054334647442758
2025-01-02 09:30:00,800010,NORMAL,HS1306571,200,33.33333333333333,0.2352332822397222,135.42910764267467,36.208992746270376,0.010182462721265911,9.576218600099281
2025-01-02 09:40:00,800010,NORMAL,HS1306571,201,33.5,0.2346135346912328,128.94412908284568,36.05605278289804,0.0059925268394287745,0.9919389283806339
2025-01-02 09:50:00,800010,NORMAL,HS1306571,202,33.666666666666664,0.21009500055370237,122.8892120268863,34.16369312636301,-0.022273272453095155,-7.3381477757335745
2025-01-02 10:00:00,800010,NORMAL,HS1306571,203,33.83333333333333,0.21416524964857916,128.6606195198065,37.966037662161874,-0.02193266040875938,-3.8688436176158802
2025-01-02 10:10:00,800010,NORMAL,HS1306571,204,34.0,0.2404430008205591,142.52483501356457,38.24534352257716,0.0015626902488390937,8.208611464175789
2025-01-02 10:20:00,800010,NORMAL,HS1306571,205,34.166666666666664,0.2524704175616576,141.17523589237896,38.580033415798084,0.013358268547289859,6.8072140324047155
2025-01-02 10:30:00,800010,NORMAL,HS1306571,206,34.33333333333333,0.22484808136321988,136.05681848879215,37.8421590202755,-0.012573532239458951,3.13540596738585
2025-01-02 10:40:00,800010,NORMAL,HS1306571,207,34.5,0.20760444300659972,140.91508763929775,39.33851652485084,-0.02739321363742217,10.084573480724146
2025-01-02 10:50:00,800010,NORMAL,HS1306571,208,34.666666666666664,0.23701951379287792,142.36928855166724,37.64239396104287,0.00465506818038422,13.832030596380577
2025-01-02 11:00:00,800010,NORMAL,HS1306571,209,34.83333333333333,0.2177740525143947,133.33037418000276,37.89340976500153,-0.01187273815792425,7.166215442545976
2025-01-02 11:10:00,800010,NORMAL,HS1306571,210,35.0,0.22408491279674467,131.47056322551956,37.18678069958264,-0.002662124887332057,7.607975280438751
2025-01-02 11:20:00,800010,NORMAL,HS1306571,211,35.166666666666664,0.2242794709268363,127.73212121987615,35.834096642467244,0.0003416219536435672,5.77602290991004
2025-01-02 11:30:00,800010,NORMAL,HS1306571,212,35.33333333333333,0.19804070240184574,122.47756938680378,35.30764115072352,-0.023407648624145155,2.075267742613377
2025-01-02 11:40:00,800010,NORMAL,HS1306571,213,35.5,0.19191157493405253,122.40884954613668,33.67122929530664,-0.02703734423990159,3.5089235982402727
2025-01-02 11:50:00,800010,NORMAL,HS1306571,214,35.666666666666664,0.18835552668423317,123.20646972142389,32.4373555998179,-0.028012598864599808,5.8777857777883185
2025-01-02 12:00:00,800010,NORMAL,HS1306571,215,35.83333333333333,0.19119101779711142,114.5018266236397,34.6045413211472,-0.022543297490575404,-1.1983785662807804
2025-01-02 12:10:00,800010,NORMAL,HS1306571,216,36.0,0.1990977871758135,111.63534910383669,34.689431065247966,-0.011924445297075814,-2.2070082676281686
2025-01-02 12:20:00,800010,NORMAL,HS1306571,217,36.166666666666664,0.2054963075819791,98.84947591468304,35.31800347246715,-0.0035173187932077965,-13.289709296870072
2025-01-02 12:30:00,800010,NORMAL,HS1306571,218,36.33333333333333,0.2094899017229646,104.70563989861995,36.48937070839887,0.0016062482456902227,-6.3997032508481055
2025-01-02 12:40:00,800010,NORMAL,HS1306571,219,36.5,0.2023598201781351,106.18497110974126,37.26288622953284,-0.005022957076678103,-4.397606240654625
2025-01-02 12:50:00,800010,NORMAL,HS1306571,220,36.666666666666664,0.19528876684136168,108.15747174504288,38.48557222155879,-0.012022594330664549,-2.246414095727431
2025-01-02 13:00:00,800010,NORMAL,HS1306571,221,36.83333333333333,0.1981963900697006,112.36747734758528,37.829714265341664,-0.009322055842129223,1.9203478314069713
2025-01-02 13:10:00,800010,NORMAL,HS1306571,222,37.0,0.20346254782460563,117.27905136894883,37.39903647906508,-0.0050040025859009185,6.310802203603629
2025-01-02 13:20:00,800010,NORMAL,HS1306571,223,37.166666666666664,0.21551737606762744,127.88931584702809,35.90262111481768,0.005479444385440513,15.974309060657959
2025-01-02 13:30:00,800010,NORMAL,HS1306571,224,37.33333333333333,0.2108953394317703,118.14933675642523,34.779787486696094,-0.0008775644060083632,5.192358795368136
2025-01-02 13:40:00,800010,NORMAL,HS1306571,225,37.5,0.21544932269460057,115.05159585776599,34.124231786423124,0.0018083039822144042,0.9802786250912021
2025-01-02 13:50:00,800010,NORMAL,HS1306571,226,37.666666666666664,0.2303054390948176,114.98167271408273,34.67870305356542,0.014661250976644197,-0.2917148002204186
2025-01-02 14:00:00,800010,NORMAL,HS1306571,227,37.83333333333333,0.2163548543709518,106.81972853645372,34.47252795455728,-0.0014145679260448574,-9.744011238169378
2025-01-02 14:10:00,800010,NORMAL,HS1306571,228,38.0,0.228191793860782,122.15662510636609,35.519316159853986,0.008106946670640297,3.7659150502472443
2025-01-02 14:20:00,800010,NORMAL,HS1306571,229,38.166666666666664,0.2544885358002005,125.1700497368401,33.211632364523325,0.032301363665891814,4.438547273307563
2025-01-02 14:30:00,800010,NORMAL,HS1306571,230,38.33333333333333,0.24759699352652506,127.32631744899841,35.152704265706454,0.023190931642293605,4.0400799479038625
2025-01-02 14:40:00,800010,NORMAL,HS1306571,231,38.5,0.2525791799986544,121.1298567629918,31.865605133802056,0.02592136553584312,-4.788685740336078
2025-01-02 14:50:00,800010,NORMAL,HS1306571,232,38.666666666666664,0.2429671297041256,122.99307537507651,30.630848500604564,0.014156302821397931,-5.503851479525096
2025-01-02 15:00:00,800010,NORMAL,HS1306571,233,38.83333333333333,0.24362987154712026,129.01964219470636,32.2511302649357,0.012767356944033664,-1.976496006971388
2025-01-02 15:10:00,800010,NORMAL,HS1306571,234,39.0,0.23372252794350615,123.23114460167406,30.45687053104118,0.0010767269821790049,-9.816501171010799
2025-01-02 15:20:00,800010,NORMAL,HS1306571,235,39.166666666666664,0.21871281115248273,126.08367888132639,32.33716298143763,-0.016617603215825977,-9.26075747429914
2025-01-02 15:30:00,800010,NORMAL,HS1306571,236,39.33333333333333,0.21487047217195837,144.14336748757216,32.57661439899831,-0.023951640615065967,5.9416342367767925
2025-01-02 15:40:00,800010,NORMAL,HS1306571,237,39.5,0.22993863948762372,148.00856935955952,32.48596109690508,-0.012856378437540367,6.566625581759439
2025-01-02 15:50:00,800010,NORMAL,HS1306571,238,39.666666666666664,0.2427424250015686,147.2770451656461,35.1272022739829,-0.004265255515365468,2.38680219710983
2025-01-02 16:00:00,800010,NORMAL,HS1306571,239,39.83333333333333,0.27020645444293395,154.93396092687925,36.055910934259295,0.018850063333846978,6.463976194158789
2025-01-02 16:10:00,800010,NORMAL,HS1306571,240,40.0,0.25787516306828734,162.88554599079924,35.956076391786745,0.0015479355681777829,10.683643133359368
2025-01-02 16:20:00,800010,NORMAL,HS1306571,241,40.166666666666664,0.27953473801032214,152.30617567198146,37.62935386084554,0.018795633021124913,-2.9918718105103608
2025-01-02 16:30:00,800010,NORMAL,HS1306571,242,40.33333333333333,0.30561466060483544,165.09290969721306,36.11715488918276,0.04195347533691279,7.82743952748703
2025-01-02 16:40:00,800010,NORMAL,HS1306571,243,40.5,0.28143279487193124,159.93847100479294,38.219706635421645,0.015877970201394143,1.5312719076617327
2025-01-02 16:50:00,800010,NORMAL,HS1306571,244,40.666666666666664,0.27579668972343824,173.9873622086212,39.071145889660265,0.008877814015567476,14.883861663112896
2025-01-02 17:00:00,800010,NORMAL,HS1306571,245,40.83333333333333,0.2937664749069423,171.9207740681367,41.079580855466986,0.02576937015791131,12.361469038464833
2025-01-02 17:10:00,800010,NORMAL,HS1306571,246,41.0,0.2810717674743096,170.85020138018623,41.01446783757419,0.013308418808681666,11.57459366493606
2025-01-02 17:20:00,800010,NORMAL,HS1306571,247,41.166666666666664,0.26777038674875714,169.82215965103848,40.951247115920026,0.002045816853300131,12.053425039392721
2025-01-02 17:30:00,800010,NORMAL,HS1306571,248,41.33333333333333,0.2954379473645756,173.79839231556383,43.40007977050698,0.03241417073056824,18.144565903571902
2025-01-02 17:40:00,800010,NORMAL,HS1306571,249,41.5,0.29020506091978576,162.70566552113536,41.804438957948705,0.030136277800105138,9.406475112606387
2025-01-02 17:50:00,800010,NORMAL,HS1306571,250,41.666666666666664,0.27348585270772374,163.20913123042104,37.979804147109746,0.016599395053884802,12.439880208169257
2025-01-02 18:00:00,800010,NORMAL,HS1306571,251,41.83333333333333,0.27814186644592076,160.03744396149054,38.22420033274539,0.02462079920763316,11.927544418167173
2025-01-02 18:10:00,800010,NORMAL,HS1306571,252,42.0,0.28067915728595816,153.5633290470368,37.974523014822,0.03089767701606061,8.524837306685868
2025-01-02 18:20:00,800010,NORMAL,HS1306571,253,42.166666666666664,0.248544114702478,144.4169765912465,38.14035098827047,0.0023334896013781914,2.598896758598528
2025-01-02 18:30:00,800010,NORMAL,HS1306571,254,42.33333333333333,0.2586011132053245,143.19305989055601,38.08627573372256,0.015658361614088262,4.359164346857
2025-01-02 18:40:00,800010,NORMAL,HS1306571,255,42.5,0.254219513454895,142.38163010369385,35.6841983681399,0.014542279311524381,6.493810383138367
2025-01-02 18:50:00,800010,NORMAL,HS1306571,256,42.666666666666664,0.2465509967210179,141.45463050658628,33.71293453164277,0.010212314164444958,8.552580796581793
2025-01-02 19:00:00,800010,NORMAL,HS1306571,257,42.83333333333333,0.2323417248031358,141.80603631761127,33.41606794806219,-0.000592623336075182,11.931178692689429
2025-01-02 19:10:00,800010,NORMAL,HS1306571,258,43.0,0.23943842223030715,136.95602066724874,31.809578849448737,0.009199792854986705,9.489278027736177
2025-01-02 19:20:00,800010,NORMAL,HS1306571,259,43.166666666666664,0.23336318924137406,121.8144243294413,31.52248019516089,0.0056222787958472575,-3.7234131512188213
2025-01-02 19:30:00,800010,NORMAL,HS1306571,260,43.33333333333333,0.23189765696114492,133.97414691510446,29.619883108423195,0.006741838280696272,10.41457463032394
2025-01-02 19:40:00,800010,NORMAL,HS1306571,261,43.5,0.2296489014232695,127.18910798661386,30.143806344710487,0.006844342562303818,5.463290809366939
2025-01-02 19:50:00,800010,NORMAL,HS1306571,262,43.666666666666664,0.21807193618011478,126.2748306874073,30.116546204418043,-0.002608951971557333,6.209032939894186
2025-01-02 20:00:00,800010,NORMAL,HS1306571,263,43.83333333333333,0.22734977719806776,113.71011970169464,31.43738742525555,0.008619757865771127,-4.8255189898973185
2025-01-02 20:10:00,800010,NORMAL,HS1306571,264,44.0,0.2175522755118383,112.15393733608774,30.59792137892084,0.0008512673760769085,-4.881414208500971
2025-01-02 20:20:00,800010,NORMAL,HS1306571,265,44.166666666666664,0.21725047869296038,114.64639311612811,31.296933999967653,0.0024892372495582127,-1.0090161715409778
2025-01-02 20:30:00,800010,NORMAL,HS1306571,266,44.33333333333333,0.22305864806118286,113.29741144374577,29.080495621782593,0.010183103091570278,-1.1040619469347774
2025-01-02 20:40:00,800010,NORMAL,HS1306571,267,44.5,0.20859001605879793,128.23005579906206,28.819272540824795,-0.00214899016263409,15.198312459808335
2025-01-02 20:50:00,800010,NORMAL,HS1306571,268,44.666666666666664,0.2223615976784923,125.3745775126793,30.45709367791045,0.013969529096333588,13.843526252392607
2025-01-02 21:00:00,800010,NORMAL,HS1306571,269,44.83333333333333,0.1868908424157,122.38303714450053,29.05013619471952,-0.01904084397824743,12.42843876637923
2025-01-02 21:10:00,800010,NORMAL,HS1306571,270,45.0,0.18853166900185328,114.9758748196314,27.72317480745553,-0.014744525316157303,6.830919090794666
2025-01-02 21:20:00,800010,NORMAL,HS1306571,271,45.166666666666664,0.20555995144655193,102.06039447782078,28.965840960738184,0.004845696789403636,-4.1667911293140065
2025-01-02 21:30:00,800010,NORMAL,HS1306571,272,45.33333333333333,0.19377558620625362,107.41913092349809,28.718437356284518,-0.004154339572429805,3.292799986942285
2025-01-02 21:40:00,800010,NORMAL,HS1306571,273,45.5,0.19526487513936472,99.7898991186336,28.451783091113583,0.0001509999367970416,-2.189405542888821
2025-01-02 21:50:00,800010,NORMAL,HS1306571,274,45.666666666666664,0.19619547074724608,92.01221109843814,29.03732220783337,0.003827968834844986,-7.868462048072786
2025-01-02 22:00:00,800010,NORMAL,HS1306571,275,45.83333333333333,0.1891766725379261,99.51786928724941,29.76314636582195,-0.00046084590341877174,1.7135960173101523
2025-01-02 22:10:00,800010,NORMAL,HS1306571,276,46.0,0.19787560029911822,95.87460982016212,29.32805421306437,0.011084327745370826,0.14618410270698234
2025-01-02 22:20:00,800010,NORMAL,HS1306571,277,46.166666666666664,0.1973226579482064,97.23578212656402,29.710526929949534,0.01431800704520364,4.030343072499647
2025-01-02 22:30:00,800010,NORMAL,HS1306571,278,46.33333333333333,0.19355169450666657,90.57949165702401,28.774826456341525,0.015143577704401945,0.4188704169948636
2025-01-02 22:40:00,800010,NORMAL,HS1306571,279,46.5,0.19270489646235198,91.89716062267615,27.445230612515306,0.01944363507801422,5.1292092295391285
2025-01-02 22:50:00,800010,NORMAL,HS1306571,280,46.666666666666664,0.18989154036751826,74.65765745867044,27.888788602476424,0.02225520771655312,-8.43836499969639
2025-01-02 23:00:00,800010,NORMAL,HS1306571,281,46.83333333333333,0.17947805096062683,76.24399593106743,26.90615655304659,0.017757840033633815,-3.0868114859781457
2025-01-02 23:10:00,800010,NORMAL,HS1306571,282,47.0,0.16603502207533674,74.49778055114756,26.52659750204298,0.010829759452525983,-0.6992557544152191
2025-01-02 23:20:00,800010,NORMAL,HS1306571,283,47.166666666666664,0.15385660120792022,78.63186127250589,26.189627736185837,0.005001183089753364,7.760882650054242
2025-01-02 23:30:00,800010,NORMAL,HS1306571,284,47.33333333333333,0.14742545103751403,77.36120482959589,23.06811767499829,0.004292102390771185,10.48783513093882
2025-01-02 23:40:00,800010,NORMAL,HS1306571,285,47.5,0.14269054608930565,65.68692431120662,22.963108525467224,0.004588641552924905,2.394902744027121
2025-01-02 23:50:00,800010,NORMAL,HS1306571,286,47.666666666666664,0.1303633598124633,63.37434952464625,23.270009882784063,-0.0033362880331187506,3.281472283524245
2025-01-01 00:10:00,800011,NORMAL,HS1306571,0,0.0,0.028321198985497942,4.507473542171375,21.47017572153342,0.0027337207867174015,0.023783003593037755
2025-01-01 00:20:00,800011,NORMAL,HS1306571,1,0.16666666666666666,0.05759202449866562,16.734079767222326,22.772706999793144,-0.0008688455050792562,-0.25130082100573503
2025-01-01 00:30:00,800011,NORMAL,HS1306571,2,0.3333333333333333,0.10539216125086397,37.03158409992544,20.79106219523376,-0.0013385475702489408,-2.878850014806069
2025-01-01 00:40:00,800011,NORMAL,HS1306571,3,0.5,0.13990553214369633,62.92189330626067,20.03390507097831,0.0018989338408830492,2.6289911272096873
2025-01-01 00:50:00,800011,NORMAL,HS1306571,4,0.6666666666666666,0.149012248260505,67.56990957798006,19.90242949192252,0.0012119346347744253,-1.6600407888180655
2025-01-01 01:00:00,800011,NORMAL,HS1306571,5,0.8333333333333333,0.1577602938004028,71.97880312751539,20.44535861009517,0.00884561508058776,0.8077851087530092
2025-01-01 01:10:00,800011,NORMAL,HS1306571,6,1.0,0.15764342156270283,75.2300749524107,18.53221042013631,0.010071329187894829,4.7749459661561815
2025-01-01 01:20:00,800011,NORMAL,HS1306571,7,1.1666666666666665,0.1558733135267278,69.28294822117518,18.500931829002823,0.01253012022437669,1.7365132653363133
2025-01-01 01:30:00,800011,NORMAL,HS1306571,8,1.3333333333333333,0.14949460509266888,61.05881455249091,17.92973994284623,0.011413133967056927,-2.510964470565945
2025-01-01 01:40:00,800011,NORMAL,HS1306571,9,1.5,0.13473441527404947,56.23413080298713,18.896609904964297,0.0010112203206857073,-3.604066311934133
2025-01-01 01:50:00,800011,NORMAL,HS1306571,10,1.6666666666666665,0.14097202311575702,55.65028532740272,19.33401257690996,0.010581738346012642,-1.0594101401228855
2025-01-01 02:00:00,800011,NORMAL,HS1306571,11,1.8333333333333333,0.131655842042307,53.75549051337056,19.09332909225177,0.004014123266553177,-0.28046674478292744
2025-01-01 02:10:00,800011,NORMAL,HS1306571,12,2.0,0.13391034293842657,58.66173520091868,18.519502027174223,0.006563345007021604,5.609145777048376
2025-01-01 02:20:00,800011,NORMAL,HS1306571,13,2.1666666666666665,0.13176509431420844,64.27880775355504,19.299025435487316,0.001453671729874234,9.507845088766807
2025-01-01 02:30:00,800011,NORMAL,HS1306571,14,2.333333333333333,0.125827906080618,60.84674268900284,19.462203850692866,-0.009294916212414989,2.702936522974575
2025-01-01 02:40:00,800011,NORMAL,HS1306571,15,2.5,0.13031798061253078,70.28082323894563,19.244011863722243,-0.009792499986358033,8.261658205923013
2025-01-01 02:50:00,800011,NORMAL,HS1306571,16,2.6666666666666665,0.1364237491552946,68.08032372223583,19.209465710443588,-0.00803031839031082,2.3998642666751806
2025-01-01 03:00:00,800011,NORMAL,HS1306571,17,2.833333333333333,0.14959896403567005,69.21635497308449,19.276866448799744,0.0013904232670555738,0.21239308071862695
2025-01-01 03:10:00,800011,NORMAL,HS1306571,18,3.0,0.1498027766827112,75.56084307758519,18.772158866500334,0.0011928325602594547,5.109979686467128
2025-01-01 03:20:00,800011,NORMAL,HS1306571,19,3.1666666666666665,0.14340831614296806,70.58981117424966,19.071290979600928,-0.0023985825529627414,1.2095913609827136
2025-01-01 03:30:00,800011,NORMAL,HS1306571,20,3.333333333333333,0.14364423915405403,70.80465716675914,18.20158011714755,0.0011868045115460968,3.21111330484797
2025-01-01 03:40:00,800011,NORMAL,HS1306571,21,3.5,0.12915681650153635,70.068162465678,20.13091374321713,-0.01012775140668934,4.259485058947931
2025-01-01 03:50:00,800011,NORMAL,HS1306571,22,3.6666666666666665,0.13610222784925644,65.23025111074728,21.27203338151114,-0.0003291240994584832,1.0211100629800853
2025-01-01 04:00:00,800011,NORMAL,HS1306571,23,3.833333333333333,0.13901259620409015,60.87755088216642,19.8937330855436,0.005288678194363239,-1.8413096252198287
2025-01-01 04:10:00,800011,NORMAL,HS1306571,24,4.0,0.13787605505640246,61.57396780729253,19.226120893806776,0.004697919885480156,-0.6627080097609266
2025-01-01 04:20:00,800011,NORMAL,HS1306571,25,4.166666666666666,0.13773831506405632,70.46282860071872,19.825570769651485,0.002347317355014339,6.863026656801175
2025-01-01 04:30:00,800011,NORMAL,HS1306571,26,4.333333333333333,0.14246476862703578,73.86586870632124,20.44428745495431,0.0040041243128228765,8.091084275207706
2025-01-01 04:40:00,800011,NORMAL,HS1306571,27,4.5,0.1404252156831884,66.94784270991457,20.436262793419395,-0.0012380792067366864,-1.1875516984414674
2025-01-01 04:50:00,800011,NORMAL,HS1306571,28,4.666666666666666,0.13926717308856162,65.46711050221386,20.50174778565438,-0.005671713823886787,-5.082337488569024
2025-01-01 05:00:00,800011,NORMAL,HS1306571,29,4.833333333333333,0.15738757611995896,74.08103186156083,21.06044024055399,0.00907411731363389,1.0638943492860022
2025-01-01 05:10:00,800011,NORMAL,HS1306571,30,5.0,0.16090181092126934,74.71033661900535,20.151681961643796,0.008547444834937523,-0.7936024739498322
2025-01-01 05:20:00,800011,NORMAL,HS1306571,31,5.166666666666666,0.15356776618313467,80.68663639159296,19.809747037389105,-0.0038002618507111396,2.756984326023016
2025-01-01 05:30:00,800011,NORMAL,HS1306571,32,5.333333333333333,0.15396573731965504,85.70338672492578,19.565457242397375,-0.008750145624370237,5.213366077923496
2025-01-01 05:40:00,800011,NORMAL,HS1306571,33,5.5,0.17455009981157693,85.88605302284527,20.42440475762644,0.006340180070795898,2.673337136878999
2025-01-01 05:50:00,800011,NORMAL,HS1306571,34,5.666666666666666,0.19102772026696682,91.58144938803095,21.70682316270725,0.017345813278745653,5.575879923865557
2025-01-01 06:00:00,800011,NORMAL,HS1306571,35,5.833333333333333,0.18252826721695475,89.69495010061722,22.265477180057168,0.003326171108037762,0.7214834832800818
2025-01-01 06:10:00,800011,NORMAL,HS1306571,36,6.0,0.19662830945210666,95.64601073521678,21.611009600628023,0.013341556856168613,4.012310451291526
2025-01-01 06:20:00,800011,NORMAL,HS1306571,37,6.166666666666666,0.18787887086683133,86.8495647141031,21.783279777698176,0.0022686046345860855,-6.841817675488272
2025-01-01 06:30:00,800011,NORMAL,HS1306571,38,6.333333333333333,0.18544656059600442,91.44181218633524,24.117849302099266,-0.0023789280283295633,-4.262682765028856
2025-01-01 06:40:00,800011,NORMAL,HS1306571,39,6.5,0.20651648827823962,92.69893636150664,25.767882274077373,0.016666273724843084,-4.926368887889495
2025-01-01 06:50:00,800011,NORMAL,HS1306571,40,6.666666666666666,0.19882560719269637,105.96313797206166,26.03168756847399,0.007356817073357669,6.657771739322953
2025-01-01 07:00:00,800011,NORMAL,HS1306571,41,6.833333333333333,0.19333016559888339,99.49513256642537,27.826577105818814,0.0006143119248442352,-1.2408006993113645
2025-01-01 07:10:00,800011,NORMAL,HS1306571,42,7.0,0.18513249621666925,113.4265952421081,30.158021045952324,-0.009230009063753819,11.290438467224064
2025-01-01 07:20:00,800011,NORMAL,HS1306571,43,7.166666666666666,0.18596501738772928,109.22478566923282,32.17287427300289,-0.009921611144218745,5.929726248309976
2025-01-01 07:30:00,800011,NORMAL,HS1306571,44,7.333333333333333,0.17942938503966308,109.37157191076143,29.932867532989814,-0.017655175490807362,5.2180390918425275
2025-01-01 07:40:00,800011,NORMAL,HS1306571,45,7.5,0.19396255738614696,111.34649349809308,32.42995578076669,-0.0049281269131913885,6.0128137900671845
2025-01-01 07:50:00,800011,NORMAL,HS1306571,46,7.666666666666666,0.1832147697177526,106.76088238624004,31.65539424414677,-0.018084180756294366,-0.15772155099168117
2025-01-01 08:00:00,800011,NORMAL,HS1306571,47,7.833333333333333,0.18693830398702924,115.03694133027902,30.127038410451394,-0.017020964087711893,6.337466451497633
2025-01-01 08:10:00,800011,NORMAL,HS1306571,48,8.0,0.22143666498933998,113.17448065662573,31.669231123271633,0.015554556863153102,3.0342050610174596
2025-01-01 08:20:00,800011,NORMAL,HS1306571,49,8.166666666666666,0.22229566459095162,117.83898058210558,31.212435938905845,0.01525804540458886,6.821470652024857
2025-01-01 08:30:00,800011,NORMAL,HS1306571,50,8.333333333333332,0.2210949087590108,119.61630724809287,33.36636511553548,0.01241648614907609,7.480749662510007
2025-01-01 08:40:00,800011,NORMAL,HS1306571,51,8.5,0.22527744835590552,122.70729783213787,32.86519942941008,0.014464189347652895,9.102224386730143
2025-01-01 08:50:00,800011,NORMAL,HS1306571,52,8.666666666666666,0.22524585562389746,127.61998970355091,33.63611190746555,0.012082522073568247,12.357005632927951
2025-01-01 09:00:00,800011,NORMAL,HS1306571,53,8.833333333333332,0.2246146034420336,123.85552587623916,34.188932993337815,0.009035447673693131,6.862072460988188
2025-01-01 09:10:00,800011,NORMAL,HS1306571,54,9.0,0.23921169783151447,123.59991985238557,35.27477664613995,0.021368651387857818,4.956619481043646
2025-01-01 09:20:00,800011,NORMAL,HS1306571,55,9.166666666666666,0.24174015059428922,118.7878759515136,35.27273501255906,0.02252980840135066,-1.042338741507578
2025-01-01 09:30:00,800011,NORMAL,HS1306571,56,9.333333333333332,0.23147755168697431,124.0519691817525,34.085687929160734,0.012809406428765463,4.295460822311682
2025-01-01 09:40:00,800011,NORMAL,HS1306571,57,9.5,0.2061911786548092,124.0645117247388,35.232391243321004,-0.010549775664825262,5.4773055088479055
2025-01-01 09:50:00,800011,NORMAL,HS1306571,58,9.666666666666666,0.21730804433153386,130.88148755662309,35.99130631542353,0.003250991892203764,14.100889472721533
2025-01-01 10:00:00,800011,NORMAL,HS1306571,59,9.833333333333332,0.23143978344803687,125.05995094659062,34.062364696233104,0.02050789296265046,10.447077885693744
2025-01-01 10:10:00,800011,NORMAL,HS1306571,60,10.0,0.23013403866724355,131.33267396683345,34.305699284920884,0.021542570095080232,18.599538529939352
2025-01-01 10:20:00,800011,NORMAL,HS1306571,61,10.166666666666666,0.221257692413105,118.152145053824,35.18930788281914,0.01278703787704824,5.983029097423511
2025-01-01 10:30:00,800011,NORMAL,HS1306571,62,10.333333333333332,0.21776483954205003,114.72223605095675,34.23796855500741,0.007619810502290103,1.7808122918333709
2025-01-01 10:40:00,800011,NORMAL,HS1306571,63,10.5,0.2229645981996777,120.30431924393811,36.40889419226247,0.01034083142858011,5.882347144125504
2025-01-01 10:50:00,800011,NORMAL,HS1306571,64,10.666666666666666,0.22059910063122917,128.73379979606904,36.579525525200424,0.005200969163045938,12.543663808445842
2025-01-01 11:00:00,800011,NORMAL,HS1306571,65,10.833333333333332,0.22215792652363783,142.58752209532568,36.91282182777186,0.003752100515096529,24.432347304199368
2025-01-01 11:10:00,800011,NORMAL,HS1306571,66,11.0,0.2200694684073343,137.8396744070414,38.52095348343795,-0.0017803026483242113,17.24731080697812
2025-01-01 11:20:00,800011,NORMAL,HS1306571,67,11.166666666666666,0.22249358320020224,140.62968677402387,38.12604702565079,-0.0009847733317857876,18.522081303305143
2025-01-01 11:30:00,800011,NORMAL,HS1306571,68,11.333333333333332,0.2189712230147326,131.90952266013986,38.87195877036651,-0.004341843872026213,9.629090189537237
2025-01-01 11:40:00,800011,NORMAL,HS1306571,69,11.5,0.2199444340598498,127.37882891065202,36.412435983283956,-0.0024744293702544107,5.543664618055132
2025-01-01 11:50:00,800011,NORMAL,HS1306571,70,11.666666666666666,0.22357779661896826,127.15144397611147,35.35919700491893,0.0024191755142885796,6.042395317426312
2025-01-01 12:00:00,800011,NORMAL,HS1306571,71,11.833333333333332,0.21453718803806734,119.97970391684413,36.04510945454423,-0.005194585027002513,-0.2819162165060334
2025-01-01 12:10:00,800011,NORMAL,HS1306571,72,12.0,0.22093682221969133,121.10351024819686,37.31001869627219,0.004071716930618724,2.4453715145418755
2025-01-01 12:20:00,800011,NORMAL,HS1306571,73,12.166666666666666,0.24078913301013147,133.36183576429093,37.09113081433179,0.02694029802482617,16.380813767087773
2025-01-01 12:30:00,800011,NORMAL,HS1306571,74,12.333333333333332,0.2226480988405932,128.60483761444536,37.03632940552454,0.011014661469706033,12.761980278938964
2025-01-01 12:40:00,800011,NORMAL,HS1306571,75,12.5,0.22813394396530784,129.86914894312144,36.0002274892345,0.018145902331370117,14.777770487599682
2025-01-01 12:50:00,800011,NORMAL,HS1306571,76,12.666666666666666,0.22698483532042524,114.41279905390162,37.23629114484665,0.018333154058201295,-0.12062821745186625
2025-01-01 13:00:00,800011,NORMAL,HS1306571,77,12.833333333333332,0.23828691380566774,116.84898089786566,36.27742533820649,0.03079112736896822,2.7730889191973205
2025-01-01 13:10:00,800011,NORMAL,HS1306571,78,13.0,0.2438494032489786,119.6827972651831,35.05736603105145,0.03686387393282253,6.095787070341672
2025-01-01 13:20:00,800011,NORMAL,HS1306571,79,13.166666666666666,0.20676318081607123,116.60443620719084,35.06334943330732,-0.0013115471936317735,3.023817402807069
2025-01-01 13:30:00,800011,NORMAL,HS1306571,80,13.333333333333332,0.21465743450572924,114.61969675407693,37.370268514269895,0.003999942147470487,0.04040307411018773
2025-01-01 13:40:00,800011,NORMAL,HS1306571,81,13.5,0.2338108536732249,122.21461299096599,37.24390823632715,0.019895025201128624,5.952037777104209
2025-01-01 13:50:00,800011,NORMAL,HS1306571,82,13.666666666666666,0.24123231182559707,119.7456167310758,36.02074437966749,0.02374976802353873,1.5012339655511227
2025-01-01 14:00:00,800011,NORMAL,HS1306571,83,13.833333333333332,0.2735762575216638,132.23080082070484,39.233071907030194,0.05219141497960997,11.744128633417276
2025-01-01 14:10:00,800011,NORMAL,HS1306571,84,14.0,0.24894516740727568,140.8911642459265,42.128252209557324,0.023047609518456302,17.222179002873276
2025-01-01 14:20:00,800011,NORMAL,HS1306571,85,14.166666666666666,0.23666638618930003,130.67376536048437,41.44057243115261,0.006679100119575954,3.320775461035467
2025-01-01 14:30:00,800011,NORMAL,HS1306571,86,14.333333333333332,0.2780663783040726,135.9998619032695,39.313910639084376,0.044790994487333285,5.373675814988474
2025-01-01 14:40:00,800011,NORMAL,HS1306571,87,14.5,0.2493653345144357,140.63215812799433,39.311996278318524,0.013279459001683036,7.071725673454239
2025-01-01 14:50:00,800011,NORMAL,HS1306571,88,14.666666666666666,0.24058781787092548,137.26390745744246,39.972601312837085,0.002021467233101898,1.0267232120998244
2025-01-01 15:00:00,800011,NORMAL,HS1306571,89,14.833333333333332,0.2239098801077977,131.3571420887953,38.71036495194222,-0.01694547881489139,-7.416847775560768
2025-01-01 15:10:00,800011,NORMAL,HS1306571,90,15.0,0.2481123031980025,131.70723301764178,39.06603406973147,0.005171047453516153,-9.19324072500055
2025-01-01 15:20:00,800011,NORMAL,HS1306571,91,15.166666666666666,0.26210357187341105,146.23685403504868,38.359892105856815,0.017088367398865212,3.5518141512088732
2025-01-01 15:30:00,800011,NORMAL,HS1306571,92,15.333333333333332,0.26786614417927557,145.10276147725264,37.87894266063994,0.020850083801213726,0.752449760489327
2025-01-01 15:40:00,800011,NORMAL,HS1306571,93,15.5,0.26828625606954337,153.66760667591814,37.13859640612708,0.01933169525391687,7.713303321127
2025-01-01 15:50:00,800011,NORMAL,HS1306571,94,15.666666666666666,0.26283836991398235,159.4860007517328,35.709772295004974,0.011958916802044417,11.935134504265363
2025-01-01 16:00:00,800011,NORMAL,HS1306571,95,15.833333333333332,0.24651065986695858,166.8584277062595,35.82251518902151,-0.006272797152007903,17.724384405576956
2025-01-01 16:10:00,800011,NORMAL,HS1306571,96,16.0,0.2723639638648241,153.9546777854558,35.71218441836384,0.017440992213834272,3.2525795560402457
2025-01-01 16:20:00,800011,NORMAL,HS1306571,97,16.166666666666664,0.2753016698963072,162.9815189434894,36.1514747230327,0.0183885384671571,10.960132392105862
2025-01-01 16:30:00,800011,NORMAL,HS1306571,98,16.333333333333332,0.29475163618294214,160.25973521855764,35.22510949381648,0.036702626943763195,7.598027426029631
2025-01-01 16:40:00,800011,NORMAL,HS1306571,99,16.5,0.25983587202901004,157.78464512169475,34.62150770026208,0.0011066135246607933,4.896106522520341
2025-01-01 16:50:00,800011,NORMAL,HS1306571,100,16.666666666666664,0.2799607314126633,162.46679037874853,32.90636898105198,0.020734752042725124,9.531577849761248
2025-01-01 17:00:00,800011,NORMAL,HS1306571,101,16.833333333333332,0.2666356782860219,170.60620250761963,33.493161040467385,0.0069601494380516216,17.68313681511694
2025-01-01 17:10:00,800011,NORMAL,HS1306571,102,17.0,0.26113173385776867,172.98459601535592,35.98728385847545,0.002211679990276716,20.890658746357417
2025-01-01 17:20:00,800011,NORMAL,HS1306571,103,17.166666666666664,0.26088599130292506,155.36511697472756,35.01647550253107,0.00488167412001822,5.779046177403728
2025-01-01 17:30:00,800011,NORMAL,HS1306571,104,17.333333333333332,0.23535845423623422,144.5675872551521,36.127511502260255,-0.016674603054714715,-1.6320962381860227
2025-01-01 17:40:00,800011,NORMAL,HS1306571,105,17.5,0.24211247603381447,151.68739352480836,34.91610758956418,-0.005458201331453583,9.271648982208859
2025-01-01 17:50:00,800011,NORMAL,HS1306571,106,17.666666666666664,0.25990250335561993,144.60279505397773,35.807794235791256,0.017135589848633698,6.220341919182573
2025-01-01 18:00:00,800011,NORMAL,HS1306571,107,17.833333333333332,0.24849667397311997,133.98185545353522,34.10066151485298,0.010848553001922084,-0.16458453659754468
2025-01-01 18:10:00,800011,NORMAL,HS1306571,108,18.0,0.23451629579758076,138.54202747384184,34.56764941810635,0.001546575757218338,8.113707819960297
2025-01-01 18:20:00,800011,NORMAL,HS1306571,109,18.166666666666664,0.24550783983663657,133.3593438614808,34.888511527151685,0.01591024988209988,5.393093619272591
2025-01-01 18:30:00,800011,NORMAL,HS1306571,110,18.333333333333332,0.2471939623638925,129.53504873068653,34.97075013629421,0.01981950105486527,3.06874153172528
2025-01-01 18:40:00,800011,NORMAL,HS1306571,111,18.5,0.23276566470137688,132.62707658567572,36.80206739280497,0.00716616454247726,7.249647087515825
2025-01-01 18:50:00,800011,NORMAL,HS1306571,112,18.666666666666664,0.22620184171070104,138.6948372534365,36.51605110878878,0.0022119931040316954,14.24924817248936
2025-01-01 19:00:00,800011,NORMAL,HS1306571,113,18.833333333333332,0.23809430322035186,140.20754313070057,35.484618920063426,0.01564038919819899,16.62657829062927
2025-01-01 19:10:00,800011,NORMAL,HS1306571,114,19.0,0.2469564963981846,134.68273627193787,35.05047917584018,0.025939006862930825,11.942793140686248
2025-01-01 19:20:00,800011,NORMAL,HS1306571,115,19.166666666666664,0.2219245151673272,131.44992973514914,32.918511283915436,0.002771814258224259,9.786764457691461
2025-01-01 19:30:00,800011,NORMAL,HS1306571,116,19.333333333333332,0.23898741478485533,132.43931290090381,33.29337567526216,0.0225539194627202,12.461239803014564
2025-01-01 19:40:00,800011,NORMAL,HS1306571,117,19.5,0.23727161963821897,122.91835511990222,33.937026185331575,0.02387791058860303,4.900468388116636
2025-01-01 19:50:00,800011,NORMAL,HS1306571,118,19.666666666666664,0.23214364208500937,121.77739153743964,32.60362779836038,0.021893548948312802,5.8018412164797155
2025-01-01 20:00:00,800011,NORMAL,HS1306571,119,19.833333333333332,0.21243847227598114,114.07413110968744,29.893176301112586,0.005330712524790615,0.13091382124733286
2025-01-01 20:10:00,800011,NORMAL,HS1306571,120,20.0,0.18859254896194907,115.15504100494343,30.867334049322718,-0.014331513352375147,3.987559422630639
2025-01-01 20:20:00,800011,NORMAL,HS1306571,121,20.166666666666664,0.1941768216257698,107.5424606147134,30.40737998976191,-0.0043194175349322295,-0.34569164520719653
2025-01-01 20:30:00,800011,NORMAL,HS1306571,122,20.333333333333332,0.2344289547564566,97.4353050166219,29.04212128521376,0.03919397870978267,-7.898583820880631
2025-01-01 20:40:00,800011,NORMAL,HS1306571,123,20.5,0.2143841500848481,96.33735998362012,28.112560508483128,0.021863920891860178,-6.900972464305454
2025-01-01 20:50:00,800011,NORMAL,HS1306571,124,20.666666666666664,0.20159175112833919,101.35105090038267,30.056624354365507,0.011716649303811,0.10013313457788797
2025-01-01 21:00:00,800011,NORMAL,HS1306571,125,20.833333333333332,0.17879801894869884,105.33384681878404,28.64555588101026,-0.00833263315888949,6.079157563868307
2025-01-01 21:10:00,800011,NORMAL,HS1306571,126,21.0,0.1718313543118568,104.0507956779169,27.995537333653303,-0.013339681217602734,6.2761898573616435
2025-01-01 21:20:00,800011,NORMAL,HS1306571,127,21.166666666666664,0.17433480900317952,106.32417703685486,28.27869746686246,-0.008957959564801193,9.854124799996498
2025-01-01 21:30:00,800011,NORMAL,HS1306571,128,21.333333333333332,0.16585443177833498,105.8052305411169,27.697118503548523,-0.01390117484545747,11.71839106301394
2025-01-01 21:40:00,800011,NORMAL,HS1306571,129,21.5,0.18402760613577143,97.91205439060523,27.760280275064385,0.008953470508160172,7.078504546697275
2025-01-01 21:50:00,800011,NORMAL,HS1306571,130,21.666666666666664,0.18194881295700865,95.34081637782661,29.121116304358708,0.012017097732292509,8.135790941898676
2025-01-01 22:00:00,800011,NORMAL,HS1306571,131,21.833333333333332,0.17633045462768704,86.75009615650693,28.05055042726772,0.011765190805799242,3.343499089356058
2025-01-01 22:10:00,800011,NORMAL,HS1306571,132,22.0,0.16964220831531243,91.09831662566565,27.164072581053567,0.010509117587514744,11.45989574696442
2025-01-01 22:20:00,800011,NORMAL,HS1306571,133,22.166666666666664,0.17467970269928593,84.08312162867108,26.572299534139347,0.02069454242299154,7.895780537997851
2025-01-01 22:30:00,800011,NORMAL,HS1306571,134,22.333333333333332,0.1555924543827174,77.81680729864516,26.92697638918368,0.005325803576067295,4.191975522357694
2025-01-01 22:40:00,800011,NORMAL,HS1306571,135,22.5,0.15285907509217467,75.9491032165876,28.513483804781647,0.005064776770880519,4.083167943528636
2025-01-01 22:50:00,800011,NORMAL,HS1306571,136,22.666666666666664,0.14711822106361006,73.7304644116774,26.514228609115847,0.0010523882945453478,3.11512464948855
2025-01-01 23:00:00,800011,NORMAL,HS1306571,137,22.833333333333332,0.14037176782102212,69.81058061196644,26.674819767336846,-0.004415279258112553,0.134151459603288
2025-01-01 23:10:00,800011,NORMAL,HS1306571,138,23.0,0.14249796088725164,63.44564407747578,26.35767546510888,-0.0010687396484617417,-5.37650031171529
2025-01-01 23:20:00,800011,NORMAL,HS1306571,139,23.166666666666664,0.14320471786937913,68.8141107402746,24.804938160313064,0.0006453961563937793,0.634025583613024
2025-01-01 23:30:00,800011,NORMAL,HS1306571,140,23.333333333333332,0.15885491593830625,71.93590793634823,26.811586180658825,0.016341645411599798,3.837276223547505
2025-01-01 23:40:00,800011,NORMAL,HS1306571,141,23.5,0.16366709299882226,64.71947717158393,25.419203297846312,0.02029185189303323,-3.8636966066500946
2025-01-01 23:50:00,800011,NORMAL,HS1306571,142,23.666666666666664,0.16160068194059118,71.29525927493468,23.966478938903876,0.016775939631542225,1.8385404303922428
2025-01-02 00:00:00,800011,NORMAL,HS1306571,143,23.833333333333332,0.1532155147009196,69.9518656544539,24.824769643041577,0.0066479340199220305,-0.5844809355102001
2025-01-02 00:10:00,800011,NORMAL,HS1306571,144,24.0,0.1594438956261232,67.93924654917683,24.265714091276504,0.010937645052870815,-3.8881962874333027
2025-01-02 00:20:00,800011,NORMAL,HS1306571,145,24.166666666666664,0.15343807709461274,70.85186064423092,25.93884612070742,0.003944001596285163,-1.8499706325448813
2025-01-02 00:30:00,800011,NORMAL,HS1306571,146,24.333333333333332,0.15237306153617727,77.38205378935156,25.195466320697204,0.0034283736875798942,4.695295318695301
2025-01-02 00:40:00,800011,NORMAL,HS1306571,147,24.5,0.1584507973976091,74.31612204618689,23.814089149382873,0.011078556975305853,2.3031076827601424
2025-01-02 00:50:00,800011,NORMAL,HS1306571,148,24.666666666666664,0.1542065960595854,77.42141214269093,22.332987599670727,0.00893884346508747,6.43490709112163
2025-01-02 01:00:00,800011,NORMAL,HS1306571,149,24.833333333333332,0.15411149247216355,81.1229412110056,21.692742764914712,0.011208913539492799,11.326640909334373
2025-01-02 01:10:00,800011,NORMAL,HS1306571,150,25.0,0.16320489347009529,74.18054476299339,22.091148710519818,0.02370906353417701,6.332102721637156
2025-01-02 01:20:00,800011,NORMAL,HS1306571,151,25.166666666666664,0.14776377515296743,74.17328347375123,21.15696074565652,0.01225579844482072,9.012310321963056
2025-01-02 01:30:00,800011,NORMAL,HS1306571,152,25.333333333333332,0.13805337111029284,70.00860535977085,21.558333207099125,0.006597470229882829,7.674722854393316
2025-01-02 01:40:00,800011,NORMAL,HS1306571,153,25.5,0.1317716217028047,60.44103902432396,21.153147066514794,0.0046018536232883545,1.069641039074746
2025-01-02 01:50:00,800011,NORMAL,HS1306571,154,25.666666666666664,0.12208514839259878,58.839353904757246,20.08984699065408,-0.000550827778599064,2.565859850333055
2025-01-02 02:00:00,800011,NORMAL,HS1306571,155,25.833333333333332,0.111469183480155,50.9611555720275,18.495197026595687,-0.006587561792644636,-2.183512287844671
2025-01-02 02:10:00,800011,NORMAL,HS1306571,156,26.0,0.11714600453129277,56.08978120651269,19.329836740286762,0.0023844807796264272,5.4636854804221215
2025-01-02 02:20:00,800011,NORMAL,HS1306571,157,26.166666666666664,0.12381491660323363,51.61619373490064,19.691477770636407,0.010431479796637999,2.422675541584603
2025-01-02 02:30:00,800011,NORMAL,HS1306571,158,26.333333333333332,0.12000501065511643,49.16336051251868,18.74227609489396,0.0063363773015606,0.4756573837414564
2025-01-02 02:40:00,800011,NORMAL,HS1306571,159,26.5,0.12324954834613126,48.14356921287021,18.598745252663704,0.007906361856487243,-0.8249915623811717
2025-01-02 02:50:00,800011,NORMAL,HS1306571,160,26.666666666666664,0.10676546286231711,51.722744493535245,18.150601425334642,-0.011154181821351555,1.9187743986999095
2025-01-02 03:00:00,800011,NORMAL,HS1306571,161,26.833333333333332,0.11810056556388936,52.048446453654606,20.442042258983655,-0.002886311508840181,1.0734538342021551
2025-01-02 03:10:00,800011,NORMAL,HS1306571,162,27.0,0.12678457862049192,53.34509944078736,20.394287373323234,0.0023858126012648584,0.9443384460660198
2025-01-02 03:20:00,800011,NORMAL,HS1306571,163,27.166666666666664,0.13272290188484862,50.150814550022915,20.098339163026814,0.0045182447219322686,-3.9073562509220565
2025-01-02 03:30:00,800011,NORMAL,HS1306571,164,27.333333333333332,0.13326210897003446,54.82486657733478,19.428606938881682,0.0020718057876103757,-0.5520856248884343
2025-01-02 03:40:00,800011,NORMAL,HS1306571,165,27.5,0.12953271633898236,51.237304638961184,20.27482661622626,-0.003528483476073707,-4.849462116822046
2025-01-02 03:50:00,800011,NORMAL,HS1306571,166,27.666666666666664,0.12679207302327536,53.13581941290315,20.593750852790688,-0.007511497084133373,-3.230600592511067
2025-01-02 04:00:00,800011,NORMAL,HS1306571,167,27.833333333333332,0.14716003682477924,53.78392891760039,19.854454058631923,0.011825862100397544,-2.6684218646653974
2025-01-02 04:10:00,800011,NORMAL,HS1306571,168,28.0,0.14161302889545274,60.89028097425038,20.243894314620988,0.005490759425499148,4.019144708479573
2025-01-02 04:20:00,800011,NORMAL,HS1306571,169,28.166666666666664,0.1502092375832933,62.65060372574218,19.264598745064752,0.014044045023613283,5.146617615225978
2025-01-02 04:30:00,800011,NORMAL,HS1306571,170,28.333333333333332,0.15119038157083695,62.09270168057822,20.07680018003653,0.013895247461994192,3.3099149523705336
2025-01-02 04:40:00,800011,NORMAL,HS1306571,171,28.5,0.15389194749919713,65.94138737968046,19.946945406466824,0.01380662252095477,4.947571957584081
2025-01-02 04:50:00,800011,NORMAL,HS1306571,172,28.666666666666664,0.139166154325503,62.49297877802175,20.35888797959235,-0.0047912920991484975,-1.4068366664868037
2025-01-02 05:00:00,800011,NORMAL,HS1306571,173,28.833333333333332,0.15820406296185976,64.87111322594343,20.908996950470236,0.01000411417482372,-2.231016084594188
2025-01-02 05:10:00,800011,NORMAL,HS1306571,174,29.0,0.14875922890221985,71.01080006369959,20.477227296387866,-0.004270680786082753,0.5098426438472217
2025-01-02 05:20:00,800011,NORMAL,HS1306571,175,29.166666666666664,0.15667586360636768,79.34245700050896,21.869611877543946,-0.002602217359220199,4.684517361934411
2025-01-02 05:30:00,800011,NORMAL,HS1306571,176,29.333333333333332,0.15936077451793074,84.90337153428959,21.991995500445864,-0.006841859245342197,5.54778159560351
2025-01-02 05:40:00,800011,NORMAL,HS1306571,177,29.5,0.1777651266887217,83.25382263153935,22.31337676968517,0.004634318842532015,-0.9180724171913965
2025-01-02 05:50:00,800011,NORMAL,HS1306571,178,29.666666666666664,0.1888803535378781,95.4366835453497,23.07687904792283,0.008944387287934452,6.44398164521256
2025-01-02 06:00:00,800011,NORMAL,HS1306571,179,29.833333333333332,0.18735630995584493,90.42078136575518,21.920400889977035,0.0008898526690133135,-3.259752481806288
2025-01-02 06:10:00,800011,NORMAL,HS1306571,180,30.0,0.20028899301084643,104.08854677042332,22.58261588176286,0.008489638692672719,6.189275954728316
2025-01-02 06:20:00,800011,NORMAL,HS1306571,181,30.166666666666664,0.19840989393340214,106.39043225914958,24.781737739172282,0.003670255755885282,5.540353212130924
2025-01-02 06:30:00,800011,NORMAL,HS1306571,182,30.333333333333332,0.20684079932906235,99.92318279386197,25.906127331285806,0.010732792150461162,-2.752155686373456
2025-01-02 06:40:00,800011,NORMAL,HS1306571,183,30.5,0.20762017466100746,106.97871662027997,27.565053141748024,0.010552259568380268,2.888517035292537
2025-01-02 06:50:00,800011,NORMAL,HS1306571,184,30.666666666666664,0.20290903113272094,104.72973302884928,28.004163510987027,0.00477804028097914,-0.7683585469567333
2025-01-02 07:00:00,800011,NORMAL,HS1306571,185,30.833333333333332,0.20144267724146273,105.60505093442455,30.887029917428798,0.0020772617784888536,-1.392803697038886
2025-01-02 07:10:00,800011,NORMAL,HS1306571,186,31.0,0.20669498809006728,109.91011661155927,31.980130216707032,0.005108318510748722,0.9818159122319372
2025-01-02 07:20:00,800011,NORMAL,HS1306571,187,31.166666666666664,0.19373851576858117,108.38622450272827,33.00132912861042,-0.011232620631159096,-3.0943518420435367
2025-01-02 07:30:00,800011,NORMAL,HS1306571,188,31.333333333333332,0.2101747846457981,118.97561831338302,34.29034541074408,0.0011709396485490575,4.473135430868055
2025-01-02 07:40:00,800011,NORMAL,HS1306571,189,31.5,0.2206699397740972,128.66768518176957,32.56672270495338,0.007494966321618557,10.986229459200075
2025-01-02 07:50:00,800011,NORMAL,HS1306571,190,31.666666666666664,0.21781147740228654,125.96723486143256,33.02925447442219,0.0005179644923385684,5.108338722459138
2025-01-02 08:00:00,800011,NORMAL,HS1306571,191,31.833333333333332,0.22969920040257633,133.80250193297812,31.76059341536546,0.008422263919796225,9.840260138976603
2025-01-02 08:10:00,800011,NORMAL,HS1306571,192,32.0,0.2349399721950023,131.84016830053974,30.978835108002293,0.010971853555933497,5.673839646927348
2025-01-02 08:20:00,800011,NORMAL,HS1306571,193,32.166666666666664,0.25221479915084455,130.12041437845286,32.39581810047033,0.027222521548762285,3.077892406921407
2025-01-02 08:30:00,800011,NORMAL,HS1306571,194,32.33333333333333,0.22973021553803083,128.21507905318367,35.17729356890911,0.0050763330553151575,1.3287610402304892
2025-01-02 08:40:00,800011,NORMAL,HS1306571,195,32.5,0.22356326183888767,130.79422064756577,34.75177982154783,-5.7953896881290934e-05,4.614767743654397
2025-01-02 08:50:00,800011,NORMAL,HS1306571,196,32.666666666666664,0.23817851392164133,128.7328876213257,33.18102229723471,0.015898864908841043,3.504048444984946
2025-01-02 09:00:00,800011,NORMAL,HS1306571,197,32.83333333333333,0.2207671759367994,128.6497791946598,34.09214054306513,3.720667082574014e-05,4.519020601138521
2025-01-02 09:10:00,800011,NORMAL,HS1306571,198,33.0,0.21403127351107126,124.5041175082733,34.257091213047595,-0.006207200417436415,1.010110118749708
2025-01-02 09:20:00,800011,NORMAL,HS1306571,199,33.166666666666664,0.24159333922981094,133.45830418477365,34.92707727756013,0.01963583552693693,9.291236136371865
2025-01-02 09:30:00,800011,NORMAL,HS1306571,200,33.33333333333333,0.2602765001841361,135.46856509475515,33.91998153673046,0.035225680665679826,9.615676052179765
2025-01-02 09:40:00,800011,NORMAL,HS1306571,201,33.5,0.26425378430420254,140.39448623140305,34.22423178535417,0.03563277645239851,12.442296076938007
2025-01-02 09:50:00,800011,NORMAL,HS1306571,202,33.666666666666664,0.26012424146138535,141.35189480368797,36.17292768224392,0.02775596845458783,11.124535001068097
2025-01-02 10:00:00,800011,NORMAL,HS1306571,203,33.83333333333333,0.2735309579203333,143.3817935900064,37.350815767445205,0.03743304786299473,10.852330452584027
2025-01-02 10:10:00,800011,NORMAL,HS1306571,204,34.0,0.25306466622842794,156.63276451189645,39.79695537914102,0.01418435565670792,22.316540962507673
2025-01-02 10:20:00,800011,NORMAL,HS1306571,205,34.166666666666664,0.2521018273022362,150.51872681140284,37.218234300943344,0.012989678287868428,16.150704951428594
2025-01-02 10:30:00,800011,NORMAL,HS1306571,206,34.33333333333333,0.23580332671744506,143.40797437403927,37.95267018070797,-0.0016182868852337717,10.486561852632974
2025-01-02 10:40:00,800011,NORMAL,HS1306571,207,34.5,0.24867676177639975,142.60746386576764,34.38289598871532,0.013679105132377856,11.776949707194035
2025-01-02 10:50:00,800011,NORMAL,HS1306571,208,34.666666666666664,0.2607706853030156,150.03916435752618,34.24192516832853,0.028406239690521917,21.501906402239513
2025-01-02 11:00:00,800011,NORMAL,HS1306571,209,34.83333333333333,0.23066443986389662,139.04613783500062,34.446649925168806,0.0010176491915776797,12.881979097543834
2025-01-02 11:10:00,800011,NORMAL,HS1306571,210,35.0,0.23268571441892263,133.23905044303768,36.10844277725256,0.00593867673484591,9.37646249795688
2025-01-02 11:20:00,800011,NORMAL,HS1306571,211,35.166666666666664,0.2533615179924992,125.64305476325399,35.631236549340855,0.02942366901930643,3.686956453287877
2025-01-02 11:30:00,800011,NORMAL,HS1306571,212,35.33333333333333,0.2490048194361178,109.12911117476091,36.750386163676815,0.027556468410126905,-11.273190469429494
2025-01-02 11:40:00,800011,NORMAL,HS1306571,213,35.5,0.22468286136182725,122.00588341698884,32.87532258271198,0.005733942187873126,3.1059574690924308
2025-01-02 11:50:00,800011,NORMAL,HS1306571,214,35.666666666666664,0.2290544829181747,121.35192132450005,32.44192055731577,0.012686357369341733,4.023237380864487
2025-01-02 12:00:00,800011,NORMAL,HS1306571,215,35.83333333333333,0.2228939555293887,107.5051128256823,33.302604737634006,0.009159640241701877,-8.195092364238178
2025-01-02 12:10:00,800011,NORMAL,HS1306571,216,36.0,0.22282262189091584,111.71595445356905,35.340929400455515,0.011800389418026525,-2.1264029178958026
2025-01-02 12:20:00,800011,NORMAL,HS1306571,217,36.166666666666664,0.2012323948007454,121.77575876772556,35.97638621200158,-0.007781231574441494,9.63657355617245
2025-01-02 12:30:00,800011,NORMAL,HS1306571,218,36.33333333333333,0.19724733909041786,121.1593697826543,34.84029307753075,-0.010636314386856527,10.05402663318624
2025-01-02 12:40:00,800011,NORMAL,HS1306571,219,36.5,0.18290144248701953,110.26655398551567,35.66279190529659,-0.024481334767793683,-0.3160233648802091
2025-01-02 12:50:00,800011,NORMAL,HS1306571,220,36.666666666666664,0.21314190423660517,113.31697894179447,37.48588018913603,0.005830543064578947,2.9130931010241596
2025-01-02 13:00:00,800011,NORMAL,HS1306571,221,36.83333333333333,0.23574610780444738,125.42344106368378,36.114598220527405,0.02822766189261755,14.976311547505475
2025-01-02 13:10:00,800011,NORMAL,HS1306571,222,37.0,0.20542371355382683,113.26737956235927,34.45042289398381,-0.0030428368566797204,2.2991303970140677
2025-01-02 13:20:00,800011,NORMAL,HS1306571,223,37.166666666666664,0.2209283652689398,115.76372078906746,36.751371769216284,0.010890433586752873,3.848714002697335
2025-01-02 13:30:00,800011,NORMAL,HS1306571,224,37.33333333333333,0.22397887891028734,117.3919011949698,34.7774761354849,0.012205975072508674,4.434923233912713
2025-01-02 13:40:00,800011,NORMAL,HS1306571,225,37.5,0.21984914788034451,126.55628494026287,34.09572509205395,0.006208129167958348,12.484967707588083
2025-01-02 13:50:00,800011,NORMAL,HS1306571,226,37.666666666666664,0.2208594532330142,125.9934065695708,33.21856763662187,0.0052152651148408,10.720019055267642
2025-01-02 14:00:00,800011,NORMAL,HS1306571,227,37.83333333333333,0.20660170836046773,131.4128533190414,32.049696432245334,-0.011167713936528934,14.849113544418302
2025-01-02 14:10:00,800011,NORMAL,HS1306571,228,38.0,0.22323835470625325,132.27904515524907,35.43434087064862,0.0031535075161115422,13.888335099130217
2025-01-02 14:20:00,800011,NORMAL,HS1306571,229,38.166666666666664,0.25397185828149604,127.13465852679454,32.943258441429215,0.03178468614718738,6.403156063262003
2025-01-02 14:30:00,800011,NORMAL,HS1306571,230,38.33333333333333,0.23304528308294106,122.25875029032292,33.55946600337706,0.008639221198709607,-1.0274872107716249
2025-01-02 14:40:00,800011,NORMAL,HS1306571,231,38.5,0.2343408710012144,136.8296411457062,34.50083010322393,0.0076830565384030935,10.91109864237832
2025-01-02 14:50:00,800011,NORMAL,HS1306571,232,38.666666666666664,0.2396964739970221,134.222836117748,34.22288457620208,0.010885647114294433,5.725909263146377
2025-01-02 15:00:00,800011,NORMAL,HS1306571,233,38.83333333333333,0.2613260666476544,135.18572757359618,34.67144084824297,0.0304635520445678,4.18958937191843
2025-01-02 15:10:00,800011,NORMAL,HS1306571,234,39.0,0.25570424319651974,133.49546742299822,35.83510446826904,0.0230584422351926,0.4478216503133581
2025-01-02 15:20:00,800011,NORMAL,HS1306571,235,39.166666666666664,0.2299870506034586,128.29529805409803,36.329828900563285,-0.0053433637648501175,-7.049138301527506
2025-01-02 15:30:00,800011,NORMAL,HS1306571,236,39.33333333333333,0.24271325313918757,143.9200662804492,35.36240615066908,0.0038911403521632304,5.71833302965382
2025-01-02 15:40:00,800011,NORMAL,HS1306571,237,39.5,0.28024583731426217,141.19472495679068,34.67539157651611,0.03745081938909808,-0.24721882100939752
2025-01-02 15:50:00,800011,NORMAL,HS1306571,238,39.666666666666664,0.27056434527700274,153.70059974824176,35.41994405568945,0.02355666476006868,8.8103567797055
2025-01-02 16:00:00,800011,NORMAL,HS1306571,239,39.83333333333333,0.24917769246495708,151.3304088439173,35.523690743103174,-0.002178698644129895,2.860424111196835
2025-01-02 16:10:00,800011,NORMAL,HS1306571,240,40.0,0.2587611512991554,153.24706296173846,35.96359666742524,0.002433923799045834,1.0451601042985885
2025-01-02 16:20:00,800011,NORMAL,HS1306571,241,40.166666666666664,0.2762698297456774,161.9135832275974,36.221523098349714,0.015530724756480152,6.615535745105575
2025-01-02 16:30:00,800011,NORMAL,HS1306571,242,40.33333333333333,0.2701707683547076,163.50591465401428,36.20494404532104,0.0065095830867849536,6.240444484288247
2025-01-02 16:40:00,800011,NORMAL,HS1306571,243,40.5,0.27039572058959704,166.79333461451856,37.90722953105968,0.004840895919059951,8.386135517387345
2025-01-02 16:50:00,800011,NORMAL,HS1306571,244,40.666666666666664,0.30166465704621703,171.14718743913767,39.57348381935833,0.03474578133834627,12.04368689362937
2025-01-02 17:00:00,800011,NORMAL,HS1306571,245,40.83333333333333,0.2970891042261462,171.06650509913817,40.89573707613889,0.029091999477115216,11.507200069466307
2025-01-02 17:10:00,800011,NORMAL,HS1306571,246,41.0,0.2956836345240774,175.60055397063545,41.387774988745306,0.027920285858449467,16.32494625538527
2025-01-02 17:20:00,800011,NORMAL,HS1306571,247,41.166666666666664,0.305874897684448,163.4097241391424,42.94566259278586,0.04015032778899097,5.640989527496657
2025-01-02 17:30:00,800011,NORMAL,HS1306571,248,41.33333333333333,0.28196952242380063,152.311547495687,40.801343887922066,0.018945745789793245,-3.3422789163049345
2025-01-02 17:40:00,800011,NORMAL,HS1306571,249,41.5,0.2558569383778197,167.1235895176378,41.02222220006859,-0.004211844741860926,13.824399109108839
2025-01-02 17:50:00,800011,NORMAL,HS1306571,250,41.666666666666664,0.2656436971905887,159.22641912350488,39.82094498879998,0.008757239536749784,8.457168101253103
2025-01-02 18:00:00,800011,NORMAL,HS1306571,251,41.83333333333333,0.3016522162710656,153.73856825986297,40.03715681779142,0.04813114903277799,5.628668716539607
2025-01-02 18:10:00,800011,NORMAL,HS1306571,252,42.0,0.27366863161653304,152.06927113560891,36.704944321164476,0.023887151346635493,7.03077939525798
2025-01-02 18:20:00,800011,NORMAL,HS1306571,253,42.166666666666664,0.26949941133218186,144.06805298560585,38.69552729229005,0.023288786231082048,2.249973152957864
2025-01-02 18:30:00,800011,NORMAL,HS1306571,254,42.33333333333333,0.2450339408879763,145.14329641957045,38.74661752780654,0.002091189296740098,6.309400875871432
2025-01-02 18:40:00,800011,NORMAL,HS1306571,255,42.5,0.2459086477146052,135.11029577725677,36.19801063116238,0.006231413571234551,-0.7775239432987178
2025-01-02 18:50:00,800011,NORMAL,HS1306571,256,42.666666666666664,0.23702648871669554,130.9916816067349,36.481462864314274,0.0006878061601225949,-1.9103681032696045
2025-01-02 19:00:00,800011,NORMAL,HS1306571,257,42.83333333333333,0.23056000893547593,132.84234805491556,33.33069853780643,-0.0023743392037350597,2.967490429993717
2025-01-02 19:10:00,800011,NORMAL,HS1306571,258,43.0,0.24157961254382004,126.39468948996702,34.587171812723476,0.011340983168499602,-1.072053149545539
2025-01-02 19:20:00,800011,NORMAL,HS1306571,259,43.166666666666664,0.2498536885178485,117.67869536499715,35.029303351334725,0.022112778072321704,-7.859142115662962
2025-01-02 19:30:00,800011,NORMAL,HS1306571,260,43.33333333333333,0.25194846591355685,124.91805462085499,33.50222280512299,0.026792647233108202,1.3584823360744736
2025-01-02 19:40:00,800011,NORMAL,HS1306571,261,43.5,0.230223057010096,121.76361793677064,32.765013148842414,0.007418498149130315,0.03780075952371931
2025-01-02 19:50:00,800011,NORMAL,HS1306571,262,43.666666666666664,0.23105937262318446,130.79786868682172,30.898989109153263,0.01037848447151235,10.7320709393086
2025-01-02 20:00:00,800011,NORMAL,HS1306571,263,43.83333333333333,0.22685748780214013,134.7942769483591,31.43280325537875,0.008127468469843496,16.258638256767156
2025-01-02 20:10:00,800011,NORMAL,HS1306571,264,44.0,0.2211163715681178,122.7490893620569,30.546564828245522,0.004415363432356406,5.7137378174682
2025-01-02 20:20:00,800011,NORMAL,HS1306571,265,44.166666666666664,0.2217773933174732,122.81483986188475,29.297625535975094,0.007016151874071036,7.159430574215662
2025-01-02 20:30:00,800011,NORMAL,HS1306571,266,44.33333333333333,0.2479307232620746,107.46374103530644,31.508865233406627,0.03505517829246202,-6.937732355374109
2025-01-02 20:40:00,800011,NORMAL,HS1306571,267,44.5,0.22811647896321485,108.21800185700204,30.76946647100168,0.017377472741782835,-4.813741482251686
2025-01-02 20:50:00,800011,NORMAL,HS1306571,268,44.666666666666664,0.2265499547907587,110.06239296205182,30.003440558771718,0.018157886208599983,-1.468658298234871
2025-01-02 21:00:00,800011,NORMAL,HS1306571,269,44.83333333333333,0.21496401348642946,94.53256509580027,27.344095354016517,0.009032327092482029,-15.422033282321038
2025-01-02 21:10:00,800011,NORMAL,HS1306571,270,45.0,0.20317490284125433,107.34304190938053,28.846623505371632,-0.00010129147675624894,-0.8019138194562032
2025-01-02 21:20:00,800011,NORMAL,HS1306571,271,45.166666666666664,0.2237016688492308,103.86096546417515,28.712307886241163,0.0229874141920825,-2.3662201429596337
2025-01-02 21:30:00,800011,NORMAL,HS1306571,272,45.33333333333333,0.2170218422902155,106.64841856122645,29.55171881404699,0.01909191651153208,2.5220876246706467
2025-01-02 21:40:00,800011,NORMAL,HS1306571,273,45.5,0.22431810496890278,110.01812696226223,30.119351757316007,0.029204229766335105,8.03882230073981
2025-01-02 21:50:00,800011,NORMAL,HS1306571,274,45.666666666666664,0.2102127662724947,109.42596823766979,28.673864235805326,0.017845264360093593,9.545295091158863
2025-01-02 22:00:00,800011,NORMAL,HS1306571,275,45.83333333333333,0.21580636782878737,102.36957595834683,28.63175130012884,0.02616884938744249,4.56530268840757
2025-01-02 22:10:00,800011,NORMAL,HS1306571,276,46.0,0.19401100687574385,103.54526969939413,29.30128396346485,0.007219734321996463,7.816843981938987
2025-01-02 22:20:00,800011,NORMAL,HS1306571,277,46.166666666666664,0.1858467113373905,98.29714491288094,28.652026294557157,0.0028420604343877554,5.091705858816567
2025-01-02 22:30:00,800011,NORMAL,HS1306571,278,46.33333333333333,0.1838116321206386,102.88146172183065,28.94079676547705,0.0054035153183739915,12.720840481801503
2025-01-02 22:40:00,800011,NORMAL,HS1306571,279,46.5,0.18251651776881114,91.9593563638202,26.664526631482858,0.009255256384473387,5.19140497068318
2025-01-02 22:50:00,800011,NORMAL,HS1306571,280,46.666666666666664,0.17169782182910406,86.16898544519249,25.75383009995924,0.004061489178138922,3.072962986825658
2025-01-02 23:00:00,800011,NORMAL,HS1306571,281,46.83333333333333,0.1616667611430962,88.36421787256465,27.463691592086757,-5.3449783896819536e-05,9.033410455519075
2025-01-02 23:10:00,800011,NORMAL,HS1306571,282,47.0,0.15883184032580508,77.21387938624461,24.1677563369794,0.0036265777029943214,2.016843080681838
2025-01-02 23:20:00,800011,NORMAL,HS1306571,283,47.166666666666664,0.142507366809241,71.49951166698011,24.338787486491327,-0.006348051308925851,0.6285330445284671
2025-01-02 23:30:00,800011,NORMAL,HS1306571,284,47.33333333333333,0.1413274448638091,73.83040652157935,24.246896387623828,-0.0018059037829337432,6.9570368229222765
2025-01-02 23:40:00,800011,NORMAL,HS1306571,285,47.5,0.14451186755298165,67.06534243447246,24.42656375150803,0.006409963016600906,3.773320867292952
2025-01-02 23:50:00,800011,NORMAL,HS1306571,286,47.666666666666664,0.14885229202722378,63.731707167436724,24.286018371449053,0.015152644181641722,3.6388299263147204
2025-01-01 00:10:00,800012,NORMAL,HS1306571,0,0.0,0.0259436973076587,4.26112949454931,20.339564424809037,0.00035621910887815786,-0.22256104402902732
2025-01-01 00:20:00,800012,NORMAL,HS1306571,1,0.16666666666666666,0.05605534262774905,18.122342643865693,20.390227513861014,-0.0024055273759958293,1.1369620556376319
2025-01-01 00:30:00,800012,NORMAL,HS1306571,2,0.3333333333333333,0.10978815405181624,40.398892335601666,18.275185917280954,0.0030574452307033373,0.48845822087015733
2025-01-01 00:40:00,800012,NORMAL,HS1306571,3,0.5,0.14506883895902767,65.02601914215799,18.155496963886016,0.007062240656214386,4.733116963107008
2025-01-01 00:50:00,800012,NORMAL,HS1306571,4,0.6666666666666666,0.1400742986033288,74.4298916046306,16.699229392707352,-0.007726015022401778,5.199941237832476
2025-01-01 01:00:00,800012,NORMAL,HS1306571,5,0.8333333333333333,0.1331194789408779,68.34628995933575,18.072247008629382,-0.015795199778937147,-2.824728059426633
2025-01-01 01:10:00,800012,NORMAL,HS1306571,6,1.0,0.142230820177223,64.53681476707165,18.64871888124029,-0.005341272197585012,-5.918314219182875
2025-01-01 01:20:00,800012,NORMAL,HS1306571,7,1.1666666666666665,0.1412006515422615,67.01570887180033,18.69425584524476,-0.002142541760089628,-0.5307260840385339
2025-01-01 01:30:00,800012,NORMAL,HS1306571,8,1.3333333333333333,0.1297906649452941,57.271973262964245,18.37000451037261,-0.008290806180317856,-6.297805760092608
2025-01-01 01:40:00,800012,NORMAL,HS1306571,9,1.5,0.115393023309986,52.511031631816195,17.96230702972999,-0.01833017164337776,-7.32716548310507
2025-01-01 01:50:00,800012,NORMAL,HS1306571,10,1.6666666666666665,0.12574913587312156,47.32037142129467,17.282246143714364,-0.004641148896622815,-9.38932404623094
2025-01-01 02:00:00,800012,NORMAL,HS1306571,11,1.8333333333333333,0.12351498891943033,55.87464415826461,17.163895933248202,-0.00412672985632348,1.8386869001111208
2025-01-01 02:10:00,800012,NORMAL,HS1306571,12,2.0,0.11958989171205409,61.12571276336161,18.013136473612143,-0.007757106219350884,8.07312333949131
2025-01-01 02:20:00,800012,NORMAL,HS1306571,13,2.1666666666666665,0.1259589435102041,53.75188068620472,18.27739561273205,-0.004352479074130111,-1.0190819785835146
2025-01-01 02:30:00,800012,NORMAL,HS1306571,14,2.333333333333333,0.12660598187198205,55.94742851265778,17.741298600592383,-0.008516840421050942,-2.196377653370483
2025-01-01 02:40:00,800012,NORMAL,HS1306571,15,2.5,0.13640150486805122,60.62353553253026,17.438643718540597,-0.003708975730837588,-1.3956295004923547
2025-01-01 02:50:00,800012,NORMAL,HS1306571,16,2.6666666666666665,0.15136294189325666,61.72906160840535,18.75887011548188,0.00690887434765125,-3.951397847155299
2025-01-01 03:00:00,800012,NORMAL,HS1306571,17,2.833333333333333,0.1480201751473571,67.12463272932017,18.529938344628658,-0.00018836562125737477,-1.8793291630456963
2025-01-01 03:10:00,800012,NORMAL,HS1306571,18,3.0,0.13747948872173277,71.5836476271984,18.687585218841587,-0.01113045540071897,1.1327842360803402
2025-01-01 03:20:00,800012,NORMAL,HS1306571,19,3.1666666666666665,0.1498068596162883,72.39727144860174,17.82982637469503,0.003999960920357509,3.017051635334795
2025-01-01 03:30:00,800012,NORMAL,HS1306571,20,3.333333333333333,0.14182870930761896,65.8074405990672,17.468931225353465,-0.0006287253348889743,-1.786103262843966
2025-01-01 03:40:00,800012,NORMAL,HS1306571,21,3.5,0.14640649459066685,60.381047467023095,18.71874080335777,0.00712192668244116,-5.427629939706975
2025-01-01 03:50:00,800012,NORMAL,HS1306571,22,3.6666666666666665,0.13231629641061374,64.32162136961522,18.009962081624312,-0.004115055538101181,0.11248032184802526
2025-01-01 04:00:00,800012,NORMAL,HS1306571,23,3.833333333333333,0.12263380709906523,62.205325373315155,19.7387758803907,-0.011090110910661685,-0.5135351340710912
2025-01-01 04:10:00,800012,NORMAL,HS1306571,24,4.0,0.1290023157523171,66.76850991189106,19.978321693043387,-0.004175819418605203,4.531834094837599
2025-01-01 04:20:00,800012,NORMAL,HS1306571,25,4.166666666666666,0.12398180808836436,72.36177588659538,19.097771479092906,-0.01140918962067762,8.761973942677834
2025-01-01 04:30:00,800012,NORMAL,HS1306571,26,4.333333333333333,0.14022884411360803,70.37343218304136,18.791713343269567,0.0017681997993951315,4.598647751927828
2025-01-01 04:40:00,800012,NORMAL,HS1306571,27,4.5,0.14584520028354722,68.97907330628408,18.287606988001553,0.004181905393622148,0.8436788979280436
2025-01-01 04:50:00,800012,NORMAL,HS1306571,28,4.666666666666666,0.1467645387497771,67.47561401313138,18.620932932873906,0.00182565183732869,-3.0738339776515033
2025-01-01 05:00:00,800012,NORMAL,HS1306571,29,4.833333333333333,0.1486679673448723,65.6608981528887,18.418245431256558,0.00035450853854723796,-7.356239359386123
2025-01-01 05:10:00,800012,NORMAL,HS1306571,30,5.0,0.15173496733733696,75.68474657954881,17.33550625905842,-0.0006193987489948594,0.1808074865936362
2025-01-01 05:20:00,800012,NORMAL,HS1306571,31,5.166666666666666,0.15040266191865903,81.87769940125162,18.108131571212226,-0.006965366115186777,3.9480473356816788
2025-01-01 05:30:00,800012,NORMAL,HS1306571,32,5.333333333333333,0.16390557415961265,85.20174226026062,18.723158272118045,0.001189691215587374,4.711721613258334
2025-01-01 05:40:00,800012,NORMAL,HS1306571,33,5.5,0.16815520735393297,89.04306621347285,18.919929053233293,-5.47123868480659e-05,5.830350327506579
2025-01-01 05:50:00,800012,NORMAL,HS1306571,34,5.666666666666666,0.16805154684927204,86.5114563536828,19.170364619013906,-0.005630360138949131,0.5058868895174129
2025-01-01 06:00:00,800012,NORMAL,HS1306571,35,5.833333333333333,0.17313627350965016,84.44262925442851,19.60317757572957,-0.006065822599266829,-4.530837362908628
2025-01-01 06:10:00,800012,NORMAL,HS1306571,36,6.0,0.1756975857500747,88.6927972212312,20.007929715840778,-0.00758916684586336,-2.9409030626940478
2025-01-01 06:20:00,800012,NORMAL,HS1306571,37,6.166666666666666,0.17986574836471014,90.53013053911363,20.92712200622393,-0.005744517867535104,-3.16125185047774
2025-01-01 06:30:00,800012,NORMAL,HS1306571,38,6.333333333333333,0.18283375215015799,92.76520057790461,21.597948934405608,-0.004991736474176001,-2.9392943734594894
2025-01-01 06:40:00,800012,NORMAL,HS1306571,39,6.5,0.19623338611932067,97.84721564507745,25.355149263542984,0.006383171565924134,0.22191039568131998
2025-01-01 06:50:00,800012,NORMAL,HS1306571,40,6.666666666666666,0.19391912997244323,97.99086706746597,28.08968532665528,0.0024503398531045273,-1.3144991652727356
2025-01-01 07:00:00,800012,NORMAL,HS1306571,41,6.833333333333333,0.17981376402646995,99.878641101426,26.355198107375795,-0.012902089647569198,-0.857292164310735
2025-01-01 07:10:00,800012,NORMAL,HS1306571,42,7.0,0.175563454817811,93.34323388574494,27.834868347003372,-0.01879905046261207,-8.792922889139106
2025-01-01 07:20:00,800012,NORMAL,HS1306571,43,7.166666666666666,0.1652079339190342,96.28746923096469,28.225747998239545,-0.03067869461291381,-7.007590189958151
2025-01-01 07:30:00,800012,NORMAL,HS1306571,44,7.333333333333333,0.18035640004678355,97.28309502255088,27.539201686048926,-0.016728160483686888,-6.870437796368023
2025-01-01 07:40:00,800012,NORMAL,HS1306571,45,7.5,0.17587712221191926,103.49781961756608,28.276503581794987,-0.023013562087419087,-1.8358600904598177
2025-01-01 07:50:00,800012,NORMAL,HS1306571,46,7.666666666666666,0.19514961487496985,97.17463164744537,30.53951948255001,-0.006149335599077127,-9.743972289786356
2025-01-01 08:00:00,800012,NORMAL,HS1306571,47,7.833333333333333,0.19685202888212447,99.59131217257817,30.583789416569896,-0.00710723919261666,-9.108162706203217
2025-01-01 08:10:00,800012,NORMAL,HS1306571,48,8.0,0.18387694793115925,101.8088884456468,30.728056661481904,-0.02200516019502763,-8.331387149961472
2025-01-01 08:20:00,800012,NORMAL,HS1306571,49,8.166666666666666,0.20932323472591252,113.36473542252108,31.859160624004875,0.002285615539549757,2.3472254924403586
2025-01-01 08:30:00,800012,NORMAL,HS1306571,50,8.333333333333332,0.20522953273582642,109.72737773419136,32.21947336643606,-0.0034488898741082963,-2.4081798513914947
2025-01-01 08:40:00,800012,NORMAL,HS1306571,51,8.5,0.21317126611497228,117.00325491235297,32.60740923571795,0.002358007106719656,3.398181466945246
2025-01-01 08:50:00,800012,NORMAL,HS1306571,52,8.666666666666666,0.21408857527552377,120.56115201789044,32.87669682608142,0.0009252417251945644,5.298167947267473
2025-01-01 09:00:00,800012,NORMAL,HS1306571,53,8.833333333333332,0.19324320952573448,114.22323305706783,32.24307071309347,-0.022335946242605986,-2.7702203581831384
2025-01-01 09:10:00,800012,NORMAL,HS1306571,54,9.0,0.2039393024441265,120.61679739460433,31.38653757749254,-0.01390374399953015,1.9734970232624107
2025-01-01 09:20:00,800012,NORMAL,HS1306571,55,9.166666666666666,0.20956898737615445,124.28652422323583,32.75776039826152,-0.009641354816784103,4.456309530214654
2025-01-01 09:30:00,800012,NORMAL,HS1306571,56,9.333333333333332,0.21117690591880364,119.29940942682806,33.098124270720305,-0.007491239339405209,-0.4570989326127517
2025-01-01 09:40:00,800012,NORMAL,HS1306571,57,9.5,0.21496771136139473,121.06071815718087,35.45041099748805,-0.0017732429582397458,2.473511941289985
2025-01-01 09:50:00,800012,NORMAL,HS1306571,58,9.666666666666666,0.20464145756759453,117.07758186224999,35.54702254754464,-0.009415594871735572,0.2969837783484337
2025-01-01 10:00:00,800012,NORMAL,HS1306571,59,9.833333333333332,0.20116021331424525,104.04913433986187,33.546403985838786,-0.009771677171141163,-10.563738721035008
2025-01-01 10:10:00,800012,NORMAL,HS1306571,60,10.0,0.20771505253203362,106.53082995307953,34.68205404627555,-0.0008764160401296961,-6.20230548381457
2025-01-01 10:20:00,800012,NORMAL,HS1306571,61,10.166666666666666,0.21190808348661905,111.37819246536799,32.190042087417034,0.003437428950562288,-0.7909234910325011
2025-01-01 10:30:00,800012,NORMAL,HS1306571,62,10.333333333333332,0.20245069109961683,114.92116172921482,30.749176886752412,-0.007694337940143098,1.9797379700914348
2025-01-01 10:40:00,800012,NORMAL,HS1306571,63,10.5,0.1894669452138609,121.59602894546191,32.91488085808149,-0.023156821557236695,7.174056845649304
2025-01-01 10:50:00,800012,NORMAL,HS1306571,64,10.666666666666666,0.19826515559845995,130.06296404234737,34.705036244805434,-0.017132975869723288,13.872828054724181
2025-01-01 11:00:00,800012,NORMAL,HS1306571,65,10.833333333333332,0.20525306197907528,129.90229738305973,32.47438490059251,-0.013152764029466024,11.747122591933419
2025-01-01 11:10:00,800012,NORMAL,HS1306571,66,11.0,0.22348763256632248,123.8403154038969,35.42182995216962,0.0016378615106639738,3.2479518038336153
2025-01-01 11:20:00,800012,NORMAL,HS1306571,67,11.166666666666666,0.23107178078553153,119.88515484533917,35.77790841661053,0.007593424253543507,-2.222450625379551
2025-01-01 11:30:00,800012,NORMAL,HS1306571,68,11.333333333333332,0.2260967974045374,118.26071088658718,36.01973487126161,0.002783730517778582,-4.019721584015443
2025-01-01 11:40:00,800012,NORMAL,HS1306571,69,11.5,0.23430444462437977,115.49386978526776,35.971874489212205,0.011885581194275546,-6.341294507329124
2025-01-01 11:50:00,800012,NORMAL,HS1306571,70,11.666666666666666,0.23543753039048226,116.79190629862538,35.498377793926714,0.014278909285802582,-4.317142360059776
2025-01-01 12:00:00,800012,NORMAL,HS1306571,71,11.833333333333332,0.2316401205132808,128.16231331994666,36.321337979255254,0.011908347448210954,7.900693186596499
2025-01-01 12:10:00,800012,NORMAL,HS1306571,72,12.0,0.21552987095811774,124.57672511802988,35.31523635695057,-0.0013352343309548653,5.918586384374905
2025-01-01 12:20:00,800012,NORMAL,HS1306571,73,12.166666666666666,0.22009604164984714,116.23736500905389,34.54886916194364,0.006247206664541843,-0.7436569881492687
2025-01-01 12:30:00,800012,NORMAL,HS1306571,74,12.333333333333332,0.2093697569583254,114.77464071781463,34.90779861693285,-0.0022636804125617527,-1.0682166176917605
2025-01-01 12:40:00,800012,NORMAL,HS1306571,75,12.5,0.19867530527085203,115.63278185465943,34.10329670684762,-0.01131273636308569,0.5414033991376641
2025-01-01 12:50:00,800012,NORMAL,HS1306571,76,12.666666666666666,0.1987219690105922,114.39872234850345,35.5730687627141,-0.00992971225163175,-0.13470492285003388
2025-01-01 13:00:00,800012,NORMAL,HS1306571,77,12.833333333333332,0.20898045613320979,113.13265145753796,35.72999981430646,0.0014846696965102602,-0.9432405211303774
2025-01-01 13:10:00,800012,NORMAL,HS1306571,78,13.0,0.19823200597808788,129.35578774213332,32.94043004524665,-0.008753523338068198,15.76877754729189
2025-01-01 13:20:00,800012,NORMAL,HS1306571,79,13.166666666666666,0.20760033068292966,106.67243080694683,34.40253936360204,-0.0004743973267733459,-6.90818799743694
2025-01-01 13:30:00,800012,NORMAL,HS1306571,80,13.333333333333332,0.20913297302846232,116.18439389900355,35.941227101347415,-0.0015245193297964421,1.6051002190368138
2025-01-01 13:40:00,800012,NORMAL,HS1306571,81,13.5,0.2181683851999424,115.36545159546101,37.46285425887224,0.004252556727846107,-0.8971236184007694
2025-01-01 13:50:00,800012,NORMAL,HS1306571,82,13.666666666666666,0.20212965611257966,111.31538074638725,37.26000698599955,-0.015352887689478678,-6.929002019137428
2025-01-01 14:00:00,800012,NORMAL,HS1306571,83,13.833333333333332,0.23483510823409717,112.94824773027717,40.36550610288535,0.013450265692043328,-7.538424457010393
2025-01-01 14:10:00,800012,NORMAL,HS1306571,84,14.0,0.23612751425089926,119.63243937024615,39.131887429019024,0.010229956362079878,-4.036545872807068
2025-01-01 14:20:00,800012,NORMAL,HS1306571,85,14.166666666666666,0.2412254138418827,122.35536219822424,38.27585010444127,0.01123812777215863,-4.997627701224658
2025-01-01 14:30:00,800012,NORMAL,HS1306571,86,14.333333333333332,0.20945256883603336,133.8386130262729,38.51224288169719,-0.02382281498070596,3.2124269379918644
2025-01-01 14:40:00,800012,NORMAL,HS1306571,87,14.5,0.2258821915628989,134.19877893805676,40.79826114592527,-0.01020368394985377,0.6383464835166706
2025-01-01 14:50:00,800012,NORMAL,HS1306571,88,14.666666666666666,0.2183382407256616,134.70801320309144,39.83371177832215,-0.02022810991216198,-1.5291710422511926
2025-01-01 15:00:00,800012,NORMAL,HS1306571,89,14.833333333333332,0.23768937989411018,134.59615826686942,38.72873399483068,-0.0031659790285789025,-4.177831597486659
2025-01-01 15:10:00,800012,NORMAL,HS1306571,90,15.0,0.25980391600302,137.0204234666894,37.061738183281406,0.01686266025853364,-3.880050275952925
2025-01-01 15:20:00,800012,NORMAL,HS1306571,91,15.166666666666666,0.23285178811853302,142.87528982412798,36.02235834917456,-0.012163416356012813,0.19024994028816877
2025-01-01 15:30:00,800012,NORMAL,HS1306571,92,15.333333333333332,0.2526805573309086,148.47187863956532,37.355525890680426,0.005664496952846765,4.121566922802003
2025-01-01 15:40:00,800012,NORMAL,HS1306571,93,15.5,0.23057718156474458,157.4654493487045,35.27547400097908,-0.018377379250881926,11.511145993913374
2025-01-01 15:50:00,800012,NORMAL,HS1306571,94,15.666666666666666,0.24448154866263028,169.4225182353632,32.69293176316236,-0.0063979044493076564,21.871651987895774
2025-01-01 16:00:00,800012,NORMAL,HS1306571,95,15.833333333333332,0.2459282875484108,177.81395419806793,33.86534436765244,-0.006855169470555672,28.679910897385383
2025-01-01 16:10:00,800012,NORMAL,HS1306571,96,16.0,0.23654998867586616,156.2029369465727,34.29529477069775,-0.01837298297512366,5.500838717157137
2025-01-01 16:20:00,800012,NORMAL,HS1306571,97,16.166666666666664,0.2318950117599697,162.18727020658486,31.79068135670275,-0.02501811966918041,10.165883655201327
2025-01-01 16:30:00,800012,NORMAL,HS1306571,98,16.333333333333332,0.24510295079416758,158.13521971280272,33.135593567443166,-0.012946058445011371,5.473511920274717
2025-01-01 16:40:00,800012,NORMAL,HS1306571,99,16.5,0.2347633911791619,166.5550323862767,32.633484870440704,-0.02396586732518735,13.666493787102297
2025-01-01 16:50:00,800012,NORMAL,HS1306571,100,16.666666666666664,0.24540365084972274,150.810746716163,33.93782852392868,-0.013822328520215449,-2.124465812824269
2025-01-01 17:00:00,800012,NORMAL,HS1306571,101,16.833333333333332,0.2503847220986027,150.28486914279856,30.531281516143242,-0.009290806749367608,-2.6381965497041335
2025-01-01 17:10:00,800012,NORMAL,HS1306571,102,17.0,0.2354496551909674,147.13237726039753,32.70125691101795,-0.023470398676524562,-4.961560008600969
2025-01-01 17:20:00,800012,NORMAL,HS1306571,103,17.166666666666664,0.25956446633156255,157.24215414040128,33.643444583835105,0.0035601491486557113,7.656083343077455
2025-01-01 17:30:00,800012,NORMAL,HS1306571,104,17.333333333333332,0.247383747953801,146.70338053731024,33.94605384008527,-0.004649309337147939,0.5036970439721244
2025-01-01 17:40:00,800012,NORMAL,HS1306571,105,17.5,0.2433136144107763,144.7503581870839,31.888744036595817,-0.0042570629544917415,2.334613644484392
2025-01-01 17:50:00,800012,NORMAL,HS1306571,106,17.666666666666664,0.2514054669055964,141.16156460743275,32.721647514562456,0.008638553398610166,2.779111472637595
2025-01-01 18:00:00,800012,NORMAL,HS1306571,107,17.833333333333332,0.22681816652477127,146.92310622285652,33.438079154118974,-0.01082995444642662,12.776666232723755
2025-01-01 18:10:00,800012,NORMAL,HS1306571,108,18.0,0.20613108455330836,122.21518066438911,33.07596699299291,-0.026838635487054063,-8.213138989492435
2025-01-01 18:20:00,800012,NORMAL,HS1306571,109,18.166666666666664,0.19498044772651338,114.07425371035563,30.556359600261857,-0.03461714222802331,-13.89199653185257
2025-01-01 18:30:00,800012,NORMAL,HS1306571,110,18.333333333333332,0.20476516289681357,119.08719079641013,30.693539631801176,-0.022609298412213652,-7.379116402551119
2025-01-01 18:40:00,800012,NORMAL,HS1306571,111,18.5,0.2047958284478222,122.82408080974075,31.769883805123058,-0.020803671711077415,-2.553348688419149
2025-01-01 18:50:00,800012,NORMAL,HS1306571,112,18.666666666666664,0.22144277623678507,120.92541976367177,32.830922078452026,-0.0025470723698842734,-3.520169317275375
2025-01-01 19:00:00,800012,NORMAL,HS1306571,113,18.833333333333332,0.21917600624478978,130.1025408985029,32.54407976975766,-0.003277907777363087,6.521576058431592
2025-01-01 19:10:00,800012,NORMAL,HS1306571,114,19.0,0.21764542549338062,131.73319667775093,31.219485433715356,-0.003372064041873152,8.993253546499304
2025-01-01 19:20:00,800012,NORMAL,HS1306571,115,19.166666666666664,0.20809731642229573,124.5783735631589,30.460582113141538,-0.011055384486807207,2.915208285701226
2025-01-01 19:30:00,800012,NORMAL,HS1306571,116,19.333333333333332,0.20383184084400366,106.97873030518178,28.96609603248065,-0.012601654478131469,-12.999342792707466
2025-01-01 19:40:00,800012,NORMAL,HS1306571,117,19.5,0.21822776413205505,118.58823703640186,30.26423936535805,0.004834055082439115,0.5703503046162837
2025-01-01 19:50:00,800012,NORMAL,HS1306571,118,19.666666666666664,0.22389966875421097,118.89467893221682,30.202908334579163,0.013649575617514398,2.9191286112568946
2025-01-01 20:00:00,800012,NORMAL,HS1306571,119,19.833333333333332,0.19873492190200015,115.80328563058686,27.999946775947333,-0.008372837849190379,1.8600683421467465
2025-01-01 20:10:00,800012,NORMAL,HS1306571,120,20.0,0.21157451288198428,108.36698103512309,27.691044250009842,0.008650450567660062,-2.8005005471896993
2025-01-01 20:20:00,800012,NORMAL,HS1306571,121,20.166666666666664,0.20949373810224814,111.30907001731339,28.893438901600433,0.010997498941546113,3.420917757392786
2025-01-01 20:30:00,800012,NORMAL,HS1306571,122,20.333333333333332,0.20663475046126062,106.88370916881003,28.579163199824723,0.0113997744145867,1.549820331307501
2025-01-01 20:40:00,800012,NORMAL,HS1306571,123,20.5,0.19892817741433805,102.32027568970636,25.930163798271405,0.006407948221350129,-0.9180567582192083
2025-01-01 20:50:00,800012,NORMAL,HS1306571,124,20.666666666666664,0.18196770975370538,98.9306558493016,26.198123658224954,-0.007907392070822805,-2.320261916503185
2025-01-01 21:00:00,800012,NORMAL,HS1306571,125,20.833333333333332,0.19431335616975903,94.90100406191569,25.98142697646468,0.007182704062170697,-4.353685193000047
2025-01-01 21:10:00,800012,NORMAL,HS1306571,126,21.0,0.18150516640773962,99.68143376965305,26.892201895610068,-0.003665869121719928,1.9068279490978028
2025-01-01 21:20:00,800012,NORMAL,HS1306571,127,21.166666666666664,0.16810989439473478,96.41172934587107,26.619114819968065,-0.01518287417324593,-0.05832289098729859
2025-01-01 21:30:00,800012,NORMAL,HS1306571,128,21.333333333333332,0.15526654821719718,89.23275122894498,25.78588637838208,-0.024489058406595265,-4.854088249157982
2025-01-01 21:40:00,800012,NORMAL,HS1306571,129,21.5,0.16134010809548988,85.43899869218997,27.102633297392142,-0.013734027532121384,-5.394551151717991
2025-01-01 21:50:00,800012,NORMAL,HS1306571,130,21.666666666666664,0.15019085100497573,83.1863949461937,26.08955307636091,-0.019740864219740417,-4.018630489734235
2025-01-01 22:00:00,800012,NORMAL,HS1306571,131,21.833333333333332,0.15145396473356224,73.83305289404339,26.25725696186676,-0.013111299088325562,-9.573544173107479
2025-01-01 22:10:00,800012,NORMAL,HS1306571,132,22.0,0.1396739356998623,74.51947890137518,25.76891311440924,-0.019459155027935382,-5.118941977326045
2025-01-01 22:20:00,800012,NORMAL,HS1306571,133,22.166666666666664,0.1380561021254262,69.60781763472968,25.379518107297745,-0.015929058150868175,-6.579523455943544
2025-01-01 22:30:00,800012,NORMAL,HS1306571,134,22.333333333333332,0.14515690705942502,67.74237253796653,25.935019363196982,-0.005109743747225087,-5.8824592383209335
2025-01-01 22:40:00,800012,NORMAL,HS1306571,135,22.5,0.1316528704329214,64.32719848471967,25.22993383218754,-0.01614142788837275,-7.538736788339293
2025-01-01 22:50:00,800012,NORMAL,HS1306571,136,22.666666666666664,0.14442165780080593,65.15492539131806,25.64747328882473,-0.001644174968258777,-5.460414370870794
2025-01-01 23:00:00,800012,NORMAL,HS1306571,137,22.833333333333332,0.13426725617803298,61.14776941971459,23.761253295732537,-0.010519790901101694,-8.528659732648563
2025-01-01 23:10:00,800012,NORMAL,HS1306571,138,23.0,0.12413515458024121,69.41564723820468,23.00442911289999,-0.019431545955472168,0.5935028490136176
2025-01-01 23:20:00,800012,NORMAL,HS1306571,139,23.166666666666664,0.15777306141130246,59.983503390251194,22.75152683024582,0.015213739698317102,-8.196581766410382
2025-01-01 23:30:00,800012,NORMAL,HS1306571,140,23.333333333333332,0.1460563068169163,58.81175725195671,22.97064297534723,0.0035430362902098556,-9.286874460844011
2025-01-01 23:40:00,800012,NORMAL,HS1306571,141,23.5,0.1609293507988857,59.56778494965865,22.411841800467503,0.017554109693096676,-9.015388828575375
2025-01-01 23:50:00,800012,NORMAL,HS1306571,142,23.666666666666664,0.14932023365276811,66.75478915029687,21.147190680505382,0.004495491343719155,-2.701929694245564
2025-01-02 00:00:00,800012,NORMAL,HS1306571,143,23.833333333333332,0.1573244210669804,75.0419622147535,22.35644231780083,0.010756840385982847,4.5056156247893995
2025-01-02 00:10:00,800012,NORMAL,HS1306571,144,24.0,0.15515579633553134,73.08217423166295,22.454260697733652,0.006649545762278941,1.254731395052815
2025-01-02 00:20:00,800012,NORMAL,HS1306571,145,24.166666666666664,0.15656867102088037,71.88470996089687,23.91973897378786,0.007074595522552796,-0.8171213158789357
2025-01-02 00:30:00,800012,NORMAL,HS1306571,146,24.333333333333332,0.16076250698764083,79.64776147349977,22.49987779750464,0.01181781913904345,6.961003002843512
2025-01-02 00:40:00,800012,NORMAL,HS1306571,147,24.5,0.15154620211954953,74.66099199672242,21.665122602054662,0.004173961697246292,2.6479776332956675
2025-01-02 00:50:00,800012,NORMAL,HS1306571,148,24.666666666666664,0.13538553376959653,70.82192696620693,20.35771156027002,-0.009882218824901395,-0.16457808536236485
2025-01-02 01:00:00,800012,NORMAL,HS1306571,149,24.833333333333332,0.12158328265328416,71.48043418185273,21.53863053634039,-0.021319296279386585,1.6841338801815056
2025-01-02 01:10:00,800012,NORMAL,HS1306571,150,25.0,0.12751115805916216,66.43829481256877,20.567001843868507,-0.011984671876756114,-1.4101472287874657
2025-01-02 01:20:00,800012,NORMAL,HS1306571,151,25.166666666666664,0.1441434802611368,59.472315162642964,21.236654799725663,0.008635503552990087,-5.688657989145206
2025-01-02 01:30:00,800012,NORMAL,HS1306571,152,25.333333333333332,0.13494838149288033,61.3683866779782,20.275064451206095,0.0034924806124703167,-0.9654958273993373
2025-01-02 01:40:00,800012,NORMAL,HS1306571,153,25.5,0.1286755624525282,54.88630173630656,19.50290052203988,0.0015057943730118484,-4.485096248942661
2025-01-02 01:50:00,800012,NORMAL,HS1306571,154,25.666666666666664,0.1297930824560876,51.92449480186773,19.166004548983768,0.007157106284889747,-4.34899925255646
2025-01-02 02:00:00,800012,NORMAL,HS1306571,155,25.833333333333332,0.12363621099984723,48.93595388026938,18.311990625128836,0.0055794657270475945,-4.208713979602791
2025-01-02 02:10:00,800012,NORMAL,HS1306571,156,26.0,0.12125231694470884,49.834978488957745,18.098191690656428,0.006490793193042493,-0.7911172371328234
2025-01-02 02:20:00,800012,NORMAL,HS1306571,157,26.166666666666664,0.1123510911010035,46.52986876752554,17.085962901419506,-0.0010323457055921303,-2.6636494257904957
2025-01-02 02:30:00,800012,NORMAL,HS1306571,158,26.333333333333332,0.11158427000952298,43.780207190287264,17.780851906959878,-0.0020843633440328496,-4.907495938489959
2025-01-02 02:40:00,800012,NORMAL,HS1306571,159,26.5,0.11652653720953363,45.638385425240436,18.370226852491452,0.001183350719889606,-3.330175350010947
2025-01-02 02:50:00,800012,NORMAL,HS1306571,160,26.666666666666664,0.12821913973024046,42.65121225950157,18.31112912513235,0.010299495046571794,-7.152757835333766
2025-01-02 03:00:00,800012,NORMAL,HS1306571,161,26.833333333333332,0.11830373897923116,47.015106735768875,18.147853878896218,-0.0026831380934983773,-3.959885883683576
2025-01-02 03:10:00,800012,NORMAL,HS1306571,162,27.0,0.10995332417997981,46.09067494446583,18.91030023740039,-0.014445441839247244,-6.3100860502555065
2025-01-02 03:20:00,800012,NORMAL,HS1306571,163,27.166666666666664,0.12241469852581172,50.438469140525555,17.995305785133066,-0.005789958637104631,-3.619701660419416
2025-01-02 03:30:00,800012,NORMAL,HS1306571,164,27.333333333333332,0.12821217228757548,53.45866408664609,17.942271229621014,-0.0029781308948486074,-1.918288115577127
2025-01-02 03:40:00,800012,NORMAL,HS1306571,165,27.5,0.13793528373419625,54.170169846288545,17.72590829021648,0.004874083919140182,-1.916596909494686
2025-01-02 03:50:00,800012,NORMAL,HS1306571,166,27.666666666666664,0.1248690198754967,58.365643350242216,17.446942237411818,-0.009434550231912031,1.9992233448279961
2025-01-02 04:00:00,800012,NORMAL,HS1306571,167,27.833333333333332,0.1331989520876988,56.00556967526513,18.16033448914938,-0.002135222636682893,-0.4467811070006604
2025-01-02 04:10:00,800012,NORMAL,HS1306571,168,28.0,0.14158351191144708,54.864214722521346,18.973549093817606,0.005461242441493486,-2.0069215432494616
2025-01-02 04:20:00,800012,NORMAL,HS1306571,169,28.166666666666664,0.12602712366655475,58.91392442962838,18.781616257351917,-0.010138068893125268,1.4099383191121788
2025-01-02 04:30:00,800012,NORMAL,HS1306571,170,28.333333333333332,0.14283539649462998,57.010475415803434,19.359101662377775,0.005540262385787226,-1.7723113124042555
2025-01-02 04:40:00,800012,NORMAL,HS1306571,171,28.5,0.1422597799355776,65.20987819551601,19.497645833915787,0.002174454957335231,4.21606277341963
2025-01-02 04:50:00,800012,NORMAL,HS1306571,172,28.666666666666664,0.14795889193060863,61.95407835574317,20.03989055505862,0.00400144550595713,-1.9457370887653838
2025-01-02 05:00:00,800012,NORMAL,HS1306571,173,28.833333333333332,0.13813881498098027,63.84807990244288,19.836818539761094,-0.010061133806055778,-3.254049408094737
2025-01-02 05:10:00,800012,NORMAL,HS1306571,174,29.0,0.1460865622358666,72.27941435818735,20.048603912089547,-0.006943347452435994,1.7784569383349833
2025-01-02 05:20:00,800012,NORMAL,HS1306571,175,29.166666666666664,0.16070978991408663,75.3365051347574,20.919494649577015,0.0014317089484987555,0.6785654961828556
2025-01-02 05:30:00,800012,NORMAL,HS1306571,176,29.333333333333332,0.17200816947790482,74.40093608651338,21.11272597875701,0.005805535714631882,-4.954653852172697
2025-01-02 05:40:00,800012,NORMAL,HS1306571,177,29.5,0.1527154428988174,80.78887261910806,21.820465377731708,-0.020415364947372283,-3.3830224296226845
2025-01-02 05:50:00,800012,NORMAL,HS1306571,178,29.666666666666664,0.1795294451164768,86.90965129108547,21.518323332839437,-0.0004065211334668417,-2.083050609051668
2025-01-02 06:00:00,800012,NORMAL,HS1306571,179,29.833333333333332,0.18119025913795062,89.67124623546339,20.599829345384045,-0.005276198148881001,-4.009287612098078
2025-01-02 06:10:00,800012,NORMAL,HS1306571,180,30.0,0.19089003107635447,98.1647514070536,22.271449515591307,-0.0009093232418192487,0.26548059135859603
2025-01-02 06:20:00,800012,NORMAL,HS1306571,181,30.166666666666664,0.19371658630587796,92.64105923410962,23.875877415482975,-0.001023051871638897,-8.209019812909034
2025-01-02 06:30:00,800012,NORMAL,HS1306571,182,30.333333333333332,0.1808105522145169,92.83224360676063,24.93166954978339,-0.0152974549640843,-9.843094873474797
2025-01-02 06:40:00,800012,NORMAL,HS1306571,183,30.5,0.1773030341084898,98.6513100586331,23.824774924868155,-0.019764880984137395,-5.43888952635433
2025-01-02 06:50:00,800012,NORMAL,HS1306571,184,30.666666666666664,0.19240579105041777,97.79198185882927,24.244196031918587,-0.005725199801324021,-7.706109716976741
2025-01-02 07:00:00,800012,NORMAL,HS1306571,185,30.833333333333332,0.20829604402119495,88.12062632161104,26.020914988125085,0.008930628558221076,-18.8772283098524
2025-01-02 07:10:00,800012,NORMAL,HS1306571,186,31.0,0.1917799654338142,107.81030830949221,29.363799260505647,-0.009806704145504358,-1.1179923898351234
2025-01-02 07:20:00,800012,NORMAL,HS1306571,187,31.166666666666664,0.199700292747043,112.76027741299951,29.56519534793086,-0.005270843652697255,1.279701068227709
2025-01-02 07:30:00,800012,NORMAL,HS1306571,188,31.333333333333332,0.184663488613273,116.17964249877758,32.16550672450785,-0.024340356383976053,1.677159616262614
2025-01-02 07:40:00,800012,NORMAL,HS1306571,189,31.5,0.19664503441262524,117.45568447331442,32.978682691923176,-0.01652993903985342,-0.2257712492550752
2025-01-02 07:50:00,800012,NORMAL,HS1306571,190,31.666666666666664,0.2177851595425038,131.53062016321135,31.891686960122136,0.0004916466325558255,10.671724024237932
2025-01-02 08:00:00,800012,NORMAL,HS1306571,191,31.833333333333332,0.20818378060900491,117.1445466591714,31.442347516304427,-0.013093155873775186,-6.817695134830117
2025-01-02 08:10:00,800012,NORMAL,HS1306571,192,32.0,0.2238651269367923,123.84369337437603,33.80527175485122,-0.00010299170227648369,-2.3226352792363656
2025-01-02 08:20:00,800012,NORMAL,HS1306571,193,32.166666666666664,0.21921825644937612,122.96369700930629,31.444200262156066,-0.005774021152706144,-4.07882496222517
2025-01-02 08:30:00,800012,NORMAL,HS1306571,194,32.33333333333333,0.21321919127229166,125.46175627549914,31.812761236224404,-0.011434691210424008,-1.4245617374540416
2025-01-02 08:40:00,800012,NORMAL,HS1306571,195,32.5,0.21780064782519087,114.64818924763951,33.322888320380066,-0.005820567910578084,-11.531263656271861
2025-01-02 08:50:00,800012,NORMAL,HS1306571,196,32.666666666666664,0.2132825465799199,104.22950885969863,31.405409063862145,-0.008997102432880377,-20.999330316642116
2025-01-02 09:00:00,800012,NORMAL,HS1306571,197,32.83333333333333,0.20404948723165245,100.39725127568093,32.92477620890304,-0.01668048203432121,-23.73350731784035
2025-01-02 09:10:00,800012,NORMAL,HS1306571,198,33.0,0.21430191773577362,102.48257157649118,33.86634199329368,-0.00593655619273406,-21.011435813032406
2025-01-02 09:20:00,800012,NORMAL,HS1306571,199,33.166666666666664,0.20806334394917286,119.23978523465938,32.7765476108529,-0.013894159753701146,-4.9272828137424085
2025-01-02 09:30:00,800012,NORMAL,HS1306571,200,33.33333333333333,0.22179090438944954,124.49192200530196,31.38748913889087,-0.003259915129006752,-1.3609670372734257
2025-01-02 09:40:00,800012,NORMAL,HS1306571,201,33.5,0.23212548553590132,129.11021997642325,32.44817893389709,0.0035044776840972847,1.158029821958209
2025-01-02 09:50:00,800012,NORMAL,HS1306571,202,33.666666666666664,0.24685780021752457,123.46778757511598,35.247996263774205,0.014489527210727049,-6.759572227503895
2025-01-02 10:00:00,800012,NORMAL,HS1306571,203,33.83333333333333,0.21108439242202123,128.05453233652878,36.5114507029652,-0.02501351763531731,-4.474930800893588
2025-01-02 10:10:00,800012,NORMAL,HS1306571,204,34.0,0.22460357633116423,134.3321872557485,37.68682188244234,-0.014276734240555783,0.015963706359713115
2025-01-02 10:20:00,800012,NORMAL,HS1306571,205,34.166666666666664,0.22955615223104622,127.00357655100197,35.69155730631148,-0.00955599678332153,-7.364445308972279
2025-01-02 10:30:00,800012,NORMAL,HS1306571,206,34.33333333333333,0.2395329221904587,135.11827562386685,35.61851607405355,0.0021113085877798865,2.1968631024605543
2025-01-02 10:40:00,800012,NORMAL,HS1306571,207,34.5,0.22524523237861693,121.41483884384913,34.171317738426424,-0.009752424265404958,-9.415675314724481
2025-01-02 10:50:00,800012,NORMAL,HS1306571,208,34.666666666666664,0.24318004929925868,123.01164438471217,34.24072650387925,0.010815603686764985,-5.525613570574492
2025-01-02 11:00:00,800012,NORMAL,HS1306571,209,34.83333333333333,0.22697531439826216,117.73451315790358,33.1317283290705,-0.0026714762740567832,-8.42964557955321
2025-01-02 11:10:00,800012,NORMAL,HS1306571,210,35.0,0.22355875345516626,113.45833833881069,32.04546942028672,-0.0031882842289104596,-10.404249606270113
2025-01-02 11:20:00,800012,NORMAL,HS1306571,211,35.166666666666664,0.22073205649384833,112.50864585099295,32.32118762231871,-0.0032057924793444104,-9.44745245897316
2025-01-02 11:30:00,800012,NORMAL,HS1306571,212,35.33333333333333,0.21266266547672188,112.2994250800381,31.924973262279984,-0.008785685549269007,-8.102876564152297
2025-01-02 11:40:00,800012,NORMAL,HS1306571,213,35.5,0.1985227240137077,120.74761707218256,34.0021809782407,-0.020426195160246408,1.8476911242861576
2025-01-02 11:50:00,800012,NORMAL,HS1306571,214,35.666666666666664,0.20353040142772702,120.60669761048209,34.25045210436101,-0.012837724121105953,3.278013666846519
2025-01-02 12:00:00,800012,NORMAL,HS1306571,215,35.83333333333333,0.20798248131556066,127.32269528677139,32.38645645200808,-0.005751833972126169,11.62249009685091
2025-01-02 12:10:00,800012,NORMAL,HS1306571,216,36.0,0.20959993553007103,129.79803672998025,32.28443980830896,-0.0014222969428182852,15.955679358515397
2025-01-02 12:20:00,800012,NORMAL,HS1306571,217,36.166666666666664,0.23128113342227274,117.30685220565331,31.25205060741079,0.022267507047085855,5.167666994100202
2025-01-02 12:30:00,800012,NORMAL,HS1306571,218,36.33333333333333,0.2076429120155557,108.39942612984956,32.41633605344672,-0.00024074146171867983,-2.7059170196184965
2025-01-02 12:40:00,800012,NORMAL,HS1306571,219,36.5,0.22384769720134243,103.15561302789077,33.79955047660428,0.01646491994652921,-7.426964322505114
2025-01-02 12:50:00,800012,NORMAL,HS1306571,220,36.666666666666664,0.21924590151568174,105.47250118273767,33.986463490230605,0.011934540343655514,-4.931384658032641
2025-01-02 13:00:00,800012,NORMAL,HS1306571,221,36.83333333333333,0.20772424238623186,104.88185609117222,36.1951709888335,0.00020579647440202575,-5.565273425006083
2025-01-02 13:10:00,800012,NORMAL,HS1306571,222,37.0,0.1795569474118539,113.09234076295942,37.114597884294625,-0.02890960299865264,2.1240915976142247
2025-01-02 13:20:00,800012,NORMAL,HS1306571,223,37.166666666666664,0.18591559174213163,113.37656046827463,37.601243850717665,-0.024122339940055304,1.4615536819045047
2025-01-02 13:30:00,800012,NORMAL,HS1306571,224,37.33333333333333,0.19474671790379378,111.77855634816447,36.854705185218116,-0.01702618593398489,-1.1784216128926204
2025-01-02 13:40:00,800012,NORMAL,HS1306571,225,37.5,0.21167038173603583,119.70537643350103,34.84512809309768,-0.0019706369763503317,5.634059200826243
2025-01-02 13:50:00,800012,NORMAL,HS1306571,226,37.666666666666664,0.20135254937478209,115.35149510195433,33.69039311567364,-0.014291638743391316,0.07810758765117498
2025-01-02 14:00:00,800012,NORMAL,HS1306571,227,37.83333333333333,0.22592448816508037,122.4795183149017,32.86604375104598,0.008155065868083705,5.915778540278595
2025-01-02 14:10:00,800012,NORMAL,HS1306571,228,38.0,0.21019903651617858,121.3761188008821,31.817745530716735,-0.00988581067396313,2.985408744763248
2025-01-02 14:20:00,800012,NORMAL,HS1306571,229,38.166666666666664,0.22293635056341382,115.74986831815869,29.141452276033128,0.0007491784291051573,-4.981634145373846
2025-01-02 14:30:00,800012,NORMAL,HS1306571,230,38.33333333333333,0.22767003993906712,125.69486257993265,31.43322150121308,0.0032639780548356645,2.4086250788380994
2025-01-02 14:40:00,800012,NORMAL,HS1306571,231,38.5,0.2166769066188915,131.56592805922875,32.0179739510493,-0.009980907843919806,5.647385555900868
2025-01-02 14:50:00,800012,NORMAL,HS1306571,232,38.666666666666664,0.22575948687777053,129.4901324305834,32.960714348678096,-0.0030513400049571315,0.9932055759817899
2025-01-02 15:00:00,800012,NORMAL,HS1306571,233,38.83333333333333,0.24758790796838365,112.91398484374372,30.598518247907656,0.016725393365297048,-18.082153357934033
2025-01-02 15:10:00,800012,NORMAL,HS1306571,234,39.0,0.23293079082504214,136.38683936746867,32.59912853311504,0.0002849898637150017,3.339193594783808
2025-01-02 15:20:00,800012,NORMAL,HS1306571,235,39.166666666666664,0.23040858356891583,131.84976812247243,31.607328241789517,-0.004921830799392873,-3.4946682331531065
2025-01-02 15:30:00,800012,NORMAL,HS1306571,236,39.33333333333333,0.24392248003577352,135.1583687762342,32.27762462210783,0.0051003672487491825,-3.043364474561173
2025-01-02 15:40:00,800012,NORMAL,HS1306571,237,39.5,0.2243712855138823,137.69983790823628,30.972798564190633,-0.018423732411281785,-3.742105869563801
2025-01-02 15:50:00,800012,NORMAL,HS1306571,238,39.666666666666664,0.24909446145967862,156.92571122651933,33.63881026071994,0.0020867809427445594,12.03546825798307
2025-01-02 16:00:00,800012,NORMAL,HS1306571,239,39.83333333333333,0.28228141386432093,149.83309102451227,30.543005263167128,0.030925022755233955,1.3631062917918086
2025-01-02 16:10:00,800012,NORMAL,HS1306571,240,40.0,0.25060973873100906,152.45655222317544,32.83907295274468,-0.005717488769100498,0.25464936573555974
2025-01-02 16:20:00,800012,NORMAL,HS1306571,241,40.166666666666664,0.2462225408082962,141.98096473408341,34.95954173784112,-0.014516564180901026,-13.31708274840841
2025-01-02 16:30:00,800012,NORMAL,HS1306571,242,40.33333333333333,0.25814222439243684,143.02345933179123,36.39662394830606,-0.005518960875485812,-14.2420108379348
2025-01-02 16:40:00,800012,NORMAL,HS1306571,243,40.5,0.24544009314237916,148.44656708956103,36.387119805229666,-0.02011473152815793,-9.960632007570183
2025-01-02 16:50:00,800012,NORMAL,HS1306571,244,40.666666666666664,0.2646084510839017,167.94296745625633,39.857931149896324,-0.0023104246239690762,8.83946691074803
2025-01-02 17:00:00,800012,NORMAL,HS1306571,245,40.83333333333333,0.24782937223516424,148.56684043634897,40.49002484048997,-0.02016773251386675,-10.992464593322893
2025-01-02 17:10:00,800012,NORMAL,HS1306571,246,41.0,0.25537141341022324,172.06983980667954,39.94016447299002,-0.012391935255404718,12.794232091429365
2025-01-02 17:20:00,800012,NORMAL,HS1306571,247,41.166666666666664,0.23359584678104986,158.98099075213156,40.3560623184411,-0.03212872311440715,1.212256140485806
2025-01-02 17:30:00,800012,NORMAL,HS1306571,248,41.33333333333333,0.22508577009357914,152.72291103832015,39.193752892486636,-0.037938006540428254,-2.9309153736717803
2025-01-02 17:40:00,800012,NORMAL,HS1306571,249,41.5,0.23404808694226498,145.69681072824227,39.28474674078612,-0.026020696177415648,-7.6023796802867025
2025-01-02 17:50:00,800012,NORMAL,HS1306571,250,41.666666666666664,0.23760968697941656,141.1739366610967,38.60944235385058,-0.019276770674422378,-9.59531436115509
2025-01-02 18:00:00,800012,NORMAL,HS1306571,251,41.83333333333333,0.2337388057361136,140.02998484135946,36.498583220166495,-0.019782261502173992,-8.0799147019639
2025-01-02 18:10:00,800012,NORMAL,HS1306571,252,42.0,0.24829689486034015,127.48638888960265,33.499590387702426,-0.0014845854095573985,-17.552102850748284
2025-01-02 18:20:00,800012,NORMAL,HS1306571,253,42.166666666666664,0.23378182269367873,125.12129325511816,36.0495605523727,-0.012428802407421086,-16.69678657752982
2025-01-02 18:30:00,800012,NORMAL,HS1306571,254,42.33333333333333,0.23385845754389512,130.74166432270258,35.789602988548715,-0.009084294047341096,-8.092231220996439
2025-01-02 18:40:00,800012,NORMAL,HS1306571,255,42.5,0.22752671054492268,130.32940961621708,32.29178345456843,-0.012150523598447954,-5.558410104338407
2025-01-02 18:50:00,800012,NORMAL,HS1306571,256,42.666666666666664,0.2335721173002555,130.41103775368478,33.12822071208009,-0.002766565256317438,-2.49101195631971
2025-01-02 19:00:00,800012,NORMAL,HS1306571,257,42.83333333333333,0.23188285962514674,122.80446758157748,32.04493695240757,-0.0010514885140642527,-7.070390043344361
2025-01-02 19:10:00,800012,NORMAL,HS1306571,258,43.0,0.2333800280823708,128.2912352675648,30.811969443052735,0.0031413987070503524,0.8244926280522265
2025-01-02 19:20:00,800012,NORMAL,HS1306571,259,43.166666666666664,0.2236900060537031,130.44375439594688,29.380727247197687,-0.004050904391823706,4.905916915286767
2025-01-02 19:30:00,800012,NORMAL,HS1306571,260,43.33333333333333,0.21250052556860274,131.93482526579476,27.783038664994944,-0.012655293111845906,8.375252981014242
2025-01-02 19:40:00,800012,NORMAL,HS1306571,261,43.5,0.19543681674702473,122.88897774611529,28.487584354387494,-0.02736774211394094,1.1631605688683635
2025-01-02 19:50:00,800012,NORMAL,HS1306571,262,43.666666666666664,0.20746168517181632,122.76785529531682,28.966837694770614,-0.013219202979855793,2.7020575478037046
2025-01-02 20:00:00,800012,NORMAL,HS1306571,263,43.83333333333333,0.2133725652526532,113.86938512257173,31.836832031996835,-0.005357454079643442,-4.666253569020228
2025-01-02 20:10:00,800012,NORMAL,HS1306571,264,44.0,0.21595070815383363,113.40709308148513,31.34067228268855,-0.0007502999819277711,-3.6282584631035775
2025-01-02 20:20:00,800012,NORMAL,HS1306571,265,44.166666666666664,0.21349529673995515,110.83673492119817,30.304503055025663,-0.001265944703447014,-4.8186743664709155
2025-01-02 20:30:00,800012,NORMAL,HS1306571,266,44.33333333333333,0.22033633263505256,117.6906319440231,28.423531913865183,0.007460787665439977,3.2891585533425456
2025-01-02 20:40:00,800012,NORMAL,HS1306571,267,44.5,0.2327557674219093,110.59037131033136,28.275369577628513,0.02201676120047727,-2.441372028922359
2025-01-02 20:50:00,800012,NORMAL,HS1306571,268,44.666666666666664,0.21207446317229836,93.56448579648097,28.70261532547202,0.003682394590139637,-17.966565463805722
2025-01-02 21:00:00,800012,NORMAL,HS1306571,269,44.83333333333333,0.19920355017754668,96.26069200101136,29.526251258649996,-0.006728136216400754,-13.69390637710994
2025-01-02 21:10:00,800012,NORMAL,HS1306571,270,45.0,0.19745565407956983,108.71056132665359,27.992046630791954,-0.005820540238440752,0.5656055978168553
2025-01-02 21:20:00,800012,NORMAL,HS1306571,271,45.166666666666664,0.20778446890758118,101.367669433587,29.217207479871323,0.007070214250432888,-4.859516173547789
2025-01-02 21:30:00,800012,NORMAL,HS1306571,272,45.33333333333333,0.20744905642185746,101.50036037163953,26.1721477923672,0.009519130643174029,-2.6259705649162726
2025-01-02 21:40:00,800012,NORMAL,HS1306571,273,45.5,0.2091068616438361,98.67516180819509,27.32992590955036,0.013992986441268424,-3.3041428533273347
2025-01-02 21:50:00,800012,NORMAL,HS1306571,274,45.666666666666664,0.1970549618537177,106.31135304942521,27.331115119776886,0.004687459941316613,6.430679902914278
2025-01-02 22:00:00,800012,NORMAL,HS1306571,275,45.83333333333333,0.188898996237041,100.28404050584263,28.228315446454104,-0.0007385222043038708,2.479767235903367
2025-01-02 22:10:00,800012,NORMAL,HS1306571,276,46.0,0.1705851533072343,105.49651364829779,28.163517170032,-0.01620611924651308,9.768087930842654
2025-01-02 22:20:00,800012,NORMAL,HS1306571,277,46.166666666666664,0.175782283231242,103.79163397138319,27.77585629767397,-0.007222367671760738,10.58619491731882
2025-01-02 22:30:00,800012,NORMAL,HS1306571,278,46.33333333333333,0.1774785285829496,99.09763409422517,28.069998006528095,-0.0009295882193150196,8.937012854196027
2025-01-02 22:40:00,800012,NORMAL,HS1306571,279,46.5,0.17707401343199883,92.39832610578136,26.94215924992116,0.003812752047661072,5.63037471264434
2025-01-02 22:50:00,800012,NORMAL,HS1306571,280,46.666666666666664,0.16658924105699477,78.14738296496056,24.548693540499862,-0.0010470915939703729,-4.948639493406276
2025-01-02 23:00:00,800012,NORMAL,HS1306571,281,46.83333333333333,0.14735981073694862,79.49795934750844,25.799665881551686,-0.014360400190044392,0.16715193046286458
2025-01-02 23:10:00,800012,NORMAL,HS1306571,282,47.0,0.15608040292285327,69.44184111156471,25.522945232423943,0.0008751403000425151,-5.755195193998063
2025-01-02 23:20:00,800012,NORMAL,HS1306571,283,47.166666666666664,0.14759956374056715,72.73414704426193,25.100005571221086,-0.0012558543775997022,1.8631684218102862
2025-01-02 23:30:00,800012,NORMAL,HS1306571,284,47.33333333333333,0.16648945512211052,68.21455870698031,24.776782318690515,0.023356106475367677,1.3411890083232407
2025-01-02 23:40:00,800012,NORMAL,HS1306571,285,47.5,0.14383821683146455,65.31773252165999,22.78582797061748,0.005736312295083812,2.0257109544804877
2025-01-02 23:50:00,800012,NORMAL,HS1306571,286,47.666666666666664,0.140438399484436,53.60948119455797,21.69807816182766,0.006738751638853957,-6.483396046564032
2025-01-01 00:10:00,800013,NORMAL,HS1306571,0,0.0,0.02582941302525169,4.308773538379681,20.765207317196914,0.00024193482647114767,-0.17491700019865686
2025-01-01 00:20:00,800013,NORMAL,HS1306571,1,0.16666666666666666,0.060527125202049566,15.245526783659523,20.324301180974388,0.002066255198304688,-1.739853804568538
2025-01-01 00:30:00,800013,NORMAL,HS1306571,2,0.3333333333333333,0.10590350399356528,36.567858753895244,20.428575458153734,-0.0008272048275476257,-3.342575360836264
2025-01-01 00:40:00,800013,NORMAL,HS1306571,3,0.5,0.14033447649746147,57.27633010830999,20.06232347665852,0.002327878194648192,-3.0165720707409918
2025-01-01 00:50:00,800013,NORMAL,HS1306571,4,0.6666666666666666,0.13656775774251823,64.7184827749477,19.174812933357487,-0.011232555883212342,-4.511467591850419
2025-01-01 01:00:00,800013,NORMAL,HS1306571,5,0.8333333333333333,0.15128888620167905,69.98926853514264,18.476635291715116,0.00237420748186401,-1.1817494836197397
2025-01-01 01:10:00,800013,NORMAL,HS1306571,6,1.0,0.15225878517314415,66.35292698151244,18.311512292477534,0.0046866927983361395,-4.102202004742082
2025-01-01 01:20:00,800013,NORMAL,HS1306571,7,1.1666666666666665,0.14808896499527985,69.54397517367592,17.821068110351874,0.004745771692928724,1.9975402178370558
2025-01-01 01:30:00,800013,NORMAL,HS1306571,8,1.3333333333333333,0.13245338002432658,65.67998660893278,19.585844598387094,-0.005628091101285371,2.1102075858759264
2025-01-01 01:40:00,800013,NORMAL,HS1306571,9,1.5,0.13737693076422725,59.01313112659533,18.6761942553824,0.0036537358108634788,-0.8250659883259317
2025-01-01 01:50:00,800013,NORMAL,HS1306571,10,1.6666666666666665,0.13539179180528121,55.6770798656605,19.274924013830958,0.00500150703553684,-1.0326156018651034
2025-01-01 02:00:00,800013,NORMAL,HS1306571,11,1.8333333333333333,0.1404424883656075,53.815851414426795,18.601482136203348,0.012800769589853683,-0.22010584372669229
2025-01-01 02:10:00,800013,NORMAL,HS1306571,12,2.0,0.13167171522379756,53.666216922191886,18.139851160623977,0.004324717292392588,0.6136274983215841
2025-01-01 02:20:00,800013,NORMAL,HS1306571,13,2.1666666666666665,0.12126274403671665,51.300555004653255,16.794966227544275,-0.009048678547617553,-3.470407660134981
2025-01-01 02:30:00,800013,NORMAL,HS1306571,14,2.333333333333333,0.12376384838627609,56.265990225326995,16.23707842836588,-0.0113589739067569,-1.877815940701268
2025-01-01 02:40:00,800013,NORMAL,HS1306571,15,2.5,0.12697313544871175,60.63184186081674,17.607780766964453,-0.01313734515017706,-1.3873231722058748
2025-01-01 02:50:00,800013,NORMAL,HS1306571,16,2.6666666666666665,0.14325000927314158,66.92512669931219,17.87798469823677,-0.0012040582724638371,1.244667243751536
2025-01-01 03:00:00,800013,NORMAL,HS1306571,17,2.833333333333333,0.14190763432416956,64.48209921981382,18.884460938474977,-0.00630090644444492,-4.5218626725520465
2025-01-01 03:10:00,800013,NORMAL,HS1306571,18,3.0,0.1329299057205923,67.50280755483026,17.787533261681812,-0.015680038401859442,-2.948055836287807
2025-01-01 03:20:00,800013,NORMAL,HS1306571,19,3.1666666666666665,0.1346609447657898,69.26955695464946,18.214612993475956,-0.011145953930141006,-0.11066285861748781
2025-01-01 03:30:00,800013,NORMAL,HS1306571,20,3.333333333333333,0.13735539796482912,70.82897554179529,19.12852720487186,-0.005102036677678806,3.2354316798841154
2025-01-01 03:40:00,800013,NORMAL,HS1306571,21,3.5,0.13581759989244271,68.32189558134768,19.191947950730484,-0.003466968015782973,2.513218174617606
2025-01-01 03:50:00,800013,NORMAL,HS1306571,22,3.6666666666666665,0.13984276678615287,64.49166987796335,18.87429229965914,0.003411414837437954,0.2825288301961564
2025-01-01 04:00:00,800013,NORMAL,HS1306571,23,3.833333333333333,0.13014728564542374,61.40652160310931,18.495939547916556,-0.0035766323643031672,-1.3123389042769347
2025-01-01 04:10:00,800013,NORMAL,HS1306571,24,4.0,0.1266450049962955,59.733430013257696,18.234373884059654,-0.006533130174626811,-2.503245803795764
2025-01-01 04:20:00,800013,NORMAL,HS1306571,25,4.166666666666666,0.13324169228346733,64.2467321497718,18.762809468958473,-0.002149305425574649,0.6469302058542539
2025-01-01 04:30:00,800013,NORMAL,HS1306571,26,4.333333333333333,0.15043412959956864,68.2932946516995,19.047364758176432,0.011973485285355745,2.5185102205859664
2025-01-01 04:40:00,800013,NORMAL,HS1306571,27,4.5,0.1523427138605547,61.98675883411946,18.96076528337794,0.010679418970629628,-6.148635574236572
2025-01-01 04:50:00,800013,NORMAL,HS1306571,28,4.666666666666666,0.1500176522136409,65.9916725564671,17.757035839713783,0.0050787653011925005,-4.557775434315786
2025-01-01 05:00:00,800013,NORMAL,HS1306571,29,4.833333333333333,0.13938881110442516,71.47498424081581,18.01596630472666,-0.008924647701899907,-1.5421532714590143
2025-01-01 05:10:00,800013,NORMAL,HS1306571,30,5.0,0.15102265151117059,76.41835441481437,19.058115070159573,-0.0013317145751612358,0.9144153218591953
2025-01-01 05:20:00,800013,NORMAL,HS1306571,31,5.166666666666666,0.15941130039529008,77.56018192316971,19.5542213102927,0.002043272361444276,-0.3694701424002318
2025-01-01 05:30:00,800013,NORMAL,HS1306571,32,5.333333333333333,0.1553689631046715,75.86383027373601,19.304480795245464,-0.007346919839353788,-4.626190373266269
2025-01-01 05:40:00,800013,NORMAL,HS1306571,33,5.5,0.15847256866524106,89.19741719270394,20.421319515539935,-0.009737351075539968,5.984701306737662
2025-01-01 05:50:00,800013,NORMAL,HS1306571,34,5.666666666666666,0.1556223372411129,89.53919072029066,20.8142460073912,-0.01805956974710826,3.5336212561252722
2025-01-01 06:00:00,800013,NORMAL,HS1306571,35,5.833333333333333,0.16444555906226752,90.89167740488917,21.388110926284455,-0.014756537046649476,1.9182107875520273
2025-01-01 06:10:00,800013,NORMAL,HS1306571,36,6.0,0.16657656253648917,86.70958699283008,23.140142706198176,-0.016710190059448876,-4.924113291095168
2025-01-01 06:20:00,800013,NORMAL,HS1306571,37,6.166666666666666,0.17857535487911655,84.93221371576836,21.510639741337915,-0.007034911353128698,-8.759168673823012
2025-01-01 06:30:00,800013,NORMAL,HS1306571,38,6.333333333333333,0.17950021451380355,103.8583307975826,21.212903662804635,-0.00832527411053044,8.153835846218499
2025-01-01 06:40:00,800013,NORMAL,HS1306571,39,6.5,0.18518994233898656,97.27411587162828,21.429732027348344,-0.004660272214409983,-0.3511893777678523
2025-01-01 06:50:00,800013,NORMAL,HS1306571,40,6.666666666666666,0.1883883015743875,108.69567251899387,22.334988217265543,-0.0030804885449512154,9.390306286255168
2025-01-01 07:00:00,800013,NORMAL,HS1306571,41,6.833333333333333,0.20032771600322735,103.75648328193299,23.597197422256144,0.0076118623291882015,3.0205500161962533
2025-01-01 07:10:00,800013,NORMAL,HS1306571,42,7.0,0.19880147134149595,99.76130406427704,27.879226403578432,0.004438966061072885,-2.3748527106070014
2025-01-01 07:20:00,800013,NORMAL,HS1306571,43,7.166666666666666,0.20425762963521518,94.81594763424104,29.481861497380635,0.008371001103267162,-8.479111786681798
2025-01-01 07:30:00,800013,NORMAL,HS1306571,44,7.333333333333333,0.19153303118029147,99.4584212904736,29.623994710821883,-0.005551529350178969,-4.6951115284453095
2025-01-01 07:40:00,800013,NORMAL,HS1306571,45,7.5,0.20778620072822995,115.88398925014307,27.478591114864873,0.008895516428891609,10.550309542117176
2025-01-01 07:50:00,800013,NORMAL,HS1306571,46,7.666666666666666,0.18857542961446289,111.19246348997571,27.591537765344306,-0.012723520859584087,4.2738595527439855
2025-01-01 08:00:00,800013,NORMAL,HS1306571,47,7.833333333333333,0.18949715323476568,100.81356135485801,30.984332480837917,-0.014462114839975448,-7.885913523923378
2025-01-01 08:10:00,800013,NORMAL,HS1306571,48,8.0,0.20815631713716803,100.60841625668291,30.126448839317472,0.0022742090109811597,-9.531859338925358
2025-01-01 08:20:00,800013,NORMAL,HS1306571,49,8.166666666666666,0.2033934609387375,93.02911323679751,30.44723091548846,-0.003644158247625262,-17.988396693283207
2025-01-01 08:30:00,800013,NORMAL,HS1306571,50,8.333333333333332,0.21559717316883412,101.63300175425078,33.10565865701008,0.0069187505588994,-10.502555831332074
2025-01-01 08:40:00,800013,NORMAL,HS1306571,51,8.5,0.2052719712079951,95.43455610747495,32.27110378943987,-0.005541287800257533,-18.17051733793278
2025-01-01 08:50:00,800013,NORMAL,HS1306571,52,8.666666666666666,0.2219210993117189,100.60037057407922,33.384871283331925,0.008757765761389702,-14.662613496543742
2025-01-01 09:00:00,800013,NORMAL,HS1306571,53,8.833333333333332,0.24214795201155082,109.57417516427083,32.94020018962645,0.026568796243210346,-7.419278250980142
2025-01-01 09:10:00,800013,NORMAL,HS1306571,54,9.0,0.22886298140800498,103.4798535725376,33.75294483035859,0.011019934964348332,-15.163446798804316
2025-01-01 09:20:00,800013,NORMAL,HS1306571,55,9.166666666666666,0.2223558923617447,111.64533143481658,35.352645467199224,0.0031455501688061327,-8.184883258204593
2025-01-01 09:30:00,800013,NORMAL,HS1306571,56,9.333333333333332,0.22563282565789297,104.39746457403908,33.94139491182241,0.00696468039968412,-15.359043785401738
2025-01-01 09:40:00,800013,NORMAL,HS1306571,57,9.5,0.21935067456059157,107.17487016724105,35.70435865299306,0.0026097202409570974,-11.412336048649834
2025-01-01 09:50:00,800013,NORMAL,HS1306571,58,9.666666666666666,0.22042542612697633,108.14862737147627,35.504010237746634,0.006368373687646228,-8.631970712425286
2025-01-01 10:00:00,800013,NORMAL,HS1306571,59,9.833333333333332,0.20557252677757287,109.45057815323385,34.45609209028389,-0.005359363707813536,-5.162294907663025
2025-01-01 10:10:00,800013,NORMAL,HS1306571,60,10.0,0.2237197937172916,110.33943667093094,31.768299636030978,0.015128325145128269,-2.3936987659631654
2025-01-01 10:20:00,800013,NORMAL,HS1306571,61,10.166666666666666,0.21196859722665734,102.17782254211622,34.78687195984026,0.0034979426906005806,-9.991293414284272
2025-01-01 10:30:00,800013,NORMAL,HS1306571,62,10.333333333333332,0.21210736779247927,121.57386920250828,32.291154405620496,0.0019623387527193392,8.632445443384896
2025-01-01 10:40:00,800013,NORMAL,HS1306571,63,10.5,0.21605926230839706,112.21264095977878,33.951628188310714,0.0034354955372994656,-2.209331140033825
2025-01-01 10:50:00,800013,NORMAL,HS1306571,64,10.666666666666666,0.21909755990672936,114.20942335609934,33.27957178682724,0.0036994284385461207,-1.9807126315238577
2025-01-01 11:00:00,800013,NORMAL,HS1306571,65,10.833333333333332,0.19976288900619563,111.165157600185,34.80878439803525,-0.018642937002345678,-6.990017190941316
2025-01-01 11:10:00,800013,NORMAL,HS1306571,66,11.0,0.2043770355802586,118.94882232963006,35.292503107567114,-0.017472735475399903,-1.643541270433218
2025-01-01 11:20:00,800013,NORMAL,HS1306571,67,11.166666666666666,0.2248383640685135,117.78592381495199,33.26998208530194,0.0013600075365254871,-4.321681655766739
2025-01-01 11:30:00,800013,NORMAL,HS1306571,68,11.333333333333332,0.21893026661846218,130.98648017860972,34.68288317376309,-0.004382800268296627,8.706047708007105
2025-01-01 11:40:00,800013,NORMAL,HS1306571,69,11.5,0.21588811613066702,125.70765279368918,35.23696152282037,-0.006530747299437201,3.872488501092292
2025-01-01 11:50:00,800013,NORMAL,HS1306571,70,11.666666666666666,0.21688673046298135,124.71895706382432,35.989310269118825,-0.004271890641698334,3.6099084051391657
2025-01-01 12:00:00,800013,NORMAL,HS1306571,71,11.833333333333332,0.2123596620217383,126.93002211976396,35.61761928524486,-0.007372111043331547,6.668401986413798
2025-01-01 12:10:00,800013,NORMAL,HS1306571,72,12.0,0.21517109225118544,129.66755132806423,37.29364093303487,-0.0016940130378871598,11.009412594409255
2025-01-01 12:20:00,800013,NORMAL,HS1306571,73,12.166666666666666,0.2091647556108188,119.92340859070256,32.22267628799466,-0.004684079374486505,2.942386593499407
2025-01-01 12:30:00,800013,NORMAL,HS1306571,74,12.333333333333332,0.21292070511643113,106.83259892859687,35.736935610163336,0.0012872677455439685,-9.010258406909529
2025-01-01 12:40:00,800013,NORMAL,HS1306571,75,12.5,0.18431798802334215,115.25959890297182,37.31176087859598,-0.025670053610595572,0.1682204474500537
2025-01-01 12:50:00,800013,NORMAL,HS1306571,76,12.666666666666666,0.1999873193916294,119.07188816483033,36.43866206889003,-0.00866436187059455,4.538460893476838
2025-01-01 13:00:00,800013,NORMAL,HS1306571,77,12.833333333333332,0.19927627882047094,115.81440332433343,34.26540447254959,-0.008219507616228583,1.7385113456650885
2025-01-01 13:10:00,800013,NORMAL,HS1306571,78,13.0,0.2033250897300224,109.16141881686053,35.57703942763816,-0.0036604395861336847,-4.4255913779808935
2025-01-01 13:20:00,800013,NORMAL,HS1306571,79,13.166666666666666,0.19316036363503938,117.18674517584454,34.17745038544646,-0.014914364374663619,3.6061263714607605
2025-01-01 13:30:00,800013,NORMAL,HS1306571,80,13.333333333333332,0.21334958435919504,127.19936734652062,35.61198847950305,0.002692092000936286,12.620073666553878
2025-01-01 13:40:00,800013,NORMAL,HS1306571,81,13.5,0.2021072453485415,116.60871819920169,37.64716933675182,-0.011808583123554789,0.3461429853399096
2025-01-01 13:50:00,800013,NORMAL,HS1306571,82,13.666666666666666,0.21676141379385505,121.52948616115592,41.04904318595859,-0.0007211300082032857,3.285103395631239
2025-01-01 14:00:00,800013,NORMAL,HS1306571,83,13.833333333333332,0.21896816719987078,126.05626333686381,40.03551147676209,-0.0024166753421830667,5.56959114957624
2025-01-01 14:10:00,800013,NORMAL,HS1306571,84,14.0,0.21374949649032526,124.02933597183872,40.892575494816725,-0.012148061398494114,0.3603507287855052
2025-01-01 14:20:00,800013,NORMAL,HS1306571,85,14.166666666666666,0.21381200060845304,131.43064699226846,37.14597665794254,-0.016175285461271033,4.077657092819564
2025-01-01 14:30:00,800013,NORMAL,HS1306571,86,14.333333333333332,0.23225564271969917,137.9324692356458,35.42110807334757,-0.0010197410970401444,7.3062831473647805
2025-01-01 14:40:00,800013,NORMAL,HS1306571,87,14.5,0.23861643810223174,143.43247284296694,37.59267128303838,0.002530562589479063,9.872040388426853
2025-01-01 14:50:00,800013,NORMAL,HS1306571,88,14.666666666666666,0.23723348478506912,143.47119870343838,39.18893781171401,-0.0013328658527544668,7.234014458095743
2025-01-01 15:00:00,800013,NORMAL,HS1306571,89,14.833333333333332,0.2473856608313462,147.78868247567908,38.98587013972661,0.00653030190865711,9.014692611323
2025-01-01 15:10:00,800013,NORMAL,HS1306571,90,15.0,0.2580246479851112,144.16664862185374,36.924928943700586,0.015083392240624854,3.2661748792114054
2025-01-01 15:20:00,800013,NORMAL,HS1306571,91,15.166666666666666,0.24866820168137949,145.47939222540074,36.88589923408751,0.0036529972068336525,2.7943523415609377
2025-01-01 15:30:00,800013,NORMAL,HS1306571,92,15.333333333333332,0.24838685892326975,150.26327245611392,33.641948264047926,0.001370798545207913,5.912960739350609
2025-01-01 15:40:00,800013,NORMAL,HS1306571,93,15.5,0.24501782923692925,168.7782455021861,35.677143062410956,-0.003936731578697256,22.823942147394973
2025-01-01 15:50:00,800013,NORMAL,HS1306571,94,15.666666666666666,0.24920342588169353,158.14670607282844,37.23051418201341,-0.0016760272302444035,10.595839825360997
2025-01-01 16:00:00,800013,NORMAL,HS1306571,95,15.833333333333332,0.2535699579769556,169.07291128942606,34.132873992513375,0.0007865009579891002,19.93886798874351
2025-01-01 16:10:00,800013,NORMAL,HS1306571,96,16.0,0.26212435791651545,155.01652239876327,34.432372268086006,0.007201386265525633,4.314424169347717
2025-01-01 16:20:00,800013,NORMAL,HS1306571,97,16.166666666666664,0.2618702338129697,162.0780286115393,34.604346096442015,0.004957102383819578,10.05664206015578
2025-01-01 16:30:00,800013,NORMAL,HS1306571,98,16.333333333333332,0.26104035199311815,163.20204542434774,34.49385783295584,0.002991342753939197,10.540337631819739
2025-01-01 16:40:00,800013,NORMAL,HS1306571,99,16.5,0.24092055009165297,153.86028006241744,33.73790941107002,-0.017808708412696272,0.9717414632430348
2025-01-01 16:50:00,800013,NORMAL,HS1306571,100,16.666666666666664,0.2714787725029727,150.03772144827096,32.709078099341255,0.012252793133034512,-2.897491080716321
2025-01-01 17:00:00,800013,NORMAL,HS1306571,101,16.833333333333332,0.25611883868405794,156.7084028993098,33.3120843611299,-0.003556690163912357,3.7853372068070996
2025-01-01 17:10:00,800013,NORMAL,HS1306571,102,17.0,0.2646110980135698,166.60465614378066,32.77405829515909,0.0056910441460778505,14.510718874782157
2025-01-01 17:20:00,800013,NORMAL,HS1306571,103,17.166666666666664,0.2609043631947746,154.9166944328302,32.37611376165242,0.004900046011867776,5.3306236355063845
2025-01-01 17:30:00,800013,NORMAL,HS1306571,104,17.333333333333332,0.2605634334541,153.38912615612207,34.146666489007416,0.008530376163151054,7.189442662783961
2025-01-01 17:40:00,800013,NORMAL,HS1306571,105,17.5,0.2560600716110683,163.15636089034314,33.488880824434204,0.008489394245800252,20.74061634774364
2025-01-01 17:50:00,800013,NORMAL,HS1306571,106,17.666666666666664,0.25023993447464,130.85171380942046,33.835084297033156,0.0074730209676537596,-7.530739325374697
2025-01-01 18:00:00,800013,NORMAL,HS1306571,107,17.833333333333332,0.24846429293895195,136.78865186769454,33.40013318146844,0.010816171967754057,2.6422118775617776
2025-01-01 18:10:00,800013,NORMAL,HS1306571,108,18.0,0.2222377679142627,134.19252407630364,34.66671483620809,-0.01073195212609973,3.7642044224220967
2025-01-01 18:20:00,800013,NORMAL,HS1306571,109,18.166666666666664,0.22423313329623004,140.91020884526466,32.984511350149056,-0.005364456658306649,12.943958603056458
2025-01-01 18:30:00,800013,NORMAL,HS1306571,110,18.333333333333332,0.23467588344493556,137.3535313336672,32.97308637476459,0.007301422135908342,10.88722413470596
2025-01-01 18:40:00,800013,NORMAL,HS1306571,111,18.5,0.21574120996644489,131.97531963528226,32.78207248662243,-0.009858290192454738,6.597890137122363
2025-01-01 18:50:00,800013,NORMAL,HS1306571,112,18.666666666666664,0.23252212716988552,132.30874005251323,31.916286050633875,0.008532278563216172,7.8631509715660854
2025-01-01 19:00:00,800013,NORMAL,HS1306571,113,18.833333333333332,0.24434778052375355,128.78778364591076,31.765616709688086,0.02189386650160069,5.206818805839461
2025-01-01 19:10:00,800013,NORMAL,HS1306571,114,19.0,0.23857496030560685,118.61275319712009,31.32309332383607,0.01755747077035308,-4.127189934131536
2025-01-01 19:20:00,800013,NORMAL,HS1306571,115,19.166666666666664,0.22298832670566807,111.33563506352243,30.635175399404748,0.0038356257965651286,-10.327530213935248
2025-01-01 19:30:00,800013,NORMAL,HS1306571,116,19.333333333333332,0.20993151794732515,111.31527001837254,31.674452180742392,-0.006501977374809981,-8.662803079516706
2025-01-01 19:40:00,800013,NORMAL,HS1306571,117,19.5,0.20515169461196395,111.56160288273416,32.579161618083745,-0.00824201443765199,-6.456283849051417
2025-01-01 19:50:00,800013,NORMAL,HS1306571,118,19.666666666666664,0.2030948145327919,122.28049649551848,30.2699747951904,-0.007155278603904663,6.304946174558552
2025-01-01 20:00:00,800013,NORMAL,HS1306571,119,19.833333333333332,0.1799312064624204,117.35088857078573,31.17664519840727,-0.02717655328877014,3.4076712823456177
2025-01-01 20:10:00,800013,NORMAL,HS1306571,120,20.0,0.19464857555805018,109.04432730266059,28.53896465694066,-0.008275486756274042,-2.123154279652198
2025-01-01 20:20:00,800013,NORMAL,HS1306571,121,20.166666666666664,0.19638907318687418,108.47937197971635,27.288945997950954,-0.002107165973827846,0.5912197197957454
2025-01-01 20:30:00,800013,NORMAL,HS1306571,122,20.333333333333332,0.20576354145276302,110.31634302863745,28.772073077060043,0.010528565406089097,4.98245419113492
2025-01-01 20:40:00,800013,NORMAL,HS1306571,123,20.5,0.1954480320750165,97.35616773754504,29.239495198662603,0.0029278028820285684,-5.882164710380536
2025-01-01 20:50:00,800013,NORMAL,HS1306571,124,20.666666666666664,0.21616068906051547,99.02802494243562,27.925471569883094,0.026285587235987284,-2.2228928233691647
2025-01-01 21:00:00,800013,NORMAL,HS1306571,125,20.833333333333332,0.18724999836727477,95.91423248547004,27.468331549263386,0.00011934625968643142,-3.3404567694456944
2025-01-01 21:10:00,800013,NORMAL,HS1306571,126,21.0,0.18390730390693721,97.22063067321945,27.585623309492526,-0.0012637316225223294,-0.5539751473358052
2025-01-01 21:20:00,800013,NORMAL,HS1306571,127,21.166666666666664,0.18346656506451384,92.58373402497301,28.32209496889418,0.000173796496533124,-3.886318211885353
2025-01-01 21:30:00,800013,NORMAL,HS1306571,128,21.333333333333332,0.180622198135456,101.88221259136688,30.141525830206383,0.0008665915116635448,7.795373113263921
2025-01-01 21:40:00,800013,NORMAL,HS1306571,129,21.5,0.17303897326675344,91.01049350822024,29.039571376215537,-0.002035162360857823,0.17694366431227593
2025-01-01 21:50:00,800013,NORMAL,HS1306571,130,21.666666666666664,0.16678010337311563,84.28234066198404,28.363428074949447,-0.003151611851600511,-2.9226847739438995
2025-01-01 22:00:00,800013,NORMAL,HS1306571,131,21.833333333333332,0.1657195697714899,92.16517626292134,25.63965309417322,0.0011543059496021135,8.758579195770466
2025-01-01 22:10:00,800013,NORMAL,HS1306571,132,22.0,0.1621168665311722,90.53241975794485,24.510174611266766,0.0029837758033745,10.893998879243625
2025-01-01 22:20:00,800013,NORMAL,HS1306571,133,22.166666666666664,0.1661889948315254,80.88525626347973,24.755860537478135,0.012203834555231025,4.697915172806503
2025-01-01 22:30:00,800013,NORMAL,HS1306571,134,22.333333333333332,0.15229483486344253,68.76140748610305,25.22177758061523,0.0020281840567924203,-4.863424290184412
2025-01-01 22:40:00,800013,NORMAL,HS1306571,135,22.5,0.14823518249673684,73.77121260572869,24.938352252215644,0.00044088417544269065,1.9052773326697263
2025-01-01 22:50:00,800013,NORMAL,HS1306571,136,22.666666666666664,0.14947897740613997,75.98029396220612,23.950415101442573,0.0034131446370752605,5.364954200017266
2025-01-01 23:00:00,800013,NORMAL,HS1306571,137,22.833333333333332,0.14184008133484297,71.31946267199575,23.823859010929453,-0.0029469657442917074,1.6430335196325956
2025-01-01 23:10:00,800013,NORMAL,HS1306571,138,23.0,0.14040104291829453,71.22394354252856,23.739809929833235,-0.0031656576174188544,2.4017991533374925
2025-01-01 23:20:00,800013,NORMAL,HS1306571,139,23.166666666666664,0.1463330291913058,65.67637983246846,24.17432481395799,0.003773707478320454,-2.5037053241931204
2025-01-01 23:30:00,800013,NORMAL,HS1306571,140,23.333333333333332,0.12080506763934915,64.63802614333052,24.894663323453628,-0.02170820288735731,-3.4606055694702036
2025-01-01 23:40:00,800013,NORMAL,HS1306571,141,23.5,0.12834806507040128,63.12179635609927,25.670795579964626,-0.015027176035387751,-5.46137742213476
2025-01-01 23:50:00,800013,NORMAL,HS1306571,142,23.666666666666664,0.13633763999473475,64.78413899710866,24.844361819486913,-0.00848710231431421,-4.672579847433781
2025-01-02 00:00:00,800013,NORMAL,HS1306571,143,23.833333333333332,0.13607259641365396,59.82872480183678,23.119162005060375,-0.010494984267343604,-10.70762178812732
2025-01-02 00:10:00,800013,NORMAL,HS1306571,144,24.0,0.13874515962327602,56.98693768134158,22.383127858534323,-0.009761090949976375,-14.840505155268552
2025-01-02 00:20:00,800013,NORMAL,HS1306571,145,24.166666666666664,0.13788715989239517,66.60468014929589,24.07110977730552,-0.01160691560593241,-6.097151127479918
2025-01-02 00:30:00,800013,NORMAL,HS1306571,146,24.333333333333332,0.1540026341138169,71.76248265565486,22.536337344289624,0.005057946265219521,-0.9242758150013941
2025-01-02 00:40:00,800013,NORMAL,HS1306571,147,24.5,0.15886561632118396,70.57761863708646,21.42915112936207,0.01149337589888072,-1.435395726340289
2025-01-02 00:50:00,800013,NORMAL,HS1306571,148,24.666666666666664,0.15499745826142367,67.63929135170628,20.467260590889076,0.009729705666925742,-3.347213699863019
2025-01-02 01:00:00,800013,NORMAL,HS1306571,149,24.833333333333332,0.1437953146105051,70.55021710963683,21.163710185710713,0.0008927356778343498,0.7539168079656093
2025-01-02 01:10:00,800013,NORMAL,HS1306571,150,25.0,0.13547528877121173,71.91769469594576,21.037702083784463,-0.0040205411647065425,4.069252654589519
2025-01-02 01:20:00,800013,NORMAL,HS1306571,151,25.166666666666664,0.14275565801423637,67.36095203912004,20.946469632880795,0.0072476813060896594,2.1999788873318664
2025-01-02 01:30:00,800013,NORMAL,HS1306571,152,25.333333333333332,0.11491442163843944,63.236714583181254,20.66447855737319,-0.016541479241970566,0.9028320778037155
2025-01-02 01:40:00,800013,NORMAL,HS1306571,153,25.5,0.11623385458250218,59.01297658195203,20.435509117910854,-0.010935913497014171,-0.35842140329718575
2025-01-02 01:50:00,800013,NORMAL,HS1306571,154,25.666666666666664,0.12019336095605608,54.14512421295236,19.373865538742148,-0.0024426152151417607,-2.12836984147183
2025-01-02 02:00:00,800013,NORMAL,HS1306571,155,25.833333333333332,0.12085704026860178,52.22879337225393,19.525948240123597,0.002800294995802144,-0.9158744876182396
2025-01-02 02:10:00,800013,NORMAL,HS1306571,156,26.0,0.12175895207524486,48.625704197922595,18.351244120541082,0.006997428323578511,-2.000391528167974
2025-01-02 02:20:00,800013,NORMAL,HS1306571,157,26.166666666666664,0.09652573931146369,44.96640177655323,17.39499575514215,-0.01685769749513194,-4.2271164167628115
2025-01-02 02:30:00,800013,NORMAL,HS1306571,158,26.333333333333332,0.1074577730091297,45.7923529012786,17.186396915920522,-0.006210860344426125,-2.895350227498625
2025-01-02 02:40:00,800013,NORMAL,HS1306571,159,26.5,0.11414627141515922,46.41682870408972,17.382260072596466,-0.0011969150744848,-2.5517320711616662
2025-01-02 02:50:00,800013,NORMAL,HS1306571,160,26.666666666666664,0.121313623142516,50.16176324165959,18.385314312529598,0.003393978458847327,0.3577931468242568
2025-01-02 03:00:00,800013,NORMAL,HS1306571,161,26.833333333333332,0.12066201162274967,51.86613352061866,18.792900170049478,-0.00032486544997986644,0.8911409011662101
2025-01-02 03:10:00,800013,NORMAL,HS1306571,162,27.0,0.11914800004267602,48.18577263335826,17.659033580810934,-0.005250765976551039,-4.214988361363076
2025-01-02 03:20:00,800013,NORMAL,HS1306571,163,27.166666666666664,0.13585250103477658,50.1920802161172,17.976117370177302,0.007647843871860238,-3.8660905848277736
2025-01-02 03:30:00,800013,NORMAL,HS1306571,164,27.333333333333332,0.12850076065225113,57.695736912253736,17.683413510749098,-0.0026895425301729503,2.3187847100305206
2025-01-02 03:40:00,800013,NORMAL,HS1306571,165,27.5,0.13887257706070189,59.736274348990975,18.27267078893582,0.005811377245645816,3.649507593207744
2025-01-02 03:50:00,800013,NORMAL,HS1306571,166,27.666666666666664,0.14202679452018654,60.30805416060135,19.03349482049413,0.007723224412777813,3.9416341551871312
2025-01-02 04:00:00,800013,NORMAL,HS1306571,167,27.833333333333332,0.1340281122904356,56.40178086769196,19.061523640864145,-0.001306062433946098,-0.050569914573827646
2025-01-02 04:10:00,800013,NORMAL,HS1306571,168,28.0,0.12709325286386916,60.57069215050651,19.35400283465575,-0.009029016606084433,3.6995558847357017
2025-01-02 04:20:00,800013,NORMAL,HS1306571,169,28.166666666666664,0.12098153656914142,61.32256905811168,18.641788216388623,-0.0151836559905386,3.8185829475954804
2025-01-02 04:30:00,800013,NORMAL,HS1306571,170,28.333333333333332,0.11869440753710124,59.70344708910572,19.10904126645133,-0.018600726571741513,0.920660360898033
2025-01-02 04:40:00,800013,NORMAL,HS1306571,171,28.5,0.13116466739363747,55.05799786762639,18.42620781342213,-0.00892065758460489,-5.935817554469992
2025-01-02 04:50:00,800013,NORMAL,HS1306571,172,28.666666666666664,0.13928593855860152,59.76469707750171,19.059510317681664,-0.004671507866049973,-4.1351183670068465
2025-01-02 05:00:00,800013,NORMAL,HS1306571,173,28.833333333333332,0.14574851098070218,67.93420579937607,20.686001911546732,-0.0024514378063338615,0.8320764888384531
2025-01-02 05:10:00,800013,NORMAL,HS1306571,174,29.0,0.16008606929759614,69.37964229946107,21.25307406215233,0.007056159609293539,-1.1213151203913014
2025-01-02 05:20:00,800013,NORMAL,HS1306571,175,29.166666666666664,0.16554727362078095,75.74528735768871,19.700824901129224,0.006269192655193073,1.0873477191141632
2025-01-02 05:30:00,800013,NORMAL,HS1306571,176,29.333333333333332,0.18120836786582697,77.8417467609958,20.907372855916844,0.015005734102554041,-1.5138431776902763
2025-01-02 05:40:00,800013,NORMAL,HS1306571,177,29.5,0.18429379848337285,73.14151516474323,21.075724383795926,0.011162990637183179,-11.030379883987521
2025-01-02 05:50:00,800013,NORMAL,HS1306571,178,29.666666666666664,0.18238991502748722,84.99920515466086,22.585684697277163,0.0024539487775435687,-3.9934967454762784
2025-01-02 06:00:00,800013,NORMAL,HS1306571,179,29.833333333333332,0.19362902439364982,90.58247689969582,23.0919665439153,0.007162567106818202,-3.0980569478656435
2025-01-02 06:10:00,800013,NORMAL,HS1306571,180,30.0,0.18407162152025072,91.65007266577015,23.270582468118803,-0.007727732797922993,-6.249198149924851
2025-01-02 06:20:00,800013,NORMAL,HS1306571,181,30.166666666666664,0.17742132397819077,103.70570391062896,25.138244333765776,-0.017318314199326085,2.855624863610302
2025-01-02 06:30:00,800013,NORMAL,HS1306571,182,30.333333333333332,0.17849964717406147,106.40268006666952,24.865952839125274,-0.01760836000453972,3.7273415864340933
2025-01-02 06:40:00,800013,NORMAL,HS1306571,183,30.5,0.18867665587610305,110.80042871606271,25.76296509444558,-0.008391259216524144,6.71022913107528
2025-01-02 06:50:00,800013,NORMAL,HS1306571,184,30.666666666666664,0.1934552565060113,110.28500349257646,27.89278685506045,-0.004675734345730487,4.78691191677045
2025-01-02 07:00:00,800013,NORMAL,HS1306571,185,30.833333333333332,0.20831736231115083,110.03773570623748,30.440686430114603,0.008951946848176962,3.039881074774044
2025-01-02 07:10:00,800013,NORMAL,HS1306571,186,31.0,0.1953153946772804,115.7193217807074,30.4716691624542,-0.00627127490203816,6.791021081380066
2025-01-02 07:20:00,800013,NORMAL,HS1306571,187,31.166666666666664,0.21216124607802347,115.20778178848873,29.46613599943364,0.0071901096782832075,3.727205443716926
2025-01-02 07:30:00,800013,NORMAL,HS1306571,188,31.333333333333332,0.22950020959883277,124.49547191219537,31.10882215567618,0.020496364601583716,9.992989029680402
2025-01-02 07:40:00,800013,NORMAL,HS1306571,189,31.5,0.210768796842325,126.03035545214526,29.408496501298718,-0.0024061766101536597,8.348899729575763
2025-01-02 07:50:00,800013,NORMAL,HS1306571,190,31.666666666666664,0.2213957834001798,128.87762253416125,30.30087234067527,0.0041022704902318186,8.018726395187826
2025-01-02 08:00:00,800013,NORMAL,HS1306571,191,31.833333333333332,0.23061864125593884,127.43655346835152,31.88489807355036,0.009341704773158738,3.4743116743500053
2025-01-02 08:10:00,800013,NORMAL,HS1306571,192,32.0,0.2182105821171594,128.77017804250806,31.180073451771605,-0.005757536521909384,2.603849388895668
2025-01-02 08:20:00,800013,NORMAL,HS1306571,193,32.166666666666664,0.22276577185278731,119.42147724290089,31.706079343968938,-0.002226505749294949,-7.621044728630565
2025-01-02 08:30:00,800013,NORMAL,HS1306571,194,32.33333333333333,0.20434608642512025,121.28303982883021,32.1579566468784,-0.020307796057595418,-5.603278184122971
2025-01-02 08:40:00,800013,NORMAL,HS1306571,195,32.5,0.2109065466205436,119.56978639255577,32.4430208261345,-0.012714669115225369,-6.609666511355599
2025-01-02 08:50:00,800013,NORMAL,HS1306571,196,32.666666666666664,0.21580371941631857,129.23967833467864,34.03981975645275,-0.0064759295964817165,4.010839158337902
2025-01-02 09:00:00,800013,NORMAL,HS1306571,197,32.83333333333333,0.2210507518147972,120.10123320170644,34.97241387018404,0.00032078254882353385,-4.029525391814843
2025-01-02 09:10:00,800013,NORMAL,HS1306571,198,33.0,0.22696017010666386,121.28646173438301,33.75830211437002,0.0067216961781561835,-2.207545655140578
2025-01-02 09:20:00,800013,NORMAL,HS1306571,199,33.166666666666664,0.22469872362173557,116.0385186408891,32.831596689184465,0.0027412199188615594,-8.128549407512693
2025-01-02 09:30:00,800013,NORMAL,HS1306571,200,33.33333333333333,0.21900651818919528,126.75937524491569,35.32090293479137,-0.006044301329261009,0.9064862023403037
2025-01-02 09:40:00,800013,NORMAL,HS1306571,201,33.5,0.2111386688138896,134.95939854329436,36.169515260040505,-0.017482339037914435,7.007208388829312
2025-01-02 09:50:00,800013,NORMAL,HS1306571,202,33.666666666666664,0.24206379297148395,137.46114539737263,38.16435432024752,0.009695519964686428,7.23378559475276
2025-01-02 10:00:00,800013,NORMAL,HS1306571,203,33.83333333333333,0.26664180613991095,139.55020340872682,36.87713776621669,0.030543896082572408,7.020740271304447
2025-01-02 10:10:00,800013,NORMAL,HS1306571,204,34.0,0.2567578446864459,127.68775482108845,34.7490122735562,0.017877534114725896,-6.628468728300334
2025-01-02 10:20:00,800013,NORMAL,HS1306571,205,34.166666666666664,0.23898151339771564,124.20068945445905,35.865123325133816,-0.00013063561665210832,-10.167332405515197
2025-01-02 10:30:00,800013,NORMAL,HS1306571,206,34.33333333333333,0.2418448414632552,140.21525535196187,35.06938387295123,0.004423227860576362,7.293842830555576
2025-01-02 10:40:00,800013,NORMAL,HS1306571,207,34.5,0.19476191708025467,128.1123828245874,34.91718480076256,-0.04023573956376722,-2.718131333986207
2025-01-02 10:50:00,800013,NORMAL,HS1306571,208,34.666666666666664,0.22764965623107822,125.22494365399766,33.96078082744733,-0.0047147893814154795,-3.312314301289007
2025-01-02 11:00:00,800013,NORMAL,HS1306571,209,34.83333333333333,0.2342727923507629,122.34317932941627,33.18903833285506,0.004626001678443958,-3.8209794080405146
2025-01-02 11:10:00,800013,NORMAL,HS1306571,210,35.0,0.23725595248911835,124.11512350778975,33.37925819735669,0.010508914805041625,0.2525355627089425
2025-01-02 11:20:00,800013,NORMAL,HS1306571,211,35.166666666666664,0.21036103918918145,118.70033329151167,34.52050193187077,-0.013576809784011296,-3.25576501845444
2025-01-02 11:30:00,800013,NORMAL,HS1306571,212,35.33333333333333,0.2264199127148099,130.37407029313644,35.64086222922893,0.004971561688819015,9.971768648946039
2025-01-02 11:40:00,800013,NORMAL,HS1306571,213,35.5,0.21600087916572874,133.61408603568412,34.807786474870376,-0.0029480400082253777,14.714160087787718
2025-01-02 11:50:00,800013,NORMAL,HS1306571,214,35.666666666666664,0.21431655602477231,139.73506202599552,30.034434489193078,-0.002051569524060659,22.40637808235995
2025-01-02 12:00:00,800013,NORMAL,HS1306571,215,35.83333333333333,0.20411345209036016,127.42132573503088,28.822034705094286,-0.009620863197326662,11.721120545110395
2025-01-02 12:10:00,800013,NORMAL,HS1306571,216,36.0,0.20716120548962996,115.82233526689454,33.005835907353166,-0.0038610269832593525,1.979977895429684
2025-01-02 12:20:00,800013,NORMAL,HS1306571,217,36.166666666666664,0.2083671338871908,109.79663801891442,34.19754295723407,-0.0006464924879960865,-2.3425471926386905
2025-01-02 12:30:00,800013,NORMAL,HS1306571,218,36.33333333333333,0.1966646230750951,109.2964559559523,34.107956477005416,-0.01121903040217928,-1.8088871935157584
2025-01-02 12:40:00,800013,NORMAL,HS1306571,219,36.5,0.198033836776679,104.07704134968598,32.766868046741685,-0.009348940478134227,-6.5055360007098955
2025-01-02 12:50:00,800013,NORMAL,HS1306571,220,36.666666666666664,0.20328457795864818,108.26534068448444,32.90660570026251,-0.0040267832133780435,-2.138545156285872
2025-01-02 13:00:00,800013,NORMAL,HS1306571,221,36.83333333333333,0.20980123074953494,110.15697665449818,34.79889643120413,0.0022827848377051096,-0.2901528616801272
2025-01-02 13:10:00,800013,NORMAL,HS1306571,222,37.0,0.2178648077813774,114.00732592596485,35.51774759932743,0.009398257370870855,3.0390767606196505
2025-01-02 13:20:00,800013,NORMAL,HS1306571,223,37.166666666666664,0.2078791145733605,111.17858657194391,35.882381631571626,-0.0021588171088264274,-0.736420214426218
2025-01-02 13:30:00,800013,NORMAL,HS1306571,224,37.33333333333333,0.22063155443575488,116.01346273176857,33.129775245858475,0.00885865059797622,3.056484770711478
2025-01-02 13:40:00,800013,NORMAL,HS1306571,225,37.5,0.22523478818014778,119.12157161255419,34.6081172204131,0.011593769467761611,5.050254379879405
2025-01-02 13:50:00,800013,NORMAL,HS1306571,226,37.666666666666664,0.24034054747362313,137.1590401308821,33.30575337488557,0.024696359355449726,21.885652616578938
2025-01-02 14:00:00,800013,NORMAL,HS1306571,227,37.83333333333333,0.23901615985780378,121.72004692690481,34.56862484200894,0.02124673756080711,5.1563071522817125
2025-01-02 14:10:00,800013,NORMAL,HS1306571,228,38.0,0.2414077863406767,128.18534935269423,33.72275042064677,0.021322939150534986,9.794639296575383
2025-01-02 14:20:00,800013,NORMAL,HS1306571,229,38.166666666666664,0.22654408769086595,117.63167811051153,33.25775399676396,0.004356915556557289,-3.099824353021006
2025-01-02 14:30:00,800013,NORMAL,HS1306571,230,38.33333333333333,0.2246529227625879,120.81066085473341,32.33035712634533,0.0002468608783564308,-2.4755766463611337
2025-01-02 14:40:00,800013,NORMAL,HS1306571,231,38.5,0.22830285589494634,124.88397028995404,33.3684115565101,0.001645041432135036,-1.034572213373849
2025-01-02 14:50:00,800013,NORMAL,HS1306571,232,38.666666666666664,0.22823267681461074,135.85918439045818,33.30048224828399,-0.0005781500681169283,7.362257535856571
2025-01-02 15:00:00,800013,NORMAL,HS1306571,233,38.83333333333333,0.23185624129496304,133.47965308652877,32.29801778229227,0.0009937266918764454,2.4835148848510187
2025-01-02 15:10:00,800013,NORMAL,HS1306571,234,39.0,0.2148110127077925,128.26769882593314,29.837817290777384,-0.017834788253534656,-4.779946946751721
2025-01-02 15:20:00,800013,NORMAL,HS1306571,235,39.166666666666664,0.22834479452746592,134.27603821006514,32.45246781226056,-0.006985619840842783,-1.0683981455603941
2025-01-02 15:30:00,800013,NORMAL,HS1306571,236,39.33333333333333,0.21569606831958035,132.60243159353814,32.42511503501289,-0.023126044467443985,-5.599301657257229
2025-01-02 15:40:00,800013,NORMAL,HS1306571,237,39.5,0.23454932654744087,133.2034634028087,32.132588831073555,-0.008245691377723213,-8.238480374991383
2025-01-02 15:50:00,800013,NORMAL,HS1306571,238,39.666666666666664,0.23363246853232716,142.15304700955542,32.140247339930745,-0.013375211984606894,-2.737195958980834
2025-01-02 16:00:00,800013,NORMAL,HS1306571,239,39.83333333333333,0.24078588002561263,153.38358150127823,34.394816787331635,-0.010570511083474343,4.913596768557767
2025-01-02 16:10:00,800013,NORMAL,HS1306571,240,40.0,0.24189956841878082,147.20095037761973,35.298066539523624,-0.014427659081328731,-5.000952479820143
2025-01-02 16:20:00,800013,NORMAL,HS1306571,241,40.166666666666664,0.2720149431087084,148.0126199212287,37.7541927895395,0.011275838119511161,-7.285427561263134
2025-01-02 16:30:00,800013,NORMAL,HS1306571,242,40.33333333333333,0.28491492312827815,161.71200339846382,36.712605908292396,0.021253737860355504,4.446533228737792
2025-01-02 16:40:00,800013,NORMAL,HS1306571,243,40.5,0.26696613930026614,154.87208350815888,40.10930567302682,0.0014113146297290435,-3.5351155889723316
2025-01-02 16:50:00,800013,NORMAL,HS1306571,244,40.666666666666664,0.2532087260681519,164.79257472749728,39.75395670395689,-0.013710149639718838,5.689074181988985
2025-01-02 17:00:00,800013,NORMAL,HS1306571,245,40.83333333333333,0.25205840698628096,155.3163014022561,40.64261128482096,-0.01593869776275003,-4.24300362741576
2025-01-02 17:10:00,800013,NORMAL,HS1306571,246,41.0,0.25983941437190194,152.0591304671119,40.33564236919463,-0.00792393429372601,-7.216477248138261
2025-01-02 17:20:00,800013,NORMAL,HS1306571,247,41.166666666666664,0.2517876801586289,150.2934215182159,38.60177405115586,-0.013936889736828106,-7.475313093429861
2025-01-02 17:30:00,800013,NORMAL,HS1306571,248,41.33333333333333,0.24966402769881205,152.47187527439746,40.72802919544979,-0.013359748935195342,-3.181951137594467
2025-01-02 17:40:00,800013,NORMAL,HS1306571,249,41.5,0.24523964337766116,151.47656444300588,41.50397407842216,-0.014829139742019465,-1.8226259655230876
2025-01-02 17:50:00,800013,NORMAL,HS1306571,250,41.666666666666664,0.22679684633301395,157.04946390142652,39.06938302501516,-0.030089611320824994,6.280212879174741
2025-01-02 18:00:00,800013,NORMAL,HS1306571,251,41.83333333333333,0.2486909614893294,155.13182686520764,37.46029619230607,-0.004830105748958202,7.021927321884277
2025-01-02 18:10:00,800013,NORMAL,HS1306571,252,42.0,0.26032597310102007,160.11626649328156,36.44150524643621,0.01054449283112252,15.077774752930623
2025-01-02 18:20:00,800013,NORMAL,HS1306571,253,42.166666666666664,0.2569972030899217,149.34170387082023,34.81434018170315,0.010786577988821877,7.523624038172244
2025-01-02 18:30:00,800013,NORMAL,HS1306571,254,42.33333333333333,0.24136340510801746,137.66254049002944,35.08521371264925,-0.001579346483218752,-1.171355053669572
2025-01-02 18:40:00,800013,NORMAL,HS1306571,255,42.5,0.23772195481200034,123.16251082589497,34.45186230541349,-0.0019552793313702965,-12.725308894660515
2025-01-02 18:50:00,800013,NORMAL,HS1306571,256,42.666666666666664,0.23341572472274186,134.28190963664463,32.80189545905583,-0.0029229578338310913,1.3798599266401368
2025-01-02 19:00:00,800013,NORMAL,HS1306571,257,42.83333333333333,0.2457049895037034,128.44450308529323,35.21427922350922,0.012770641364492408,-1.4303545396286097
2025-01-02 19:10:00,800013,NORMAL,HS1306571,258,43.0,0.21087347286010452,126.77539812523305,34.10604569618379,-0.01936515651521592,-0.6913445142795069
2025-01-02 19:20:00,800013,NORMAL,HS1306571,259,43.166666666666664,0.21047384597463822,126.17291891600276,31.962194556526455,-0.017267064470888577,0.6350814353426415
2025-01-02 19:30:00,800013,NORMAL,HS1306571,260,43.33333333333333,0.20303597021173067,124.46447597360654,31.25837075160873,-0.02211984846871798,0.9049036888260247
2025-01-02 19:40:00,800013,NORMAL,HS1306571,261,43.5,0.20393749074061354,124.28450052698108,31.736256916682123,-0.018867068120352132,2.558683349734153
2025-01-02 19:50:00,800013,NORMAL,HS1306571,262,43.666666666666664,0.218332456499501,113.0408116723681,32.82085755054639,-0.002348431652171107,-7.024986075145023
2025-01-02 20:00:00,800013,NORMAL,HS1306571,263,43.83333333333333,0.23228038925380573,110.13960544564515,31.551789216723595,0.013550369921509098,-8.39603324594681
2025-01-02 20:10:00,800013,NORMAL,HS1306571,264,44.0,0.21630915079871438,110.65194602554372,31.167656426809764,-0.00039185733704702463,-6.3834055190449845
2025-01-02 20:20:00,800013,NORMAL,HS1306571,265,44.166666666666664,0.22025479322549565,104.23700948464567,29.710652358402665,0.0054935517820934865,-11.41839980302342
2025-01-02 20:30:00,800013,NORMAL,HS1306571,266,44.33333333333333,0.21544973634989553,111.71864779591107,31.484283531316546,0.0025741913802829475,-2.682825594769483
2025-01-02 20:40:00,800013,NORMAL,HS1306571,267,44.5,0.1952128525048648,108.98055375296936,29.49130554614031,-0.01552615371656721,-4.051189586284366
2025-01-02 20:50:00,800013,NORMAL,HS1306571,268,44.666666666666664,0.22793617832378743,105.92102585235543,27.96133587543664,0.019544109741628707,-5.610025407931261
2025-01-02 21:00:00,800013,NORMAL,HS1306571,269,44.83333333333333,0.21613058054230339,103.79961228251298,26.28965548627855,0.010198894148355953,-6.154986095608322
2025-01-02 21:10:00,800013,NORMAL,HS1306571,270,45.0,0.21128183161094963,109.46415636734797,27.06211417104587,0.008005637292939044,1.3192006385112336
2025-01-02 21:20:00,800013,NORMAL,HS1306571,271,45.166666666666664,0.21095673498518303,111.96135365497265,27.47251962772007,0.010242480328034737,5.734168047837869
2025-01-02 21:30:00,800013,NORMAL,HS1306571,272,45.33333333333333,0.19759886312936178,100.88545380049744,25.488357436119525,-0.0003310626493216451,-3.2408771360583586
2025-01-02 21:40:00,800013,NORMAL,HS1306571,273,45.5,0.18255282962836214,94.63556415782537,25.799937255123584,-0.012561045574205537,-7.343740503697049
2025-01-02 21:50:00,800013,NORMAL,HS1306571,274,45.666666666666664,0.1812103533794807,98.55089671411335,27.231212841833717,-0.011157148532920408,-1.3297764323975798
2025-01-02 22:00:00,800013,NORMAL,HS1306571,275,45.83333333333333,0.19258238378459136,93.10317613616304,27.834927968164997,0.0029448653432464778,-4.701097133776216
2025-01-02 22:10:00,800013,NORMAL,HS1306571,276,46.0,0.1877554669579739,98.34615962221348,28.452005591283385,0.0009641944042265149,2.617733904758339
2025-01-02 22:20:00,800013,NORMAL,HS1306571,277,46.166666666666664,0.18062990788611658,89.75096562534033,27.732457569828888,-0.0023747430168861716,-3.454473428724043
2025-01-02 22:30:00,800013,NORMAL,HS1306571,278,46.33333333333333,0.18532161082946935,84.31968329063544,25.529493538629108,0.006913494027204731,-5.840937949393705
2025-01-02 22:40:00,800013,NORMAL,HS1306571,279,46.5,0.18723878420134504,85.56530214639004,25.744430117836373,0.013977522817007287,-1.2026492467469865
2025-01-02 22:50:00,800013,NORMAL,HS1306571,280,46.666666666666664,0.19464584818930772,80.36432975353843,24.864128484368504,0.027009515538342577,-2.7316927048284043
2025-01-02 23:00:00,800013,NORMAL,HS1306571,281,46.83333333333333,0.16818519604174906,75.38938381066947,23.571290657682265,0.006464985114756044,-3.9414236063761052
2025-01-02 23:10:00,800013,NORMAL,HS1306571,282,47.0,0.14359864501133796,70.91595655899869,25.56598381218054,-0.011606617611472803,-4.281079746564089
2025-01-02 23:20:00,800013,NORMAL,HS1306571,283,47.166666666666664,0.1384158075317048,70.71266679849744,24.00878006151855,-0.010439610586462061,-0.1583118239542074
2025-01-02 23:30:00,800013,NORMAL,HS1306571,284,47.33333333333333,0.13403353089388492,70.65755570292451,21.834577643018974,-0.009099817752857925,3.78418600426744
2025-01-02 23:40:00,800013,NORMAL,HS1306571,285,47.5,0.137717896131856,66.8687575395849,21.51974210509394,-0.0003840084045247383,3.5767359724054018
2025-01-02 23:50:00,800013,NORMAL,HS1306571,286,47.666666666666664,0.14285093900173018,66.0113244160371,21.72903089382338,0.009151291156148128,5.918447174915094
2025-01-01 00:10:00,800014,NORMAL,HS1306571,0,0.0,0.02422104026713784,4.3403118343727805,19.851795635931428,-0.001366437931642702,-0.1433787042055572
2025-01-01 00:20:00,800014,NORMAL,HS1306571,1,0.16666666666666666,0.0586423796605613,18.49622881143694,19.271830348884716,0.000181509656816424,1.5108482232088782
2025-01-01 00:30:00,800014,NORMAL,HS1306571,2,0.3333333333333333,0.11359081521660083,39.27547220723123,19.598247082655515,0.006860106395487925,-0.6349619075002764
2025-01-01 00:40:00,800014,NORMAL,HS1306571,3,0.5,0.12896226062126132,65.68222114648852,20.943973638598667,-0.009044337681551967,5.389318967437532
2025-01-01 00:50:00,800014,NORMAL,HS1306571,4,0.6666666666666666,0.13931868286229607,78.80916086751506,20.127830734347782,-0.0084816307634345,9.57921050071694
2025-01-01 01:00:00,800014,NORMAL,HS1306571,5,0.8333333333333333,0.14411967359782715,78.4618619172048,19.053407067100967,-0.004795005121987883,7.290843898442418
2025-01-01 01:10:00,800014,NORMAL,HS1306571,6,1.0,0.14810006240706516,70.77668109755103,20.048957804753456,0.0005279700322571579,0.32155211129651207
2025-01-01 01:20:00,800014,NORMAL,HS1306571,7,1.1666666666666665,0.15105833608084526,68.05211076226904,19.911522015526074,0.007715142778494138,0.5056758064301761
2025-01-01 01:30:00,800014,NORMAL,HS1306571,8,1.3333333333333333,0.14538319312927073,63.700872716708986,19.304686026033945,0.007301722003658778,0.13109369365213297
2025-01-01 01:40:00,800014,NORMAL,HS1306571,9,1.5,0.14473530214923866,62.613473872129184,18.878176447647032,0.011012107195874893,2.7752767572079193
2025-01-01 01:50:00,800014,NORMAL,HS1306571,10,1.6666666666666665,0.1367390293376743,58.90471810307394,19.04182279906237,0.006348744567929915,2.1950226355483338
2025-01-01 02:00:00,800014,NORMAL,HS1306571,11,1.8333333333333333,0.1401834498433117,55.081974537702756,18.331464716894864,0.012541731067557904,1.0460172795492682
2025-01-01 02:10:00,800014,NORMAL,HS1306571,12,2.0,0.14697958825602286,57.63235050233981,18.34147803336764,0.019632590324617893,4.5797610784695095
2025-01-01 02:20:00,800014,NORMAL,HS1306571,13,2.1666666666666665,0.12966464289990862,57.66398923691332,17.45685546096859,-0.0006467796844255858,2.8930265721250805
2025-01-01 02:30:00,800014,NORMAL,HS1306571,14,2.333333333333333,0.13011333923214458,62.24449805051635,18.470125241929562,-0.0050094830608884144,4.100691884488086
2025-01-01 02:40:00,800014,NORMAL,HS1306571,15,2.5,0.12764099209691687,63.277616279672955,19.00660931343385,-0.012469488501971937,1.2584512466503384
2025-01-01 02:50:00,800014,NORMAL,HS1306571,16,2.6666666666666665,0.14164496847892524,68.1535316127356,19.338294750726,-0.0028090990666801707,2.473072157174954
2025-01-01 03:00:00,800014,NORMAL,HS1306571,17,2.833333333333333,0.15680005549965947,66.95081506889706,18.903661235039852,0.008591514731044997,-2.0531468234688077
2025-01-01 03:10:00,800014,NORMAL,HS1306571,18,3.0,0.16167225077688205,77.02184508140343,17.84680831486538,0.013062306654430311,6.570981690285365
2025-01-01 03:20:00,800014,NORMAL,HS1306571,19,3.1666666666666665,0.16413857982899188,75.90067724971702,19.476483584647678,0.01833168113306108,6.520457436450073
2025-01-01 03:30:00,800014,NORMAL,HS1306571,20,3.333333333333333,0.14978889255326272,71.15496102239916,20.586719110182205,0.007331457910754791,3.5614171604879914
2025-01-01 03:40:00,800014,NORMAL,HS1306571,21,3.5,0.15753244613419734,68.2669177815427,20.03972046829463,0.018247878225971653,2.4582403748126325
2025-01-01 03:50:00,800014,NORMAL,HS1306571,22,3.6666666666666665,0.13333888001901448,67.27884729033791,19.001909651052674,-0.003092471929700441,3.0697062425707173
2025-01-01 04:00:00,800014,NORMAL,HS1306571,23,3.833333333333333,0.13426684112636025,58.33478000225416,18.40302729259368,0.0005429231166333426,-4.384080505132083
2025-01-01 04:10:00,800014,NORMAL,HS1306571,24,4.0,0.14348513440167973,59.52302920665238,18.894412304866613,0.010306999230757424,-2.713646610401078
2025-01-01 04:20:00,800014,NORMAL,HS1306571,25,4.166666666666666,0.1337500173205708,68.24443450613374,19.478957717917393,-0.001640980388471186,4.644632562216195
2025-01-01 04:30:00,800014,NORMAL,HS1306571,26,4.333333333333333,0.14649528570612674,66.11461970915119,20.11518642470969,0.008034641391913844,0.3398352780376541
2025-01-01 04:40:00,800014,NORMAL,HS1306571,27,4.5,0.15313926726886368,68.20797592419669,19.613015401851207,0.011475972378938604,0.07258151584065331
2025-01-01 04:50:00,800014,NORMAL,HS1306571,28,4.666666666666666,0.14900118384164648,66.68061939427773,19.726997962561036,0.004062296929198073,-3.8688285965051534
2025-01-01 05:00:00,800014,NORMAL,HS1306571,29,4.833333333333333,0.15879790164501187,72.60015701056042,18.885179306708864,0.010484442838686797,-0.4169805017144057
2025-01-01 05:10:00,800014,NORMAL,HS1306571,30,5.0,0.16111697679563428,75.73489887521288,19.619468087986156,0.008762610709302454,0.23095978225769898
2025-01-01 05:20:00,800014,NORMAL,HS1306571,31,5.166666666666666,0.1567376823185656,84.68860253008297,19.177212476368542,-0.0006303457152802006,6.758950464513035
2025-01-01 05:30:00,800014,NORMAL,HS1306571,32,5.333333333333333,0.1432966610612766,80.44416538607317,19.834819933750047,-0.019419221882748694,-0.04585526092911607
2025-01-01 05:40:00,800014,NORMAL,HS1306571,33,5.5,0.1454097832768936,84.03947567799803,20.098938414478287,-0.022800136463887427,0.8267597920317513
2025-01-01 05:50:00,800014,NORMAL,HS1306571,34,5.666666666666666,0.15051485881508134,87.39116558276274,22.085456438850358,-0.02316704817313983,1.3855961185973484
2025-01-01 06:00:00,800014,NORMAL,HS1306571,35,5.833333333333333,0.16513444804054284,94.78751638988894,21.027979163792857,-0.014067648068374156,5.8140497725517974
2025-01-01 06:10:00,800014,NORMAL,HS1306571,36,6.0,0.18327312944293775,94.47214008827379,20.99951342758214,-1.3623153000297261e-05,2.838439804348539
2025-01-01 06:20:00,800014,NORMAL,HS1306571,37,6.166666666666666,0.20196418210066835,102.6206810757179,22.119434795946134,0.016353915868423108,8.929298686126529
2025-01-01 06:30:00,800014,NORMAL,HS1306571,38,6.333333333333333,0.20496298637582971,91.81218957482461,21.565970637276163,0.01713749775149573,-3.8923053765394826
2025-01-01 06:40:00,800014,NORMAL,HS1306571,39,6.5,0.20272745404031486,91.3476896538411,23.82253373327212,0.012877239486918324,-6.277615595555034
2025-01-01 06:50:00,800014,NORMAL,HS1306571,40,6.666666666666666,0.2095377241066382,90.27241734004248,26.716494430317432,0.0180689339872995,-9.032948892696226
2025-01-01 07:00:00,800014,NORMAL,HS1306571,41,6.833333333333333,0.21307997235334575,107.92985255700717,26.237098502579236,0.020364118679306598,7.193919291270433
2025-01-01 07:10:00,800014,NORMAL,HS1306571,42,7.0,0.20059708575502228,113.13522146855954,27.8746983226175,0.006234580474599211,10.999064693675493
2025-01-01 07:20:00,800014,NORMAL,HS1306571,43,7.166666666666666,0.20319261415778614,113.1232881648251,30.120097614260462,0.007305985625838118,9.828228743902258
2025-01-01 07:30:00,800014,NORMAL,HS1306571,44,7.333333333333333,0.22684409873837466,113.70333960618785,27.739587302015998,0.029759538207904224,9.549806787268949
2025-01-01 07:40:00,800014,NORMAL,HS1306571,45,7.5,0.21291674849804088,109.61436474518868,30.46910827010461,0.014026064198702531,4.280685037162783
2025-01-01 07:50:00,800014,NORMAL,HS1306571,46,7.666666666666666,0.20491016659702452,108.50079026656648,31.342788787193104,0.0036112161229775452,1.5821863293347604
2025-01-01 08:00:00,800014,NORMAL,HS1306571,47,7.833333333333333,0.20657854937041684,97.79940395811789,30.074926593917958,0.0026192812956757072,-10.900070920663495
2025-01-01 08:10:00,800014,NORMAL,HS1306571,48,8.0,0.20799614912864606,114.54884974005958,30.222041480577623,0.0021140410024591827,4.408574144451308
2025-01-01 08:20:00,800014,NORMAL,HS1306571,49,8.166666666666666,0.23398607459154877,123.6494154733572,32.663523731452564,0.026948455405186006,12.631905543276474
2025-01-01 08:30:00,800014,NORMAL,HS1306571,50,8.333333333333332,0.23649969811577534,131.3728709659926,32.94795391174005,0.027821275505840626,19.237313380409745
2025-01-01 08:40:00,800014,NORMAL,HS1306571,51,8.5,0.22829559391320348,128.63345588825743,34.02187517127962,0.017482334904950853,15.028382442849704
2025-01-01 08:50:00,800014,NORMAL,HS1306571,52,8.666666666666666,0.2278812609838616,119.77076192781894,34.58921998794789,0.014717927433532396,4.5077778571959755
2025-01-01 09:00:00,800014,NORMAL,HS1306571,53,8.833333333333332,0.23253733416835504,110.74123556115529,35.42360177631655,0.016958178400014567,-6.252217854095676
2025-01-01 09:10:00,800014,NORMAL,HS1306571,54,9.0,0.2095142960889602,114.38257071928074,33.41971331492373,-0.008328750354696463,-4.260729652061187
2025-01-01 09:20:00,800014,NORMAL,HS1306571,55,9.166666666666666,0.21016606230248258,124.92124406345903,35.019519140767244,-0.009044279890455975,5.091029370437852
2025-01-01 09:30:00,800014,NORMAL,HS1306571,56,9.333333333333332,0.2252817776756542,118.98069575596342,36.74670232702418,0.0066136324174453365,-0.7758126034773909
2025-01-01 09:40:00,800014,NORMAL,HS1306571,57,9.5,0.22371621034230885,126.56592950512271,37.02323452828695,0.006975256022674375,7.978723289231823
2025-01-01 09:50:00,800014,NORMAL,HS1306571,58,9.666666666666666,0.2193004576919463,114.11778135923205,37.14003576661914,0.005243405252616212,-2.662816724669497
2025-01-01 10:00:00,800014,NORMAL,HS1306571,59,9.833333333333332,0.23180212348608542,123.98183732064824,39.17085983384277,0.020870233000699012,9.368964259751365
2025-01-01 10:10:00,800014,NORMAL,HS1306571,60,10.0,0.2026784981381914,115.83507435076497,37.152886508638204,-0.005912970433971931,3.1019389138708675
2025-01-01 10:20:00,800014,NORMAL,HS1306571,61,10.166666666666666,0.20649811784973607,113.95125614419293,36.282228516517854,-0.0019725366863206917,1.7821401877924359
2025-01-01 10:30:00,800014,NORMAL,HS1306571,62,10.333333333333332,0.21670920535593638,109.60255554410502,37.17791687161993,0.006564176316176451,-3.3388682150183655
2025-01-01 10:40:00,800014,NORMAL,HS1306571,63,10.5,0.22378803735800917,116.85779130982554,35.03063188796596,0.011164270586911579,2.435819210012937
2025-01-01 10:50:00,800014,NORMAL,HS1306571,64,10.666666666666666,0.22406496690977992,115.33265869894147,38.03759295768215,0.008666835441596688,-0.8574772886817215
2025-01-01 11:00:00,800014,NORMAL,HS1306571,65,10.833333333333332,0.24505390976357863,119.26883477500388,37.75136809386962,0.026648083755037327,1.113659983877568
2025-01-01 11:10:00,800014,NORMAL,HS1306571,66,11.0,0.2252650525403049,134.0215236488839,34.512401491382235,0.0034152814846463986,13.429160048820634
2025-01-01 11:20:00,800014,NORMAL,HS1306571,67,11.166666666666666,0.22319186248599793,121.06753165009306,35.53035964439529,-0.00028649404599009887,-1.0400738206256648
2025-01-01 11:30:00,800014,NORMAL,HS1306571,68,11.333333333333332,0.2016864258439699,127.29713818340447,37.050254580482346,-0.021626641042788913,5.016705712801851
2025-01-01 11:40:00,800014,NORMAL,HS1306571,69,11.5,0.23822679857438026,123.77140128120135,37.278438765879955,0.01580793514427603,1.9362369886044632
2025-01-01 11:50:00,800014,NORMAL,HS1306571,70,11.666666666666666,0.2420558841873976,121.77853623092605,36.74621624424382,0.020897263082717915,0.6694875722408966
2025-01-01 12:00:00,800014,NORMAL,HS1306571,71,11.833333333333332,0.23707051764248413,125.1735670350231,37.34012445128749,0.017338744577414272,4.911946901672934
2025-01-01 12:10:00,800014,NORMAL,HS1306571,72,12.0,0.2225413991041967,117.93955084567543,36.31799295232688,0.005676293815124106,-0.7185878879795524
2025-01-01 12:20:00,800014,NORMAL,HS1306571,73,12.166666666666666,0.21753672073039126,116.13393327876524,36.49481265367411,0.003687885745085967,-0.8470887184379166
2025-01-01 12:30:00,800014,NORMAL,HS1306571,74,12.333333333333332,0.2003884507427666,116.66415238878753,36.67302647003867,-0.011244986628120568,0.8212950532811334
2025-01-01 12:40:00,800014,NORMAL,HS1306571,75,12.5,0.19459614263380456,125.12124652050723,37.103416939364166,-0.015391899000133158,10.029868064985465
2025-01-01 12:50:00,800014,NORMAL,HS1306571,76,12.666666666666666,0.19808967935496322,128.42171508029875,34.429561281684336,-0.010562001907260726,13.888287808945265
2025-01-01 13:00:00,800014,NORMAL,HS1306571,77,12.833333333333332,0.20070617191768558,124.64649842751118,36.41064326641856,-0.006789614519013942,10.570606448842838
2025-01-01 13:10:00,800014,NORMAL,HS1306571,78,13.0,0.19708326773569076,110.23535977894606,35.28125872521949,-0.00990226158046531,-3.3516504158953637
2025-01-01 13:20:00,800014,NORMAL,HS1306571,79,13.166666666666666,0.22976221771160296,111.57981943202753,33.831634161522686,0.02168748970189996,-2.0007993723562407
2025-01-01 13:30:00,800014,NORMAL,HS1306571,80,13.333333333333332,0.21374967400079609,126.17608232180352,34.732278323455795,0.0030921816425373283,11.596788641836781
2025-01-01 13:40:00,800014,NORMAL,HS1306571,81,13.5,0.21492438329025818,126.4542166260619,36.69274640304644,0.0010085548181618942,10.191641412200127
2025-01-01 13:50:00,800014,NORMAL,HS1306571,82,13.666666666666666,0.23953519982354823,127.4372594750088,39.6108323566877,0.022052656021489897,9.192876709484125
2025-01-01 14:00:00,800014,NORMAL,HS1306571,83,13.833333333333332,0.23964713488558756,126.23762658684628,40.99943942779387,0.018262292343533715,5.750954399558708
2025-01-01 14:10:00,800014,NORMAL,HS1306571,84,14.0,0.22251694758095095,130.215241333137,38.97331066222057,-0.0033806103078684313,6.546256090083773
2025-01-01 14:20:00,800014,NORMAL,HS1306571,85,14.166666666666666,0.22740450329048367,140.6834888843877,39.15255580634572,-0.0025827827792404,13.330498984938814
2025-01-01 14:30:00,800014,NORMAL,HS1306571,86,14.333333333333332,0.2350668967890496,132.24355679127004,40.67893568666268,0.001791512972310283,1.6173707029890068
2025-01-01 14:40:00,800014,NORMAL,HS1306571,87,14.5,0.2554871930889793,135.62445073047775,38.09390275079696,0.01940131757622665,2.0640182759376557
2025-01-01 14:50:00,800014,NORMAL,HS1306571,88,14.666666666666666,0.2542858179144562,142.2704235027896,36.46614269206081,0.01571946727663262,6.033239257446979
2025-01-01 15:00:00,800014,NORMAL,HS1306571,89,14.833333333333332,0.23902251587687864,152.67336146094797,35.78199493281353,-0.0018328430458104394,13.899371596591891
2025-01-01 15:10:00,800014,NORMAL,HS1306571,90,15.0,0.24035183678279803,147.37561412692733,36.256107946172676,-0.0025894189616883223,6.475140384284998
2025-01-01 15:20:00,800014,NORMAL,HS1306571,91,15.166666666666666,0.2460277612769997,148.92964335528995,38.30206809213573,0.001012556802453879,6.244603471450148
2025-01-01 15:30:00,800014,NORMAL,HS1306571,92,15.333333333333332,0.24920303058673274,155.25758955506564,37.67301523635503,0.0021869702086708964,10.90727783830232
2025-01-01 15:40:00,800014,NORMAL,HS1306571,93,15.5,0.27974285589276787,154.64367928103934,34.84017476605245,0.03078829507714137,8.689375926248204
2025-01-01 15:50:00,800014,NORMAL,HS1306571,94,15.666666666666666,0.26492421497645746,145.81332919477364,33.51858597214751,0.014044761864519528,-1.7375370526937957
2025-01-01 16:00:00,800014,NORMAL,HS1306571,95,15.833333333333332,0.26491937773969254,149.35339028009128,34.415285331469526,0.012135920720726057,0.21934697940872638
2025-01-01 16:10:00,800014,NORMAL,HS1306571,96,16.0,0.27416807869031173,145.66876505098713,34.37000318253764,0.019245107039321918,-5.033333178428421
2025-01-01 16:20:00,800014,NORMAL,HS1306571,97,16.166666666666664,0.27620058629823907,167.12352964030717,35.515870414243004,0.01928745486908895,15.10214308892364
2025-01-01 16:30:00,800014,NORMAL,HS1306571,98,16.333333333333332,0.2765460723045301,161.00872065760893,35.3534630077466,0.01849706306535115,8.347012865080927
2025-01-01 16:40:00,800014,NORMAL,HS1306571,99,16.5,0.2599125167127744,185.91971080071391,33.988780022938954,0.0011832582084251309,33.031172201539505
2025-01-01 16:50:00,800014,NORMAL,HS1306571,100,16.666666666666664,0.2602176600997995,176.96408156761893,36.07252729073207,0.0009916807298613328,24.028869038631655
2025-01-01 17:00:00,800014,NORMAL,HS1306571,101,16.833333333333332,0.2336874151637819,157.80662375389178,32.862262010320364,-0.025988113684188408,4.883558061389095
2025-01-01 17:10:00,800014,NORMAL,HS1306571,102,17.0,0.2418724627758769,145.27489152672942,33.4737754965119,-0.01704759109161505,-6.819045742269083
2025-01-01 17:20:00,800014,NORMAL,HS1306571,103,17.166666666666664,0.28025088085511385,139.07088584152484,34.34151574389256,0.02424656367220701,-10.515184955798986
2025-01-01 17:30:00,800014,NORMAL,HS1306571,104,17.333333333333332,0.244024497159615,146.83677720782555,33.42158967993839,-0.008008560131333942,0.6370937144874347
2025-01-01 17:40:00,800014,NORMAL,HS1306571,105,17.5,0.24513531684711004,140.82189205583697,34.79896506366257,-0.002435360518158014,-1.593852486762529
2025-01-01 17:50:00,800014,NORMAL,HS1306571,106,17.666666666666664,0.25449111518621004,138.6720817274875,34.58495216817339,0.011724201679223806,0.2896285926923383
2025-01-01 18:00:00,800014,NORMAL,HS1306571,107,17.833333333333332,0.24307722771391366,131.2365943383292,34.855728584853445,0.005429106742715767,-2.9098456518035505
2025-01-01 18:10:00,800014,NORMAL,HS1306571,108,18.0,0.21656370839483513,127.9920927435375,35.39756492840304,-0.016406011645527296,-2.436226910344047
2025-01-01 18:20:00,800014,NORMAL,HS1306571,109,18.166666666666664,0.24362187120710863,115.90863166775934,37.01470069197391,0.014024281252571935,-12.057618574448867
2025-01-01 18:30:00,800014,NORMAL,HS1306571,110,18.333333333333332,0.22989269218861733,115.04785904787305,35.280825957052876,0.0025182308795901054,-11.4184481510882
2025-01-01 18:40:00,800014,NORMAL,HS1306571,111,18.5,0.21106232285684995,104.51916693550746,36.15383169058369,-0.014537177302049675,-20.858262562652442
2025-01-01 18:50:00,800014,NORMAL,HS1306571,112,18.666666666666664,0.22393345467811085,113.58185971049949,34.01405985026596,-5.639392855849579e-05,-10.863729370447658
2025-01-01 19:00:00,800014,NORMAL,HS1306571,113,18.833333333333332,0.2412984098089213,122.09287088700299,35.902290683211156,0.018844495786768445,-1.488093953068315
2025-01-01 19:10:00,800014,NORMAL,HS1306571,114,19.0,0.241234118078425,121.11849744229156,33.40404413183794,0.020216628543171244,-1.6214456889600655
2025-01-01 19:20:00,800014,NORMAL,HS1306571,115,19.166666666666664,0.22367052981717828,121.6110183764754,34.65021746268515,0.004517828908075339,-0.052146900982279476
2025-01-01 19:30:00,800014,NORMAL,HS1306571,116,19.333333333333332,0.22299076398966916,122.66435450610054,34.183356191570745,0.006557268667534033,2.6862814082112862
2025-01-01 19:40:00,800014,NORMAL,HS1306571,117,19.5,0.22520376740133122,119.50127586395459,32.18104676503852,0.01181005835171528,1.483389132169009
2025-01-01 19:50:00,800014,NORMAL,HS1306571,118,19.666666666666664,0.22936818108914628,125.44667051749013,30.79622584307657,0.01911808795244971,9.471120196530208
2025-01-01 20:00:00,800014,NORMAL,HS1306571,119,19.833333333333332,0.22524886727582152,119.78169118779974,30.947267866652048,0.018141107524630995,5.838473899359627
2025-01-01 20:10:00,800014,NORMAL,HS1306571,120,20.0,0.2196059060710321,110.46458507992219,29.356179964051886,0.016681843756707865,-0.7028965023906011
2025-01-01 20:20:00,800014,NORMAL,HS1306571,121,20.166666666666664,0.20516975368635568,101.05387274124935,30.793795818617493,0.006673514525653651,-6.834279518671252
2025-01-01 20:30:00,800014,NORMAL,HS1306571,122,20.333333333333332,0.19916827537200466,112.04852544762232,30.73883321373249,0.003933299325330736,6.714636610119797
2025-01-01 20:40:00,800014,NORMAL,HS1306571,123,20.5,0.19268131664500684,98.4549215573228,28.546981994313846,0.0001610874520189265,-4.783410890602767
2025-01-01 20:50:00,800014,NORMAL,HS1306571,124,20.666666666666664,0.20900714021716438,101.85690669476058,26.410257919663692,0.01913203839263619,0.6059889289557958
2025-01-01 21:00:00,800014,NORMAL,HS1306571,125,20.833333333333332,0.19987776956600603,102.6225491239358,27.642395279134895,0.012747117458417695,3.367859869020066
2025-01-01 21:10:00,800014,NORMAL,HS1306571,126,21.0,0.1870345979146018,96.58948935268364,27.26318357855081,0.0018635623851422645,-1.1851164678716088
2025-01-01 21:20:00,800014,NORMAL,HS1306571,127,21.166666666666664,0.18273916095741854,93.83873131779633,28.21353747567452,-0.0005536076105621679,-2.631320919062034
2025-01-01 21:30:00,800014,NORMAL,HS1306571,128,21.333333333333332,0.1792354717170738,98.21035509594172,27.299475356642716,-0.00052013490671865,4.123515617838763
2025-01-01 21:40:00,800014,NORMAL,HS1306571,129,21.5,0.1950192443515085,99.47410929093941,26.504802453480206,0.019945108723897237,8.64055944703145
2025-01-01 21:50:00,800014,NORMAL,HS1306571,130,21.666666666666664,0.17542755843737615,87.53023252758273,27.75420920159757,0.005495843212660001,0.32520709165478934
2025-01-01 22:00:00,800014,NORMAL,HS1306571,131,21.833333333333332,0.15975258879683274,86.81654416411436,26.443318940844133,-0.004812675025055058,3.409947096963492
2025-01-01 22:10:00,800014,NORMAL,HS1306571,132,22.0,0.16748183155538351,82.99018830482353,27.08237588016939,0.008348740827585827,3.351767426122308
2025-01-01 22:20:00,800014,NORMAL,HS1306571,133,22.166666666666664,0.14723790323614933,84.14881346194174,27.19837561670529,-0.0067472570401450604,7.961472371268513
2025-01-01 22:30:00,800014,NORMAL,HS1306571,134,22.333333333333332,0.15418931493959587,80.18466409806042,28.7184826395845,0.003922664132945758,6.559832321772959
2025-01-01 22:40:00,800014,NORMAL,HS1306571,135,22.5,0.14388500138258062,78.82137337000614,28.913429105462406,-0.00390929693871353,6.9554380969471765
2025-01-01 22:50:00,800014,NORMAL,HS1306571,136,22.666666666666664,0.15114330723220473,77.47198961086191,27.12733749132004,0.005077474463140025,6.856649848673058
2025-01-01 23:00:00,800014,NORMAL,HS1306571,137,22.833333333333332,0.14929774803173776,66.01231099032888,26.360675857652502,0.004510700952603086,-3.6641181620342707
2025-01-01 23:10:00,800014,NORMAL,HS1306571,138,23.0,0.15078511083910923,70.50836161811753,26.922289317197446,0.007218410303395845,1.6862172289264663
2025-01-01 23:20:00,800014,NORMAL,HS1306571,139,23.166666666666664,0.14553300103061925,72.09259714824752,25.77830235362835,0.0029736793176338983,3.9125119915859443
2025-01-01 23:30:00,800014,NORMAL,HS1306571,140,23.333333333333332,0.15668957796944993,63.07715188807492,24.693032539850773,0.01417630744274348,-5.021479824725802
2025-01-01 23:40:00,800014,NORMAL,HS1306571,141,23.5,0.14956156767132175,66.58970074857137,24.326606570579003,0.006186326565532724,-1.9934730296626526
2025-01-01 23:50:00,800014,NORMAL,HS1306571,142,23.666666666666664,0.14817111155192728,68.70146903320247,24.86333303287635,0.0033463692428783165,-0.755249811339965
2025-01-02 00:00:00,800014,NORMAL,HS1306571,143,23.833333333333332,0.14910072019767442,72.2587448904682,24.530937315545632,0.0025331395166768578,1.7223983005040964
2025-01-02 00:10:00,800014,NORMAL,HS1306571,144,24.0,0.13457305251562512,76.1027839280937,23.637240290314445,-0.013933198057627272,4.275341091483568
2025-01-02 00:20:00,800014,NORMAL,HS1306571,145,24.166666666666664,0.14911351519139357,75.15429156622005,23.56330899763516,-0.000380560306934008,2.4524602894442467
2025-01-02 00:30:00,800014,NORMAL,HS1306571,146,24.333333333333332,0.15078015425275657,78.78870230560233,24.4218420430708,0.0018354664041591862,6.10194383494607
2025-01-02 00:40:00,800014,NORMAL,HS1306571,147,24.5,0.1605036872704065,77.19451947243614,23.241340866649335,0.013131446848103273,5.181505109009393
2025-01-02 00:50:00,800014,NORMAL,HS1306571,148,24.666666666666664,0.15442462043325558,73.77336965677296,22.198966423897655,0.00915686783875766,2.786864605203661
2025-01-02 01:00:00,800014,NORMAL,HS1306571,149,24.833333333333332,0.1538956379969448,75.56469451569868,22.994963729260768,0.010993059064274058,5.7683942140274524
2025-01-02 01:10:00,800014,NORMAL,HS1306571,150,25.0,0.14787343736108183,71.74633884130476,21.067159240658558,0.008377607425163552,3.8978967999485263
2025-01-02 01:20:00,800014,NORMAL,HS1306571,151,25.166666666666664,0.1269787006072956,67.02151500680348,21.369679539541114,-0.008529276100851108,1.8605418550153132
2025-01-02 01:30:00,800014,NORMAL,HS1306571,152,25.333333333333332,0.14365240991832434,64.1650788136721,19.96857840609166,0.012196509037914333,1.8311963082945582
2025-01-02 01:40:00,800014,NORMAL,HS1306571,153,25.5,0.1513796937582018,61.241914438983805,19.503000752450554,0.024209925678685434,1.870516453734588
2025-01-02 01:50:00,800014,NORMAL,HS1306571,154,25.666666666666664,0.13088172679392818,53.62331728920251,19.284335418803906,0.008245750622730336,-2.65017676522168
2025-01-02 02:00:00,800014,NORMAL,HS1306571,155,25.833333333333332,0.1315349267614627,58.29810428912694,18.989325089797482,0.01347818148866306,5.153436429254768
2025-01-02 02:10:00,800014,NORMAL,HS1306571,156,26.0,0.12432881920363842,50.24580893036233,17.800412366668738,0.009567295451972074,-0.38028679572823876
2025-01-02 02:20:00,800014,NORMAL,HS1306571,157,26.166666666666664,0.1073441924647984,48.65120307000079,18.8671307277857,-0.006039244341797229,-0.5423151233152481
2025-01-02 02:30:00,800014,NORMAL,HS1306571,158,26.333333333333332,0.11027197890813384,50.381852031868775,18.184195935365025,-0.00339665444542199,1.694148903091552
2025-01-02 02:40:00,800014,NORMAL,HS1306571,159,26.5,0.11772449040745678,55.33819193470957,18.720074171921762,0.0023813039178127576,6.369631159458187
2025-01-02 02:50:00,800014,NORMAL,HS1306571,160,26.666666666666664,0.121526729037249,55.154267177085714,19.039040458074034,0.003607084353580328,5.350297082250378
2025-01-02 03:00:00,800014,NORMAL,HS1306571,161,26.833333333333332,0.1341940000127665,54.75671898952979,18.652050008728484,0.013207122940036953,3.7817263700773367
2025-01-02 03:10:00,800014,NORMAL,HS1306571,162,27.0,0.13325971165756664,55.74152964034477,19.08605185777467,0.008860945638339585,3.3407686456234345
2025-01-02 03:20:00,800014,NORMAL,HS1306571,163,27.166666666666664,0.1314290273498349,60.891316587323594,18.902678341473145,0.0032243701869185404,6.833145786378623
2025-01-02 03:30:00,800014,NORMAL,HS1306571,164,27.333333333333332,0.14378616172123646,57.2065234698268,17.717191576711834,0.012595858538812371,1.8295712676035834
2025-01-02 03:40:00,800014,NORMAL,HS1306571,165,27.5,0.14160527328178388,53.05038122545594,17.653180343245833,0.008544073466727808,-3.036385530327287
2025-01-02 03:50:00,800014,NORMAL,HS1306571,166,27.666666666666664,0.14082717976872744,54.214730094842196,18.3869993509249,0.006523609661318708,-2.151689910572024
2025-01-02 04:00:00,800014,NORMAL,HS1306571,167,27.833333333333332,0.13751572353135663,59.604179844831854,18.612560817617588,0.0021815488069749367,3.1518290625660654
2025-01-02 04:10:00,800014,NORMAL,HS1306571,168,28.0,0.15732985736965005,54.980186008456066,19.74831861111024,0.021207587899696456,-1.890950257314742
2025-01-02 04:20:00,800014,NORMAL,HS1306571,169,28.166666666666664,0.13966427723906036,53.7382689948781,18.99933832258928,0.003499084679380343,-3.765717115638104
2025-01-02 04:30:00,800014,NORMAL,HS1306571,170,28.333333333333332,0.14234290144891212,57.28431271273815,19.218090725700932,0.00504776734006937,-1.4984740154695402
2025-01-02 04:40:00,800014,NORMAL,HS1306571,171,28.5,0.15895845042806495,57.192772100482124,19.426325616112806,0.018873125449822586,-3.8010433216142587
2025-01-02 04:50:00,800014,NORMAL,HS1306571,172,28.666666666666664,0.15869878402456428,61.70606555777359,19.271085658938038,0.01474133759991278,-2.193749886734963
2025-01-02 05:00:00,800014,NORMAL,HS1306571,173,28.833333333333332,0.16211955819654839,73.61138801031565,20.063488976332756,0.01391960940951234,6.50925869977803
2025-01-02 05:10:00,800014,NORMAL,HS1306571,174,29.0,0.16561225963597626,76.77241526364453,21.858552949244885,0.012582349947673654,6.271457843792163
2025-01-02 05:20:00,800014,NORMAL,HS1306571,175,29.166666666666664,0.1764736833519369,84.82104301965478,21.504719260921135,0.017195602386349013,10.163103381080234
2025-01-02 05:30:00,800014,NORMAL,HS1306571,176,29.333333333333332,0.18438718882947755,84.97994961500974,22.166702930818822,0.018184555066204616,5.624359676323664
2025-01-02 05:40:00,800014,NORMAL,HS1306571,177,29.5,0.18394029710664986,85.64641193512072,22.04360025238884,0.010809489260460187,1.4745168863899778
2025-01-02 05:50:00,800014,NORMAL,HS1306571,178,29.666666666666664,0.18604721097617313,96.36038799720212,21.47568662337295,0.006111244726229481,7.36768609706499
2025-01-02 06:00:00,800014,NORMAL,HS1306571,179,29.833333333333332,0.20175682112793017,86.88674729258557,20.96590908693803,0.015290363841098553,-6.793786554975895
2025-01-02 06:10:00,800014,NORMAL,HS1306571,180,30.0,0.20687458719098495,95.496279335015,23.507006135685486,0.015075232872811234,-2.402991480680001
2025-01-02 06:20:00,800014,NORMAL,HS1306571,181,30.166666666666664,0.20734414610395221,102.09931273558483,23.790263258708613,0.01260450792643536,1.2492336885661786
2025-01-02 06:30:00,800014,NORMAL,HS1306571,182,30.333333333333332,0.20295515919983528,93.69092445505056,25.415697999597462,0.006847152021234093,-8.984414025184861
2025-01-02 06:40:00,800014,NORMAL,HS1306571,183,30.5,0.1920343200836246,104.96227028215588,26.834036629120085,-0.005033595009002606,0.8720706971684535
2025-01-02 06:50:00,800014,NORMAL,HS1306571,184,30.666666666666664,0.19579092120202973,110.65996744372696,29.970806371183865,-0.002340069649712062,5.161875867920941
2025-01-02 07:00:00,800014,NORMAL,HS1306571,185,30.833333333333332,0.20012662338827727,100.63270264149705,31.310570075090247,0.0007612079253034032,-6.365151989966392
2025-01-02 07:10:00,800014,NORMAL,HS1306571,186,31.0,0.20245961981839736,102.0714832784779,31.03409764739862,0.0008729502390787958,-6.856817420849438
2025-01-02 07:20:00,800014,NORMAL,HS1306571,187,31.166666666666664,0.22675455839119749,117.8216443791531,34.81671826472922,0.02178342199145722,6.341068034381294
2025-01-02 07:30:00,800014,NORMAL,HS1306571,188,31.333333333333332,0.20950922491152377,117.99298576693081,33.38957782531917,0.0005053799142747117,3.4905028844158466
2025-01-02 07:40:00,800014,NORMAL,HS1306571,189,31.5,0.21360243605753115,121.94450398575863,31.705984978584155,0.00042746260505249767,4.263048263189134
2025-01-02 07:50:00,800014,NORMAL,HS1306571,190,31.666666666666664,0.20528697371346677,126.94302623441129,31.209422868420212,-0.012006539196481203,6.084130095437871
2025-01-02 08:00:00,800014,NORMAL,HS1306571,191,31.833333333333332,0.22364285595201905,129.03851779710791,31.72602929921643,0.0023659194692389474,5.0762760031064005
2025-01-02 08:10:00,800014,NORMAL,HS1306571,192,32.0,0.20187065152372538,145.30916229789372,30.248645732392088,-0.02209746711534341,19.142833644281325
2025-01-02 08:20:00,800014,NORMAL,HS1306571,193,32.166666666666664,0.21441823265892376,133.12711179142676,30.34674838426461,-0.0105740449431585,6.0845898198952995
2025-01-02 08:30:00,800014,NORMAL,HS1306571,194,32.33333333333333,0.2349891670712448,130.12712997836476,30.592797006365924,0.010335284588529114,3.240811965411581
2025-01-02 08:40:00,800014,NORMAL,HS1306571,195,32.5,0.222707855389911,140.0626691755915,33.183702213026876,-0.0009133603458579553,13.88321627168014
2025-01-02 08:50:00,800014,NORMAL,HS1306571,196,32.666666666666664,0.2166732976874278,125.57868718999183,33.59558874918178,-0.005606351325372488,0.34984801365108353
2025-01-02 09:00:00,800014,NORMAL,HS1306571,197,32.83333333333333,0.21766919432930099,135.62921629074742,34.164565051818656,-0.003060774936672672,11.498457697226144
2025-01-02 09:10:00,800014,NORMAL,HS1306571,198,33.0,0.23899734668771475,136.7081303451831,36.20782653685576,0.018758872759207068,13.214122955659505
2025-01-02 09:20:00,800014,NORMAL,HS1306571,199,33.166666666666664,0.22944236419521943,139.93497992896417,36.52584853610586,0.007484860492345424,15.76791188056238
2025-01-02 09:30:00,800014,NORMAL,HS1306571,200,33.33333333333333,0.2369593248173893,141.54249223912342,36.33894497515005,0.011908505298933003,15.689603196548035
2025-01-02 09:40:00,800014,NORMAL,HS1306571,201,33.5,0.23149153610547843,132.71081856814342,36.37550674155795,0.002870528253674398,4.75862841367838
2025-01-02 09:50:00,800014,NORMAL,HS1306571,202,33.666666666666664,0.25278616886749555,134.33367979206642,36.74545816003897,0.020417895860698032,4.106319989446547
2025-01-02 10:00:00,800014,NORMAL,HS1306571,203,33.83333333333333,0.25091274003968145,122.83420103530347,39.249883371943056,0.014814829982342903,-9.695262102118903
2025-01-02 10:10:00,800014,NORMAL,HS1306571,204,34.0,0.2513976086831023,115.73973720966396,41.584014864899785,0.012517298111382275,-18.576486339724823
2025-01-02 10:20:00,800014,NORMAL,HS1306571,205,34.166666666666664,0.2555835529551285,126.62580200109375,37.74314743845694,0.01647140394076077,-7.742219858880503
2025-01-02 10:30:00,800014,NORMAL,HS1306571,206,34.33333333333333,0.23377224259166848,122.97811251010582,38.71404618296418,-0.003649371011010344,-9.94330001130048
2025-01-02 10:40:00,800014,NORMAL,HS1306571,207,34.5,0.24031550796847023,117.42838450708811,37.95485172502837,0.005317851324448342,-13.402129651485495
2025-01-02 10:50:00,800014,NORMAL,HS1306571,208,34.666666666666664,0.24519763423409854,129.5791801033288,39.54235032999686,0.012833188621604846,1.041922148042147
2025-01-02 11:00:00,800014,NORMAL,HS1306571,209,34.83333333333333,0.24039486673441035,124.81035360261279,35.63461983763144,0.01074807606209141,-1.353805134843995
2025-01-02 11:10:00,800014,NORMAL,HS1306571,210,35.0,0.24132772381466083,126.738360105773,33.09107514086528,0.014580686130584108,2.8757721606921933
2025-01-02 11:20:00,800014,NORMAL,HS1306571,211,35.166666666666664,0.2291683728649832,122.16383607632152,34.04765577746883,0.005230523891790462,0.20773776635540742
2025-01-02 11:30:00,800014,NORMAL,HS1306571,212,35.33333333333333,0.23274488298588722,122.7922748618779,34.519011045602454,0.011296531959896328,2.3899732176874977
2025-01-02 11:40:00,800014,NORMAL,HS1306571,213,35.5,0.21942199517893946,114.21568919763347,33.67322691980751,0.0004730760049853344,-4.68423675026294
2025-01-02 11:50:00,800014,NORMAL,HS1306571,214,35.666666666666664,0.24547905869084605,113.23133120343884,34.23147107448707,0.029110933142013073,-4.097352740196726
2025-01-02 12:00:00,800014,NORMAL,HS1306571,215,35.83333333333333,0.2394068176552692,117.6876825124342,35.6685061318524,0.025672502367582367,1.987477322513712
2025-01-02 12:10:00,800014,NORMAL,HS1306571,216,36.0,0.2169566390840636,111.94219770390805,33.822061279268524,0.005934406611174281,-1.9001596675568067
2025-01-02 12:20:00,800014,NORMAL,HS1306571,217,36.166666666666664,0.20419004218295872,119.49884861515224,34.86153703828396,-0.00482358419222817,7.359663403599129
2025-01-02 12:30:00,800014,NORMAL,HS1306571,218,36.33333333333333,0.1991719325743847,125.87031607641748,35.73813156700165,-0.008711720902889686,14.764972926949426
2025-01-02 12:40:00,800014,NORMAL,HS1306571,219,36.5,0.20536442752376874,117.55949213062384,34.104618156238,-0.0020183497310444776,6.976914780227958
2025-01-02 12:50:00,800014,NORMAL,HS1306571,220,36.666666666666664,0.21594860962661827,127.47405337921501,34.84253772496756,0.008637248454592045,17.070167538444693
2025-01-02 13:00:00,800014,NORMAL,HS1306571,221,36.83333333333333,0.2260380506053844,127.5249575111642,37.88810582449055,0.01851960469355457,17.077827994985896
2025-01-02 13:10:00,800014,NORMAL,HS1306571,222,37.0,0.225788745864751,117.87124921755316,35.43716073502245,0.01732219545424446,6.9030000522079575
2025-01-02 13:20:00,800014,NORMAL,HS1306571,223,37.166666666666664,0.20027793505703573,105.85569800954924,38.0915557810743,-0.009759996625151202,-6.059308776820885
2025-01-02 13:30:00,800014,NORMAL,HS1306571,224,37.33333333333333,0.21252895000469144,114.73157205480086,37.51926191901862,0.0007560461669127716,1.7745940937437723
2025-01-02 13:40:00,800014,NORMAL,HS1306571,225,37.5,0.23557301100876474,106.07702456358037,36.34772734942762,0.021931992296378572,-7.9942926690944205
2025-01-02 13:50:00,800014,NORMAL,HS1306571,226,37.666666666666664,0.24381744229709792,118.660046766908,35.51678166849815,0.028173254178924523,3.3866592526048436
2025-01-02 14:00:00,800014,NORMAL,HS1306571,227,37.83333333333333,0.23458253170919857,128.07010092256007,35.91783125036435,0.016813109412201904,11.506361147936971
2025-01-02 14:10:00,800014,NORMAL,HS1306571,228,38.0,0.2296618845173731,129.49586549120983,35.250444300824675,0.009577037327231391,11.105155435090978
2025-01-02 14:20:00,800014,NORMAL,HS1306571,229,38.166666666666664,0.22202362954245752,128.110918148785,35.06716821938908,-0.00016354259185114017,7.379415685252468
2025-01-02 14:30:00,800014,NORMAL,HS1306571,230,38.33333333333333,0.23216896441657786,126.78379738236573,34.30849736811415,0.007762902532346405,3.4975598812711866
2025-01-02 14:40:00,800014,NORMAL,HS1306571,231,38.5,0.23832082128077722,125.23923508534052,35.0201320374515,0.01166300681796592,-0.6793074179873599
2025-01-02 14:50:00,800014,NORMAL,HS1306571,232,38.666666666666664,0.22828735231053168,132.9044747749998,34.503085653712624,-0.000523474572195981,4.407547920398201
2025-01-02 15:00:00,800014,NORMAL,HS1306571,233,38.83333333333333,0.23535170548189996,133.6396073296642,33.67456024058198,0.004489190878813359,2.6434691279864353
2025-01-02 15:10:00,800014,NORMAL,HS1306571,234,39.0,0.2623018029151871,135.84932650297003,33.52601754665911,0.02965600195385998,2.8016807302851703
2025-01-02 15:20:00,800014,NORMAL,HS1306571,235,39.166666666666664,0.26180398067402605,139.13391884321848,33.12869509486994,0.026473566305717344,3.7894824875929487
2025-01-02 15:30:00,800014,NORMAL,HS1306571,236,39.33333333333333,0.264972946919704,136.3475374925348,34.92854943109762,0.026150834132679684,-1.8541957582605733
2025-01-02 15:40:00,800014,NORMAL,HS1306571,237,39.5,0.2641836276142016,140.2910408535708,36.66225965241668,0.021388609689037524,-1.1509029242292854
2025-01-02 15:50:00,800014,NORMAL,HS1306571,238,39.666666666666664,0.27621810853701145,125.89622905605295,34.83189881215401,0.029210428020077395,-18.99401391248331
2025-01-02 16:00:00,800014,NORMAL,HS1306571,239,39.83333333333333,0.2570358907109733,133.47134652515703,33.06731954746494,0.005679499601886351,-14.998638207563431
2025-01-02 16:10:00,800014,NORMAL,HS1306571,240,40.0,0.260848196726178,154.43695680244406,35.308199550492354,0.0045209692260684275,2.235053945004182
2025-01-02 16:20:00,800014,NORMAL,HS1306571,241,40.166666666666664,0.26407230155789213,166.17475053749436,36.08834159218801,0.003333196568694907,10.876703055002537
2025-01-02 16:30:00,800014,NORMAL,HS1306571,242,40.33333333333333,0.2840067283540895,164.99815980709567,37.9721641715771,0.020345543086166873,7.732689637369646
2025-01-02 16:40:00,800014,NORMAL,HS1306571,243,40.5,0.28768988053742606,163.0812135103598,40.91105277707562,0.022135055866888964,4.674014413228576
2025-01-02 16:50:00,800014,NORMAL,HS1306571,244,40.666666666666664,0.27978354122127547,159.1763702813567,39.04044836937154,0.012864665513404705,0.07286973584839984
2025-01-02 17:00:00,800014,NORMAL,HS1306571,245,40.83333333333333,0.28272536636972606,160.34382416990928,39.80289341486782,0.014728261620695071,0.7845191402374212
2025-01-02 17:10:00,800014,NORMAL,HS1306571,246,41.0,0.2643130172722683,162.21436006364166,40.27438474888642,-0.0034503313933596513,2.938752348391489
2025-01-02 17:20:00,800014,NORMAL,HS1306571,247,41.166666666666664,0.28456424210889736,163.12796900012327,42.38490782615869,0.01883967221344035,5.3592343884775175
2025-01-02 17:30:00,800014,NORMAL,HS1306571,248,41.33333333333333,0.2762984597864164,161.21019845982372,44.22361125957538,0.013274683152408984,5.556372047831786
2025-01-02 17:40:00,800014,NORMAL,HS1306571,249,41.5,0.2567344363891011,160.59409847032742,43.52903166635423,-0.0033343467305795293,7.294908061798452
2025-01-02 17:50:00,800014,NORMAL,HS1306571,250,41.666666666666664,0.23673543906649339,153.78136206365687,39.5062494765001,-0.020151018587345554,3.012111041405092
2025-01-02 18:00:00,800014,NORMAL,HS1306571,251,41.83333333333333,0.2540564511429982,157.11518683928202,38.87131161499607,0.0005353839047105846,9.005287295958652
2025-01-02 18:10:00,800014,NORMAL,HS1306571,252,42.0,0.24281619964700105,154.9840603417637,38.62514313183975,-0.0069652806228965025,9.94556860141276
2025-01-02 18:20:00,800014,NORMAL,HS1306571,253,42.166666666666664,0.25037327305234075,139.84228026244494,38.79470512330014,0.004162647951240939,-1.975799570203037
2025-01-02 18:30:00,800014,NORMAL,HS1306571,254,42.33333333333333,0.25906573505483493,141.7837695919347,34.94206684799043,0.016122983463598722,2.9498740482356993
2025-01-02 18:40:00,800014,NORMAL,HS1306571,255,42.5,0.25011203827183115,141.5857039936468,35.014125020247306,0.010434804128460512,5.697884273091319
2025-01-02 18:50:00,800014,NORMAL,HS1306571,256,42.666666666666664,0.22621586236122762,137.15121662021446,33.12381012497896,-0.010122820195345328,4.249166910209965
2025-01-02 19:00:00,800014,NORMAL,HS1306571,257,42.83333333333333,0.24051663356350841,129.65682828292577,32.586343905988215,0.007582285424297425,-0.21802934199607193
2025-01-02 19:10:00,800014,NORMAL,HS1306571,258,43.0,0.21777484764837104,129.81013424669257,33.867277447086316,-0.012463781726949397,2.34339160718001
2025-01-02 19:20:00,800014,NORMAL,HS1306571,259,43.166666666666664,0.22654209946490367,137.82696330833244,34.476136821383896,-0.0011988109806231328,12.289125827672322
2025-01-02 19:30:00,800014,NORMAL,HS1306571,260,43.33333333333333,0.235627086866344,131.6469676473244,32.972178493184586,0.01047126818589536,8.087395362543887
2025-01-02 19:40:00,800014,NORMAL,HS1306571,261,43.5,0.228325876114901,126.46652579035934,31.533782253843604,0.005521317253935315,4.740708613112417
2025-01-02 19:50:00,800014,NORMAL,HS1306571,262,43.666666666666664,0.22307621240904427,114.70198794289762,32.74973214378809,0.0023953242573721556,-5.363809804615499
2025-01-02 20:00:00,800014,NORMAL,HS1306571,263,43.83333333333333,0.2160687362334641,121.66090640526484,32.03686886437322,-0.0026612830988325398,3.1252677136728835
2025-01-02 20:10:00,800014,NORMAL,HS1306571,264,44.0,0.22520941948894838,127.34829553635623,31.08586796335773,0.008508411353186973,10.312943991767526
2025-01-02 20:20:00,800014,NORMAL,HS1306571,265,44.166666666666664,0.22080553344674936,123.40207803629815,30.35462993804816,0.00604429200334719,7.746668748629062
2025-01-02 20:30:00,800014,NORMAL,HS1306571,266,44.33333333333333,0.21836202207022037,116.84322503788603,31.615344802523257,0.0054864771006077895,2.4417516472054785
2025-01-02 20:40:00,800014,NORMAL,HS1306571,267,44.5,0.22329276955593497,115.9453605874881,29.821668869358234,0.012553763334502949,2.913617248234374
2025-01-02 20:50:00,800014,NORMAL,HS1306571,268,44.666666666666664,0.21120741824927244,97.12362802861254,30.760899171732415,0.00281534966711372,-14.407423231674144
2025-01-02 21:00:00,800014,NORMAL,HS1306571,269,44.83333333333333,0.20052473892116093,99.33093326382894,30.375867828480125,-0.0054069474727865,-10.623665114292365
2025-01-02 21:10:00,800014,NORMAL,HS1306571,270,45.0,0.23063480409817708,102.49657042125604,27.373518714643268,0.027358609780166493,-5.648385307580696
2025-01-02 21:20:00,800014,NORMAL,HS1306571,271,45.166666666666664,0.19140105129882942,106.95589332547883,27.84058544546179,-0.009313203358318867,0.7287077183440402
2025-01-02 21:30:00,800014,NORMAL,HS1306571,272,45.33333333333333,0.2228524003553015,117.82048324094441,27.49101377555976,0.02492247457661806,13.69415230438861
2025-01-02 21:40:00,800014,NORMAL,HS1306571,273,45.5,0.21901591849442428,125.0576226001861,26.69976235388064,0.023902043291856606,23.078317938663673
2025-01-02 21:50:00,800014,NORMAL,HS1306571,274,45.666666666666664,0.2004461679453968,107.86139160070321,26.400700067234563,0.008078666032995702,7.980718454192285
2025-01-02 22:00:00,800014,NORMAL,HS1306571,275,45.83333333333333,0.20692099747911077,106.20051366555842,28.92902259552029,0.017283479037765892,8.39624039561916
2025-01-02 22:10:00,800014,NORMAL,HS1306571,276,46.0,0.19760601064409938,96.21141525398677,28.652619970654996,0.010814738090351994,0.48298953653163323
2025-01-02 22:20:00,800014,NORMAL,HS1306571,277,46.166666666666664,0.18521854562526033,93.50553481529332,27.602437142353608,0.002213894722257581,0.30009576122894543
2025-01-02 22:30:00,800014,NORMAL,HS1306571,278,46.33333333333333,0.1782670786912247,83.86109370023391,26.91636705462599,-0.00014103811103990949,-6.2995275397952355
2025-01-02 22:40:00,800014,NORMAL,HS1306571,279,46.5,0.16854300189606786,93.30837195599526,27.157742369891185,-0.004718259488269899,6.54042056285823
2025-01-02 22:50:00,800014,NORMAL,HS1306571,280,46.666666666666664,0.16763523354151863,84.48295582042653,28.050773538779218,-1.0991094465118145e-06,1.3869333620596933
2025-01-02 23:00:00,800014,NORMAL,HS1306571,281,46.83333333333333,0.1703582936398132,85.6575481771843,26.345777761209774,0.008638082712820183,6.326740760138719
2025-01-02 23:10:00,800014,NORMAL,HS1306571,282,47.0,0.16642430224262839,80.06507297551816,25.771166918295343,0.011219039619817628,4.868036669955387
2025-01-02 23:20:00,800014,NORMAL,HS1306571,283,47.166666666666664,0.16590354036968755,73.67507949719314,25.222043667463524,0.017048122251520692,2.8041008747414935
2025-01-02 23:30:00,800014,NORMAL,HS1306571,284,47.33333333333333,0.14974364054092673,72.71612246837297,23.93382613688655,0.006610291894183884,5.842752769715901
2025-01-02 23:40:00,800014,NORMAL,HS1306571,285,47.5,0.14511951798752787,63.56254743193456,24.626395513430182,0.0070176134511471255,0.2705258647550579
2025-01-02 23:50:00,800014,NORMAL,HS1306571,286,47.666666666666664,0.1478186812228527,54.457608328600564,23.57640200263435,0.014119033377270634,-5.63526891252144
2025-01-01 00:10:00,800015,NORMAL,HS1306571,0,0.0,0.02225755107097857,4.294044923515204,18.400094490884502,-0.0033299271278019703,-0.18964561506313338
2025-01-01 00:20:00,800015,NORMAL,HS1306571,1,0.16666666666666666,0.0521253153305435,16.914268067658632,18.62310833977423,-0.006335554673201377,-0.07111252056942874
2025-01-01 00:30:00,800015,NORMAL,HS1306571,2,0.3333333333333333,0.10188006190483975,36.43223115688407,19.10352565850308,-0.004850646916273155,-3.4782029578474365
2025-01-01 00:40:00,800015,NORMAL,HS1306571,3,0.5,0.13319678026350215,57.51920923085744,19.453179040135346,-0.004809818039311131,-2.773692948193542
2025-01-01 00:50:00,800015,NORMAL,HS1306571,4,0.6666666666666666,0.15350106667973662,65.7220503560623,17.993254272013225,0.0057007530540060525,-3.507900010735824
2025-01-01 01:00:00,800015,NORMAL,HS1306571,5,0.8333333333333333,0.14695110192790667,70.69661713389232,18.574847232051887,-0.001963576791908367,-0.4744008848700645
2025-01-01 01:10:00,800015,NORMAL,HS1306571,6,1.0,0.13947022756903601,71.3033260913276,18.929464141908134,-0.008101864805771991,0.8481971050730834
2025-01-01 01:20:00,800015,NORMAL,HS1306571,7,1.1666666666666665,0.14653183555381866,67.89192909320352,18.47332928106284,0.0031886422514675328,0.3454941373646534
2025-01-01 01:30:00,800015,NORMAL,HS1306571,8,1.3333333333333333,0.12501619556174395,58.75361845372313,18.316483759499583,-0.013065275563867995,-4.816160569333725
2025-01-01 01:40:00,800015,NORMAL,HS1306571,9,1.5,0.11933098001952791,59.738873477837714,16.93529374703068,-0.014392214933835856,-0.09932363708355041
2025-01-01 01:50:00,800015,NORMAL,HS1306571,10,1.6666666666666665,0.12651311036047785,54.12382478621628,17.169381951969356,-0.0038771744092665206,-2.5858706813093235
2025-01-01 02:00:00,800015,NORMAL,HS1306571,11,1.8333333333333333,0.12052812594411133,54.52768876703025,18.22368269750524,-0.007113592831642479,0.49173150887676087
2025-01-01 02:10:00,800015,NORMAL,HS1306571,12,2.0,0.11673708849949849,51.54673049251054,18.36752766936143,-0.010609909431906484,-1.5058589313597608
2025-01-01 02:20:00,800015,NORMAL,HS1306571,13,2.1666666666666665,0.10972078188448679,52.45820309040896,17.611471145776214,-0.02059064069984741,-2.312759574379278
2025-01-01 02:30:00,800015,NORMAL,HS1306571,14,2.333333333333333,0.11309194066047401,58.45633073222805,17.714858731867086,-0.02203088163255898,0.31252456619978375
2025-01-01 02:40:00,800015,NORMAL,HS1306571,15,2.5,0.13481391831121067,59.16976912729314,17.658173397715323,-0.005296562287678136,-2.84939590572948
2025-01-01 02:50:00,800015,NORMAL,HS1306571,16,2.6666666666666665,0.13545283607455982,55.76986102451501,18.015354709842036,-0.00900123147104559,-9.910598431045642
2025-01-01 03:00:00,800015,NORMAL,HS1306571,17,2.833333333333333,0.1455832948560307,58.46795305555506,18.983784363385148,-0.0026252459125837846,-10.536008836810808
2025-01-01 03:10:00,800015,NORMAL,HS1306571,18,3.0,0.12632406306179553,66.97283508699851,16.829334284867244,-0.02228588106065621,-3.4780283041195474
2025-01-01 03:20:00,800015,NORMAL,HS1306571,19,3.1666666666666665,0.11901431998454545,66.82443710827265,17.30587520062755,-0.02679257871138535,-2.5557827049943
2025-01-01 03:30:00,800015,NORMAL,HS1306571,20,3.333333333333333,0.12742750693430907,60.0249210119425,17.912585239774028,-0.01502992770819886,-7.568622849968669
2025-01-01 03:40:00,800015,NORMAL,HS1306571,21,3.5,0.12655236891904154,59.25626977766272,18.511896754899816,-0.012732198989184151,-6.552407629067346
2025-01-01 03:50:00,800015,NORMAL,HS1306571,22,3.6666666666666665,0.13009722760838688,60.15459859354254,18.824286326655685,-0.00633412434032804,-4.054542454224652
2025-01-01 04:00:00,800015,NORMAL,HS1306571,23,3.833333333333333,0.12748993858350044,60.403174811423526,17.988894937228597,-0.006233979426226471,-2.3156856959627206
2025-01-01 04:10:00,800015,NORMAL,HS1306571,24,4.0,0.1343499162102432,63.366225223000065,18.804022257864876,0.0011717810393208905,1.1295494059466051
2025-01-01 04:20:00,800015,NORMAL,HS1306571,25,4.166666666666666,0.12502077152544777,58.57155117248735,19.025856823836627,-0.010370226183594206,-5.028250771430201
2025-01-01 04:30:00,800015,NORMAL,HS1306571,26,4.333333333333333,0.13581459205854263,57.764085732390946,18.871858666998744,-0.0026460522556702726,-8.010698698722585
2025-01-01 04:40:00,800015,NORMAL,HS1306571,27,4.5,0.15111032576852715,58.44140845225728,18.30012303020009,0.009447030878602075,-9.693985956098757
2025-01-01 04:50:00,800015,NORMAL,HS1306571,28,4.666666666666666,0.14621874205756338,68.65546128152859,18.594085021286375,0.001279855145114972,-1.8939867092542926
2025-01-01 05:00:00,800015,NORMAL,HS1306571,29,4.833333333333333,0.13407654016985937,69.92768236343333,17.696307442242887,-0.0142369186364657,-3.0894551488414947
2025-01-01 05:10:00,800015,NORMAL,HS1306571,30,5.0,0.13821726708520332,75.27065711179559,17.86767415069347,-0.0141370990011285,-0.23328198115959253
2025-01-01 05:20:00,800015,NORMAL,HS1306571,31,5.166666666666666,0.13887219034736747,73.83926893780898,17.080727261735387,-0.018495837686478334,-4.090383127760958
2025-01-01 05:30:00,800015,NORMAL,HS1306571,32,5.333333333333333,0.14470268974816725,84.79346827981834,18.44770064763336,-0.018013193195858035,4.303447632816059
2025-01-01 05:40:00,800015,NORMAL,HS1306571,33,5.5,0.14579233886285195,87.67073126034022,19.312067036790324,-0.022417580877929083,4.458015374373943
2025-01-01 05:50:00,800015,NORMAL,HS1306571,34,5.666666666666666,0.15350971250726467,93.77800037874856,19.332113214071033,-0.0201721944809565,7.772430914583168
2025-01-01 06:00:00,800015,NORMAL,HS1306571,35,5.833333333333333,0.16065343859537548,86.0535336646844,18.69496554816027,-0.01854865751354151,-2.9199329526527436
2025-01-01 06:10:00,800015,NORMAL,HS1306571,36,6.0,0.17935817175269744,90.15921248669777,18.99161009317827,-0.003928580843240603,-1.4744877972274821
2025-01-01 06:20:00,800015,NORMAL,HS1306571,37,6.166666666666666,0.1834843773160713,88.96160051430638,19.942706965775496,-0.0021258889161739347,-4.729781875284985
2025-01-01 06:30:00,800015,NORMAL,HS1306571,38,6.333333333333333,0.17990649091759886,88.73022164198383,22.751788514603717,-0.007918997706735126,-6.974273309380266
2025-01-01 06:40:00,800015,NORMAL,HS1306571,39,6.5,0.18793503450133642,99.40802499670323,24.989911273761777,-0.0019151800520601225,1.7827197473070981
2025-01-01 06:50:00,800015,NORMAL,HS1306571,40,6.666666666666666,0.18105955907691257,94.0393137295198,24.34975281804328,-0.010409231042426137,-5.266052503218901
2025-01-01 07:00:00,800015,NORMAL,HS1306571,41,6.833333333333333,0.20037460495755072,91.64276649150578,26.024777622399313,0.007658751283511567,-9.093166774230951
2025-01-01 07:10:00,800015,NORMAL,HS1306571,42,7.0,0.19013593692417863,84.85504746776293,27.09864489530649,-0.004226568356244437,-17.281109307121113
2025-01-01 07:20:00,800015,NORMAL,HS1306571,43,7.166666666666666,0.1930404886238673,89.80264000505757,26.64883633438191,-0.0028461399080807193,-13.492419415865271
2025-01-01 07:30:00,800015,NORMAL,HS1306571,44,7.333333333333333,0.17573291945338448,104.38313076042331,28.587865425849063,-0.021351641077085953,0.2295979415044087
2025-01-01 07:40:00,800015,NORMAL,HS1306571,45,7.5,0.17925766313814728,104.71149886911999,28.942652807408255,-0.01963302116119106,-0.6221808389059049
2025-01-01 07:50:00,800015,NORMAL,HS1306571,46,7.666666666666666,0.1728876437952862,92.43825009355693,28.085977897076855,-0.028411306678760767,-14.480353843674791
2025-01-01 08:00:00,800015,NORMAL,HS1306571,47,7.833333333333333,0.18872246568238543,97.1516406582411,27.903954483345146,-0.015236802392355697,-11.547834220540281
2025-01-01 08:10:00,800015,NORMAL,HS1306571,48,8.0,0.19409160990706945,99.15139543473961,27.21451798999204,-0.011790498219117429,-10.98888016086866
2025-01-01 08:20:00,800015,NORMAL,HS1306571,49,8.166666666666666,0.19807019331490755,102.32750570243006,29.810336806510417,-0.008967425871455215,-8.690004227650661
2025-01-01 08:30:00,800015,NORMAL,HS1306571,50,8.333333333333332,0.18848697730470446,95.30182560211192,29.821641179526587,-0.02019144530523026,-16.83373198347094
2025-01-01 08:40:00,800015,NORMAL,HS1306571,51,8.5,0.20205319311985384,100.21786603695526,32.40378261361251,-0.008760065888398783,-13.387207408452468
2025-01-01 08:50:00,800015,NORMAL,HS1306571,52,8.666666666666666,0.20992319603315485,104.55537826754015,33.19797670338921,-0.003240137517174363,-10.707605803082814
2025-01-01 09:00:00,800015,NORMAL,HS1306571,53,8.833333333333332,0.2102189018201468,116.523044952936,30.41358232613711,-0.005360253948193672,-0.470408462314964
2025-01-01 09:10:00,800015,NORMAL,HS1306571,54,9.0,0.22154301951763422,111.1891149330769,32.10855330058523,0.0036999730739775694,-7.4541854382650286
2025-01-01 09:20:00,800015,NORMAL,HS1306571,55,9.166666666666666,0.2032917630823035,114.87602013791198,32.282983689445494,-0.015918579110635045,-4.954194555109197
2025-01-01 09:30:00,800015,NORMAL,HS1306571,56,9.333333333333332,0.20919422903983403,115.32495358755007,32.30989536724646,-0.009473916218374817,-4.431554771890745
2025-01-01 09:40:00,800015,NORMAL,HS1306571,57,9.5,0.18551084133347043,116.19495907502215,32.63104755932366,-0.031230112986164044,-2.392247140868733
2025-01-01 09:50:00,800015,NORMAL,HS1306571,58,9.666666666666666,0.18573670061461942,108.46538640211664,32.70619454619343,-0.028320351824710682,-8.315211681784916
2025-01-01 10:00:00,800015,NORMAL,HS1306571,59,9.833333333333332,0.221264390074197,114.03039549080036,32.08270945292072,0.010332499588810579,-0.5824775700965148
2025-01-01 10:10:00,800015,NORMAL,HS1306571,60,10.0,0.21838640096169967,113.36020500941684,33.075254842098545,0.009794932389536354,0.6270695725227426
2025-01-01 10:20:00,800015,NORMAL,HS1306571,61,10.166666666666666,0.1946690485123703,110.22475819565375,32.196413027100405,-0.013801606023686463,-1.9443577607467404
2025-01-01 10:30:00,800015,NORMAL,HS1306571,62,10.333333333333332,0.21273527711341567,102.47252068866041,30.630314564490664,0.0025902480736557376,-10.468903070462972
2025-01-01 10:40:00,800015,NORMAL,HS1306571,63,10.5,0.19146260718362262,107.11328685519351,31.246737784499103,-0.02116115958747497,-7.308685244619099
2025-01-01 10:50:00,800015,NORMAL,HS1306571,64,10.666666666666666,0.20479226276888518,106.56055834464128,31.467758786034654,-0.010605868699298054,-9.629577642981914
2025-01-01 11:00:00,800015,NORMAL,HS1306571,65,10.833333333333332,0.22032171135121847,117.98280722412278,33.07263315031218,0.0019158853426771705,-0.1723675670035334
2025-01-01 11:10:00,800015,NORMAL,HS1306571,66,11.0,0.23336216740779422,113.49180241328611,34.31468066300846,0.011512396352135718,-7.1005611867771705
2025-01-01 11:20:00,800015,NORMAL,HS1306571,67,11.166666666666666,0.23259336414397724,116.70225369344007,31.905406223483407,0.009115007611989218,-5.4053517772786535
2025-01-01 11:30:00,800015,NORMAL,HS1306571,68,11.333333333333332,0.1856684817534251,114.28041998878724,33.60176188352122,-0.03764458513333371,-8.000012481815375
2025-01-01 11:40:00,800015,NORMAL,HS1306571,69,11.5,0.20445501633901114,111.26265588863156,32.30592795933397,-0.017963847091093083,-10.57250840396533
2025-01-01 11:50:00,800015,NORMAL,HS1306571,70,11.666666666666666,0.2015097933719603,106.82164939734298,35.41579778071747,-0.019648827732719393,-14.287399261342173
2025-01-01 12:00:00,800015,NORMAL,HS1306571,71,11.833333333333332,0.20908266617172136,105.95587566537218,34.39117479858787,-0.010649106893348498,-14.305744467977988
2025-01-01 12:10:00,800015,NORMAL,HS1306571,72,12.0,0.22077092778516297,117.92090753478868,33.694770353428865,0.0039058224960903665,-0.7372311988662972
2025-01-01 12:20:00,800015,NORMAL,HS1306571,73,12.166666666666666,0.21133834546235938,120.36799629372705,35.46223583822489,-0.0025104895229459134,3.3869742965238885
2025-01-01 12:30:00,800015,NORMAL,HS1306571,74,12.333333333333332,0.2101784115727798,113.47407160539447,35.03103158502965,-0.0014550257981073567,-2.3687857301119237
2025-01-01 12:40:00,800015,NORMAL,HS1306571,75,12.5,0.22267239766971156,114.33015383388636,33.498192871106326,0.012684356035773836,-0.7612246216354066
2025-01-01 12:50:00,800015,NORMAL,HS1306571,76,12.666666666666666,0.20838020251686637,117.0101491748679,35.55388466966395,-0.0002714787453575729,2.4767219035144166
2025-01-01 13:00:00,800015,NORMAL,HS1306571,77,12.833333333333332,0.189595451749202,113.03225753371503,34.78635175735076,-0.01790033468749752,-1.0436344449533124
2025-01-01 13:10:00,800015,NORMAL,HS1306571,78,13.0,0.19920412344873775,112.77609590810356,33.14118141848003,-0.007781405867418323,-0.8109142867378694
2025-01-01 13:20:00,800015,NORMAL,HS1306571,79,13.166666666666666,0.1793504665824974,101.10135185538482,33.660488521590075,-0.028724261427205605,-12.479266948998955
2025-01-01 13:30:00,800015,NORMAL,HS1306571,80,13.333333333333332,0.19329836823300728,102.77305921716794,32.94916912147799,-0.01735912412525148,-11.806234462798798
2025-01-01 13:40:00,800015,NORMAL,HS1306571,81,13.5,0.2069972189217675,102.052425100445,35.33653117918694,-0.006918609550328775,-14.210150113416773
2025-01-01 13:50:00,800015,NORMAL,HS1306571,82,13.666666666666666,0.20287489724455174,112.53355637254352,37.10957719007943,-0.014607646557506598,-5.710826392981161
2025-01-01 14:00:00,800015,NORMAL,HS1306571,83,13.833333333333332,0.22898585739933494,118.92740354867816,37.400123603091515,0.0076010148572810965,-1.5592686386094101
2025-01-01 14:10:00,800015,NORMAL,HS1306571,84,14.0,0.22292898954706222,113.63277590874527,38.23170682355639,-0.002968568341757155,-10.03620933430794
2025-01-01 14:20:00,800015,NORMAL,HS1306571,85,14.166666666666666,0.2413521334640434,125.32661790461627,36.599935235620556,0.011364847394319338,-2.0263719948326298
2025-01-01 14:30:00,800015,NORMAL,HS1306571,86,14.333333333333332,0.23763185015219648,127.51643996110617,36.63119833326035,0.004356466335457165,-3.1097461271748585
2025-01-01 14:40:00,800015,NORMAL,HS1306571,87,14.5,0.22703261870567812,132.4204108818775,36.4499565788766,-0.009053256807074556,-1.1400215726625902
2025-01-01 14:50:00,800015,NORMAL,HS1306571,88,14.666666666666666,0.21003091476815317,138.50988063179014,37.02856135944113,-0.028535435869670417,2.2726963864475067
2025-01-01 15:00:00,800015,NORMAL,HS1306571,89,14.833333333333332,0.21298335334295357,138.45616289076594,37.01962116210063,-0.027872005579735515,-0.3178269735901438
2025-01-01 15:10:00,800015,NORMAL,HS1306571,90,15.0,0.24029862121265452,121.99384217707673,37.03872761146042,-0.0026426345318318334,-18.906631565565604
2025-01-01 15:20:00,800015,NORMAL,HS1306571,91,15.166666666666666,0.24861253106478512,140.92603162948492,35.93287351118063,0.003597326590239286,-1.7590082543548817
2025-01-01 15:30:00,800015,NORMAL,HS1306571,92,15.333333333333332,0.2619187242065294,138.04850410390713,34.37741109664583,0.014902663828467555,-6.30180761285618
2025-01-01 15:40:00,800015,NORMAL,HS1306571,93,15.5,0.24985409179124507,134.87968360180693,32.49575397310672,0.0008995309756185677,-11.074619752984205
2025-01-01 15:50:00,800015,NORMAL,HS1306571,94,15.666666666666666,0.2427877864856944,149.84495057939233,32.58636454492455,-0.008091666626243527,2.2940843319248927
2025-01-01 16:00:00,800015,NORMAL,HS1306571,95,15.833333333333332,0.2269086452629645,158.5698923893578,33.058046534899155,-0.02587481175600198,9.43584908867524
2025-01-01 16:10:00,800015,NORMAL,HS1306571,96,16.0,0.22104474204815425,147.72783384864277,31.177098336105555,-0.03387822960283557,-2.97426438077278
2025-01-01 16:20:00,800015,NORMAL,HS1306571,97,16.166666666666664,0.2589131599362456,154.17261959409674,32.72206381833468,0.0020000285070954638,2.1512330427132156
2025-01-01 16:30:00,800015,NORMAL,HS1306571,98,16.333333333333332,0.2528233110669059,154.91164869545324,32.69101154578723,-0.00522569817227303,2.249940902925232
2025-01-01 16:40:00,800015,NORMAL,HS1306571,99,16.5,0.2619370467096732,148.3506042025361,32.438040784013346,0.0032077882053239692,-4.53793439663832
2025-01-01 16:50:00,800015,NORMAL,HS1306571,100,16.666666666666664,0.24609394296102008,149.97811421935245,32.69888027669977,-0.013132036408918107,-2.95709830963483
2025-01-01 17:00:00,800015,NORMAL,HS1306571,101,16.833333333333332,0.22916871361371247,146.85551533220098,32.75364975974768,-0.030506815234257828,-6.067550360301709
2025-01-01 17:10:00,800015,NORMAL,HS1306571,102,17.0,0.24561347526434957,138.03889600823922,34.55060572142279,-0.013306578603142383,-14.055041260759282
2025-01-01 17:20:00,800015,NORMAL,HS1306571,103,17.166666666666664,0.21913769816043244,146.63221859103757,32.64948935360634,-0.0368666190224744,-2.953852206286257
2025-01-01 17:30:00,800015,NORMAL,HS1306571,104,17.333333333333332,0.2111455504082004,132.04733199627265,32.978914839518026,-0.04088750688274853,-14.152351497065467
2025-01-01 17:40:00,800015,NORMAL,HS1306571,105,17.5,0.2079724218746446,128.11008595055114,32.20184628785538,-0.03959825549062346,-14.30565859204836
2025-01-01 17:50:00,800015,NORMAL,HS1306571,106,17.666666666666664,0.219106061085231,111.32841735983946,30.453853189748713,-0.023660852421755224,-27.054035774955693
2025-01-01 18:00:00,800015,NORMAL,HS1306571,107,17.833333333333332,0.21648034430498475,105.16076353859098,32.41815485566221,-0.02116777666621314,-28.985676451541778
2025-01-01 18:10:00,800015,NORMAL,HS1306571,108,18.0,0.22773148894641299,127.08939143928474,32.71123293615965,-0.005238231093949441,-3.3389282145968053
2025-01-01 18:20:00,800015,NORMAL,HS1306571,109,18.166666666666664,0.22099667964168462,112.02160293681953,32.17104345647861,-0.008600910312852067,-15.94464730538867
2025-01-01 18:30:00,800015,NORMAL,HS1306571,110,18.333333333333332,0.21351883820455278,122.70023473863203,32.84244053224851,-0.01385562310447444,-3.7660724603292124
2025-01-01 18:40:00,800015,NORMAL,HS1306571,111,18.5,0.2183535155418079,109.46884748838725,32.52205975392113,-0.007245984617091722,-15.908582009772644
2025-01-01 18:50:00,800015,NORMAL,HS1306571,112,18.666666666666664,0.2030141375600025,93.33077974455009,32.38507734755828,-0.020975711046666845,-31.11480933639706
2025-01-01 19:00:00,800015,NORMAL,HS1306571,113,18.833333333333332,0.1965025599919996,108.41597763627232,32.897791481141375,-0.02595135403015328,-15.164987203798987
2025-01-01 19:10:00,800015,NORMAL,HS1306571,114,19.0,0.21554823009075516,107.01049189037639,33.40818015960088,-0.005469259444498609,-15.729451240875235
2025-01-01 19:20:00,800015,NORMAL,HS1306571,115,19.166666666666664,0.23971044088693613,121.22368387193276,32.181766717780754,0.020557739977833195,-0.43948140552491566
2025-01-01 19:30:00,800015,NORMAL,HS1306571,116,19.333333333333332,0.23293865572455338,119.67461693723448,29.962466531484836,0.016505160402418256,-0.30345616065477543
2025-01-01 19:40:00,800015,NORMAL,HS1306571,117,19.5,0.22676401312396471,113.878070656065,29.563357998791435,0.013370304074348777,-4.139816075720574
2025-01-01 19:50:00,800015,NORMAL,HS1306571,118,19.666666666666664,0.19942366232649442,121.37056640700744,30.63480196755674,-0.010826430810202153,5.395016086047519
2025-01-01 20:00:00,800015,NORMAL,HS1306571,119,19.833333333333332,0.18976647019767223,111.80529325761982,29.87586351538977,-0.017341289553518296,-2.1379240308202867
2025-01-01 20:10:00,800015,NORMAL,HS1306571,120,20.0,0.19428089306708785,109.60752577564035,27.13919779010341,-0.008643169247236376,-1.5599558066724342
2025-01-01 20:20:00,800015,NORMAL,HS1306571,121,20.166666666666664,0.18740857389843596,99.28124248346069,28.456844843620015,-0.011087665262266067,-8.606909776459915
2025-01-01 20:30:00,800015,NORMAL,HS1306571,122,20.333333333333332,0.17108339266707312,103.36306485160254,26.592106918381038,-0.0241515833796008,-1.9708239858999832
2025-01-01 20:40:00,800015,NORMAL,HS1306571,123,20.5,0.18650056392604472,93.52923596008645,26.951925551568117,-0.006019665266943197,-9.709096487839119
2025-01-01 20:50:00,800015,NORMAL,HS1306571,124,20.666666666666664,0.17678143720487494,99.68639185325023,27.70246128838337,-0.01309366461965325,-1.5645259125545579
2025-01-01 21:00:00,800015,NORMAL,HS1306571,125,20.833333333333332,0.1612057110395575,102.94200347860269,26.40510639873482,-0.025924941068030838,3.687314223686954
2025-01-01 21:10:00,800015,NORMAL,HS1306571,126,21.0,0.16665808853097294,100.09454466410632,26.0937349402913,-0.0185129469984866,2.3199388435510713
2025-01-01 21:20:00,800015,NORMAL,HS1306571,127,21.166666666666664,0.17268252959997485,87.12247350396584,24.695607242626203,-0.010610238968005864,-9.34757873289253
2025-01-01 21:30:00,800015,NORMAL,HS1306571,128,21.333333333333332,0.17218608266203125,92.72442327808206,26.206126316549668,-0.007569523961761193,-1.3624162000209026
2025-01-01 21:40:00,800015,NORMAL,HS1306571,129,21.5,0.16032393567133552,91.05783441149258,26.3282978642966,-0.014750199956275745,0.22428456758461834
2025-01-01 21:50:00,800015,NORMAL,HS1306571,130,21.666666666666664,0.15138479407607547,87.00628661373344,23.716322177156833,-0.018546921148640677,-0.19873882219449968
2025-01-01 22:00:00,800015,NORMAL,HS1306571,131,21.833333333333332,0.1543252811654893,84.39435868135898,26.086245107658222,-0.0102399826563985,0.9877616142081109
2025-01-01 22:10:00,800015,NORMAL,HS1306571,132,22.0,0.16220409124725935,73.05791884851452,25.619094283233125,0.0030710005194616585,-6.580502030186707
2025-01-01 22:20:00,800015,NORMAL,HS1306571,133,22.166666666666664,0.14784359304171382,63.789413037293016,24.709974413860717,-0.006141567234580564,-12.397928053380213
2025-01-01 22:30:00,800015,NORMAL,HS1306571,134,22.333333333333332,0.15002070283583357,71.27993937958868,23.037220007012557,-0.00024594797081653463,-2.344892396698782
2025-01-01 22:40:00,800015,NORMAL,HS1306571,135,22.5,0.14312116214887574,73.32869685643402,26.239720876000092,-0.004673136172418407,1.4627615833750554
2025-01-01 22:50:00,800015,NORMAL,HS1306571,136,22.666666666666664,0.1392060681479319,77.95253981486051,25.52393244681457,-0.006859764621132802,7.337200052671662
2025-01-01 23:00:00,800015,NORMAL,HS1306571,137,22.833333333333332,0.13394191454281554,67.46878585362937,26.176329464200645,-0.010845132536319135,-2.2076432987337853
2025-01-01 23:10:00,800015,NORMAL,HS1306571,138,23.0,0.12388278439366203,67.75435858929131,25.318658901968238,-0.019683916142051353,-1.0677857998997524
2025-01-01 23:20:00,800015,NORMAL,HS1306571,139,23.166666666666664,0.12646214536106282,69.09136282606333,24.59351874075025,-0.016097176351922537,0.9112776694017555
2025-01-01 23:30:00,800015,NORMAL,HS1306571,140,23.333333333333332,0.13841598817592693,69.72688933994975,22.983518128307423,-0.004097282350779524,1.6282576271490257
2025-01-01 23:40:00,800015,NORMAL,HS1306571,141,23.5,0.14351893069671715,67.63595574582331,24.437746325470044,0.0001436895909281144,-0.9472180324107171
2025-01-01 23:50:00,800015,NORMAL,HS1306571,142,23.666666666666664,0.1403744061464408,62.57608794943226,23.633576760004022,-0.004450336162608148,-6.88063089511018
2025-01-02 00:00:00,800015,NORMAL,HS1306571,143,23.833333333333332,0.1312059549336179,66.97995541643938,22.229612348315275,-0.015361625747379676,-3.556391173524716
2025-01-02 00:10:00,800015,NORMAL,HS1306571,144,24.0,0.14076078935174446,67.58211758337573,22.1611462305395,-0.007745461221507932,-4.245325253234398
2025-01-02 00:20:00,800015,NORMAL,HS1306571,145,24.166666666666664,0.13315137650974535,71.14328389676545,22.507841667652958,-0.016342698988582233,-1.5585473800103529
2025-01-02 00:30:00,800015,NORMAL,HS1306571,146,24.333333333333332,0.13474356244075636,70.01211775742095,20.80073675224464,-0.01420112540784102,-2.6746407132353056
2025-01-02 00:40:00,800015,NORMAL,HS1306571,147,24.5,0.12986197857954793,62.81563676404833,21.063282292356863,-0.01751026184275531,-9.19737759937842
2025-01-02 00:50:00,800015,NORMAL,HS1306571,148,24.666666666666664,0.1290104248875117,62.69154022230831,20.899135997683576,-0.016257327706986235,-8.294964829260984
2025-01-02 01:00:00,800015,NORMAL,HS1306571,149,24.833333333333332,0.13055630259324263,60.6022402729634,20.738451100461184,-0.012346276339428114,-9.194060028707824
2025-01-02 01:10:00,800015,NORMAL,HS1306571,150,25.0,0.13007428298422039,57.58895307173784,19.867349498587238,-0.00942154695169789,-10.259488969618396
2025-01-02 01:20:00,800015,NORMAL,HS1306571,151,25.166666666666664,0.12432891852124123,55.28035170570143,21.31586123915209,-0.011179058186905483,-9.880621446086742
2025-01-02 01:30:00,800015,NORMAL,HS1306571,152,25.333333333333332,0.12386956623043434,51.53956677927668,20.201429489240454,-0.007586334649975671,-10.794315726100855
2025-01-02 01:40:00,800015,NORMAL,HS1306571,153,25.5,0.12995261033618785,56.71176558609599,19.813547581791223,0.002782842256671497,-2.6596323991532245
2025-01-02 01:50:00,800015,NORMAL,HS1306571,154,25.666666666666664,0.12754700974998254,55.6714991887441,19.39873693027559,0.004911033578784696,-0.6019948656800906
2025-01-02 02:00:00,800015,NORMAL,HS1306571,155,25.833333333333332,0.11472964545819751,57.39312024770086,18.17629574299906,-0.003327099814602122,4.248452387828685
2025-01-02 02:10:00,800015,NORMAL,HS1306571,156,26.0,0.11403863874916795,51.19769220293267,17.796654610068657,-0.0007228850024983968,0.5715964768421031
2025-01-02 02:20:00,800015,NORMAL,HS1306571,157,26.166666666666664,0.11102851537788884,46.63539435211951,19.015779360814047,-0.0023549214287067882,-2.558123841196526
2025-01-02 02:30:00,800015,NORMAL,HS1306571,158,26.333333333333332,0.10482884114174598,49.34767898207413,17.83359026221257,-0.008839792211809847,0.6599758532969062
2025-01-02 02:40:00,800015,NORMAL,HS1306571,159,26.5,0.10150790917700377,48.00302246739047,18.138347264684135,-0.013835277312640254,-0.9655383078609105
2025-01-02 02:50:00,800015,NORMAL,HS1306571,160,26.666666666666664,0.10790048369420195,48.10591614155744,17.383115023938434,-0.010019160989466716,-1.698053953277899
2025-01-02 03:00:00,800015,NORMAL,HS1306571,161,26.833333333333332,0.10760862087793728,47.34817329853691,16.627537006041113,-0.013378256194792257,-3.626819320915537
2025-01-02 03:10:00,800015,NORMAL,HS1306571,162,27.0,0.10328453285234664,52.49668466713933,16.664075800499344,-0.021114233166880422,0.09592367241798883
2025-01-02 03:20:00,800015,NORMAL,HS1306571,163,27.166666666666664,0.11403841979657972,49.478912713581195,16.4410463686849,-0.014166237366336626,-4.579258087363776
2025-01-02 03:30:00,800015,NORMAL,HS1306571,164,27.333333333333332,0.12385000425018905,53.01188804709123,17.505348645243973,-0.007340298932235034,-2.365064155131982
2025-01-02 03:40:00,800015,NORMAL,HS1306571,165,27.5,0.13648813392784853,53.723600971168196,17.68270968789148,0.0034269341127924624,-2.3631657846150347
2025-01-02 03:50:00,800015,NORMAL,HS1306571,166,27.666666666666664,0.1300416060102048,50.70363819155632,17.452327372678702,-0.0042619640972039186,-5.662781813857897
2025-01-02 04:00:00,800015,NORMAL,HS1306571,167,27.833333333333332,0.12081879731942442,54.54773012384171,18.39094426358019,-0.014515377404957272,-1.9046206584240792
2025-01-02 04:10:00,800015,NORMAL,HS1306571,168,28.0,0.12881520133816593,55.93120682353309,17.54605850815522,-0.007307068131787664,-0.9399294422377196
2025-01-02 04:20:00,800015,NORMAL,HS1306571,169,28.166666666666664,0.1236255924382494,60.51216300004206,18.10350847894101,-0.012539600121430614,3.0081768895258563
2025-01-02 04:30:00,800015,NORMAL,HS1306571,170,28.333333333333332,0.14187078313816215,55.434621586848,19.246140368833373,0.004575649029319395,-3.3481651413596865
2025-01-02 04:40:00,800015,NORMAL,HS1306571,171,28.5,0.1338154413927439,54.73556043321527,19.49766222829135,-0.006269883585498459,-6.258254988881113
2025-01-02 04:50:00,800015,NORMAL,HS1306571,172,28.666666666666664,0.13055559000499015,55.46616913873807,20.482982141299708,-0.013401856419661351,-8.433646305770488
2025-01-02 05:00:00,800015,NORMAL,HS1306571,173,28.833333333333332,0.1432575613524472,61.86500693309611,18.651745331035844,-0.004942387434588857,-5.2371223774415085
2025-01-02 05:10:00,800015,NORMAL,HS1306571,174,29.0,0.1360180133872768,74.40564408767356,19.009747809906333,-0.017011896301025814,3.9046866678211956
2025-01-02 05:20:00,800015,NORMAL,HS1306571,175,29.166666666666664,0.13092435578423928,78.56116862833662,20.173588961417234,-0.0283537251813486,3.90322898976207
2025-01-02 05:30:00,800015,NORMAL,HS1306571,176,29.333333333333332,0.15967038076684614,79.03967579345455,20.139875044631918,-0.006532252996426791,-0.31591414523153105
2025-01-02 05:40:00,800015,NORMAL,HS1306571,177,29.5,0.15846621765995228,82.76667346225305,20.615367921349876,-0.014664590186237392,-1.405221586477694
2025-01-02 05:50:00,800015,NORMAL,HS1306571,178,29.666666666666664,0.17736101780408609,90.41394643568576,20.930186238741417,-0.0025749484458575667,1.4212445355486238
2025-01-02 06:00:00,800015,NORMAL,HS1306571,179,29.833333333333332,0.1781450944793656,98.75589075764344,20.010066813443142,-0.00832136280746601,5.075356910081979
2025-01-02 06:10:00,800015,NORMAL,HS1306571,180,30.0,0.19330423449644807,106.51960580966747,21.07832039659862,0.0015048801782743537,8.620334993972463
2025-01-02 06:20:00,800015,NORMAL,HS1306571,181,30.166666666666664,0.18623842279218125,100.91852180891844,23.521962699973937,-0.008501215385335603,0.0684427618997887
2025-01-02 06:30:00,800015,NORMAL,HS1306571,182,30.333333333333332,0.18109938612220355,91.94500105880091,23.57333855575669,-0.015008621056397636,-10.730337421434513
2025-01-02 06:40:00,800015,NORMAL,HS1306571,183,30.5,0.19479121503447522,87.71745070547122,24.952872532135974,-0.002276700058151976,-16.37274887951621
2025-01-02 06:50:00,800015,NORMAL,HS1306571,184,30.666666666666664,0.19191015699795896,83.55741207725656,26.59244937477273,-0.006220833853782831,-21.940679498549457
2025-01-02 07:00:00,800015,NORMAL,HS1306571,185,30.833333333333332,0.18813581015748082,97.69376573070747,27.85728474644876,-0.011229605305493051,-9.304088900755971
2025-01-02 07:10:00,800015,NORMAL,HS1306571,186,31.0,0.18628425512850869,105.79874787066453,28.902916336985836,-0.015302414450809876,-3.12955282866281
2025-01-02 07:20:00,800015,NORMAL,HS1306571,187,31.166666666666664,0.18898074698147804,105.06918681369781,28.251057675675835,-0.015990389418262224,-6.4113895310739935
2025-01-02 07:30:00,800015,NORMAL,HS1306571,188,31.333333333333332,0.19763130201407542,105.67178453561877,30.748414800389458,-0.011372542983173639,-8.830698346896199
2025-01-02 07:40:00,800015,NORMAL,HS1306571,189,31.5,0.22263663369643338,117.10890847615181,30.307498900524976,0.009461660243954728,-0.5725472464176846
2025-01-02 07:50:00,800015,NORMAL,HS1306571,190,31.666666666666664,0.2446198440677655,116.76768391601492,29.79871252187507,0.02732633115781752,-4.091212222958504
2025-01-02 08:00:00,800015,NORMAL,HS1306571,191,31.833333333333332,0.2309827668452152,122.67393624667805,28.240279929688786,0.009705830362435108,-1.2883055473234606
2025-01-02 08:10:00,800015,NORMAL,HS1306571,192,32.0,0.18767408304855537,135.3689598108863,27.72040849756285,-0.03629403559051342,9.202631157273913
2025-01-02 08:20:00,800015,NORMAL,HS1306571,193,32.166666666666664,0.19382779511966647,139.2051439783973,29.396003401620007,-0.031164482482415795,12.162622006865845
2025-01-02 08:30:00,800015,NORMAL,HS1306571,194,32.33333333333333,0.19457591751504566,132.54153141361,28.58035237713881,-0.030077964967670012,5.655213400656805
2025-01-02 08:40:00,800015,NORMAL,HS1306571,195,32.5,0.1872122931478026,122.96235825144265,31.99785835196251,-0.03640892258796635,-3.2170946524687167
2025-01-02 08:50:00,800015,NORMAL,HS1306571,196,32.666666666666664,0.2053306895768872,122.25689261633862,33.36082367681434,-0.016948959435913097,-2.9719465600021238
2025-01-02 09:00:00,800015,NORMAL,HS1306571,197,32.83333333333333,0.2268439409772272,127.36051396686781,32.14800507153264,0.006113971711253552,3.229755373346535
2025-01-02 09:10:00,800015,NORMAL,HS1306571,198,33.0,0.21327519722616284,122.51432688594652,31.61872361991565,-0.006963276702344839,-0.9796805035770717
2025-01-02 09:20:00,800015,NORMAL,HS1306571,199,33.166666666666664,0.22721675853257986,113.37962949412358,31.76479983674126,0.0052592548297058506,-10.78743855427821
2025-01-02 09:30:00,800015,NORMAL,HS1306571,200,33.33333333333333,0.20450625279485668,116.42787649981192,30.07506777973195,-0.02054456672359961,-9.425012542763469
2025-01-02 09:40:00,800015,NORMAL,HS1306571,201,33.5,0.19298539700962158,133.1583137133155,32.247840847690284,-0.03563561084218245,5.20612355885045
2025-01-02 09:50:00,800015,NORMAL,HS1306571,202,33.666666666666664,0.22070502339717946,125.56645708765929,32.649094740665355,-0.011663249609618065,-4.660902714960585
2025-01-02 10:00:00,800015,NORMAL,HS1306571,203,33.83333333333333,0.21904875601457802,130.6350121487717,34.08688306371397,-0.017049154042760528,-1.894450988650675
2025-01-02 10:10:00,800015,NORMAL,HS1306571,204,34.0,0.21168397290433486,141.42058525519184,35.54951578178909,-0.027196337667385162,7.104361705803058
2025-01-02 10:20:00,800015,NORMAL,HS1306571,205,34.166666666666664,0.22585742266159867,134.6681976137651,33.46795120330118,-0.013254726352769086,0.30017575379085315
2025-01-02 10:30:00,800015,NORMAL,HS1306571,206,34.33333333333333,0.2127430039421938,117.24262383762304,33.40695197301176,-0.024678609660485018,-15.678788683783253
2025-01-02 10:40:00,800015,NORMAL,HS1306571,207,34.5,0.1947936008053333,134.0744328113344,35.8811884832081,-0.04020405583868858,3.243918652760783
2025-01-02 10:50:00,800015,NORMAL,HS1306571,208,34.666666666666664,0.2169665139466006,128.30327826175738,31.89154709857113,-0.015397931665893094,-0.23397969352927817
2025-01-02 11:00:00,800015,NORMAL,HS1306571,209,34.83333333333333,0.21228762218904876,112.08105997320654,32.953797517077284,-0.017359168483270182,-14.083098764250252
2025-01-02 11:10:00,800015,NORMAL,HS1306571,210,35.0,0.2261814816026072,104.73163479758695,34.20501357147679,-0.0005655560814695204,-19.130953147493855
2025-01-02 11:20:00,800015,NORMAL,HS1306571,211,35.166666666666664,0.21784995995878031,111.6446201534446,30.899093504330562,-0.006087889014412429,-10.311478156521503
2025-01-02 11:30:00,800015,NORMAL,HS1306571,212,35.33333333333333,0.20457394522129096,107.28494943446924,33.22909730545779,-0.016874405804699927,-13.117352209721162
2025-01-02 11:40:00,800015,NORMAL,HS1306571,213,35.5,0.2267121159913221,99.13626575605961,33.406294345877754,0.007763196817367979,-19.76366019183679
2025-01-02 11:50:00,800015,NORMAL,HS1306571,214,35.666666666666664,0.2240111083410322,107.81723147822318,31.01998979232614,0.0076429827921992155,-9.51145246541239
2025-01-02 12:00:00,800015,NORMAL,HS1306571,215,35.83333333333333,0.21906615151367895,111.856465867158,32.510954194829154,0.00533183622599212,-3.843739322762488
2025-01-02 12:10:00,800015,NORMAL,HS1306571,216,36.0,0.18635297316747,118.89198837933095,32.2541499150901,-0.024669259305419328,5.049631007866097
2025-01-02 12:20:00,800015,NORMAL,HS1306571,217,36.166666666666664,0.19233429958272266,114.3458597208467,32.70588000218506,-0.016679326792464227,2.2066745092935918
2025-01-02 12:30:00,800015,NORMAL,HS1306571,218,36.33333333333333,0.19327457836172862,106.56307586629637,31.584632305569738,-0.014609075115545767,-4.542267283171682
2025-01-02 12:40:00,800015,NORMAL,HS1306571,219,36.5,0.19951282764730607,106.41739783805583,33.1248494026661,-0.007869949607507143,-4.165179512340046
2025-01-02 12:50:00,800015,NORMAL,HS1306571,220,36.666666666666664,0.1836359102877508,101.80168669127927,32.057463836452094,-0.023675450884275417,-8.602199149491042
2025-01-02 13:00:00,800015,NORMAL,HS1306571,221,36.83333333333333,0.1964678258491689,106.45365841465738,32.78599703524897,-0.011050620062660943,-3.9934711015209245
2025-01-02 13:10:00,800015,NORMAL,HS1306571,222,37.0,0.19873031740820998,105.94813322373086,33.53001003768934,-0.009736233002296563,-5.0201159416143355
2025-01-02 13:20:00,800015,NORMAL,HS1306571,223,37.166666666666664,0.19014766949886056,107.28261098406574,33.58951012199238,-0.019890262183326374,-4.632395802304387
2025-01-02 13:30:00,800015,NORMAL,HS1306571,224,37.33333333333333,0.20769355409682153,119.15119845675245,32.71181002189108,-0.004079349740957139,6.194220495695362
2025-01-02 13:40:00,800015,NORMAL,HS1306571,225,37.5,0.20113622089512126,114.81921347201269,32.183438009664705,-0.012504797817264907,0.7478962393379049
2025-01-02 13:50:00,800015,NORMAL,HS1306571,226,37.666666666666664,0.2135256915162558,111.52109707970878,32.492788715833385,-0.0021184966019175966,-3.7522904345943715
2025-01-02 14:00:00,800015,NORMAL,HS1306571,227,37.83333333333333,0.21268235151182557,110.39758551704682,30.264563726461862,-0.005087070785171094,-6.166154257576281
2025-01-02 14:10:00,800015,NORMAL,HS1306571,228,38.0,0.209778903795651,122.92849408911975,31.326397443708544,-0.010305943394490702,4.537784033000904
2025-01-02 14:20:00,800015,NORMAL,HS1306571,229,38.166666666666664,0.22444845405781666,120.63508833439415,31.816558427655554,0.002261281923507996,-0.0964141291383811
2025-01-02 14:30:00,800015,NORMAL,HS1306571,230,38.33333333333333,0.22164811117822436,110.25485082824066,30.403239815291503,-0.002757950706007095,-13.031386672853884
2025-01-02 14:40:00,800015,NORMAL,HS1306571,231,38.5,0.20103430077768414,125.06445096038097,30.482528992074812,-0.025623513685127164,-0.854091542946918
2025-01-02 14:50:00,800015,NORMAL,HS1306571,232,38.666666666666664,0.20282211393211083,111.78673589623817,30.204985877830072,-0.025988712950616832,-16.71019095836344
2025-01-02 15:00:00,800015,NORMAL,HS1306571,233,38.83333333333333,0.21742273813255972,112.22078472367116,32.349162115522226,-0.013439776470526882,-18.775353478006593
2025-01-02 15:10:00,800015,NORMAL,HS1306571,234,39.0,0.2230557922065709,101.00997578672586,29.799418451987442,-0.00959000875475624,-32.037669985959
2025-01-02 15:20:00,800015,NORMAL,HS1306571,235,39.166666666666664,0.22013720319215563,117.33333043366315,33.24265160623529,-0.015193211176153076,-18.011105921962383
2025-01-02 15:30:00,800015,NORMAL,HS1306571,236,39.33333333333333,0.22387291218159824,127.69194677778974,34.88678624228891,-0.014949200605426094,-10.509786473005633
2025-01-02 15:40:00,800015,NORMAL,HS1306571,237,39.5,0.21968483904804462,137.08199319003631,33.8359511666441,-0.02311017887711947,-4.3599505877637625
2025-01-02 15:50:00,800015,NORMAL,HS1306571,238,39.666666666666664,0.21828220697253053,140.95287518393306,34.68368047909413,-0.028725473544403524,-3.9373677846031967
2025-01-02 16:00:00,800015,NORMAL,HS1306571,239,39.83333333333333,0.23746083300844445,148.1972342716519,32.417950693707276,-0.013895558100642524,-0.2727504610685685
2025-01-02 16:10:00,800015,NORMAL,HS1306571,240,40.0,0.2524787629120498,149.23671193692823,35.089997428131504,-0.0038484645880597634,-2.9651909205116453
2025-01-02 16:20:00,800015,NORMAL,HS1306571,241,40.166666666666664,0.2385786333904912,146.4658797983007,33.0050848178817,-0.022160471598706016,-8.83216768419112
2025-01-02 16:30:00,800015,NORMAL,HS1306571,242,40.33333333333333,0.2302880053907211,142.09437985425023,34.49842982338629,-0.033373179877201536,-15.171090315475794
2025-01-02 16:40:00,800015,NORMAL,HS1306571,243,40.5,0.266997510992834,160.95822369387355,36.63538165349368,0.0014426863222968822,2.5510245967423373
2025-01-02 16:50:00,800015,NORMAL,HS1306571,244,40.666666666666664,0.26384884700413824,167.38314884009247,37.83430753779042,-0.003070028703732519,8.279648294584177
2025-01-02 17:00:00,800015,NORMAL,HS1306571,245,40.83333333333333,0.23938123848145745,156.84979903505163,37.57388666196282,-0.028615866267573536,-2.70950599462023
2025-01-02 17:10:00,800015,NORMAL,HS1306571,246,41.0,0.23954381394565816,165.54223469603022,38.56679272327638,-0.028219534719969797,6.266626980780046
2025-01-02 17:20:00,800015,NORMAL,HS1306571,247,41.166666666666664,0.26161187109212314,162.32761589011997,41.362429744327024,-0.00411269880333387,4.558881278474217
2025-01-02 17:30:00,800015,NORMAL,HS1306571,248,41.33333333333333,0.2734910694703231,141.15925260315734,42.36002009474468,0.0104672928363157,-14.494573808834588
2025-01-02 17:40:00,800015,NORMAL,HS1306571,249,41.5,0.2498258601953852,120.4125195115901,40.49528713441428,-0.010242922924295433,-32.88667089693887
2025-01-02 17:50:00,800015,NORMAL,HS1306571,250,41.666666666666664,0.24724180220575778,133.82682287179097,39.47364008913273,-0.009644655448081157,-16.942428150460813
2025-01-02 18:00:00,800015,NORMAL,HS1306571,251,41.83333333333333,0.251525156645968,145.42039364166655,38.89880306128785,-0.0019959105923196274,-2.6895059016568155
2025-01-02 18:10:00,800015,NORMAL,HS1306571,252,42.0,0.22329739129049397,137.7222555090323,37.79877894477573,-0.026484088979403575,-7.316236231318641
2025-01-02 18:20:00,800015,NORMAL,HS1306571,253,42.166666666666664,0.22873008655813323,148.93403180209506,34.443640241440725,-0.01748053854296658,7.115951969447082
2025-01-02 18:30:00,800015,NORMAL,HS1306571,254,42.33333333333333,0.22584459223056613,146.13136528604443,32.68352529889185,-0.01709815936067008,7.297469742345413
2025-01-02 18:40:00,800015,NORMAL,HS1306571,255,42.5,0.22394288416136915,138.7571808106102,32.011733968311006,-0.01573434998200149,2.869361090054724
2025-01-02 18:50:00,800015,NORMAL,HS1306571,256,42.666666666666664,0.20905681303985701,115.05233886312426,32.610795435402885,-0.027281869516715934,-17.849710846880228
2025-01-02 19:00:00,800015,NORMAL,HS1306571,257,42.83333333333333,0.21154777373662062,120.45972128246308,31.143833323751007,-0.02138657440259037,-9.415136342458766
2025-01-02 19:10:00,800015,NORMAL,HS1306571,258,43.0,0.23671698369639538,128.10591436650094,30.127415229359645,0.006478354321074936,0.6391717269883799
2025-01-02 19:20:00,800015,NORMAL,HS1306571,259,43.166666666666664,0.23083460131390438,125.51157342054685,29.152752291466484,0.0030936908683775743,-0.0262640601132631
2025-01-02 19:30:00,800015,NORMAL,HS1306571,260,43.33333333333333,0.21330881878025984,112.37972914053202,29.82839822950439,-0.01184699990018881,-11.179843144248494
2025-01-02 19:40:00,800015,NORMAL,HS1306571,261,43.5,0.21256588028859263,129.1749465825216,28.204229045866686,-0.010238678572373039,7.4491294052746895
2025-01-02 19:50:00,800015,NORMAL,HS1306571,262,43.666666666666664,0.21894236290005142,113.99357522095205,28.509596982348604,-0.0017385252516206873,-6.072222526561063
2025-01-02 20:00:00,800015,NORMAL,HS1306571,263,43.83333333333333,0.23511845848104873,112.19687211457388,28.25305961835789,0.0163884391487521,-6.338766577018077
2025-01-02 20:10:00,800015,NORMAL,HS1306571,264,44.0,0.21522823006866898,114.31246082161353,29.214175830088465,-0.0014727780670924229,-2.7228907229751798
2025-01-02 20:20:00,800015,NORMAL,HS1306571,265,44.166666666666664,0.197240510936349,109.455684967149,29.655443577660037,-0.01752073050705316,-6.19972432052009
2025-01-02 20:30:00,800015,NORMAL,HS1306571,266,44.33333333333333,0.1948720403949386,106.96243214587352,27.913138059250624,-0.01800350457467398,-7.439041244807029
2025-01-02 20:40:00,800015,NORMAL,HS1306571,267,44.5,0.178603323063291,96.47187976521982,27.14819130771419,-0.032135683158141026,-16.559863574033898
2025-01-02 20:50:00,800015,NORMAL,HS1306571,268,44.666666666666664,0.16812980339773217,98.36237989441037,26.181415767908458,-0.04026226518442655,-13.168671365876321
2025-01-02 21:00:00,800015,NORMAL,HS1306571,269,44.83333333333333,0.16917998798682296,101.07126990734099,26.15707020835788,-0.03675169840712447,-8.883328470780313
2025-01-02 21:10:00,800015,NORMAL,HS1306571,270,45.0,0.17253532158097085,91.75881765152428,26.60629068252051,-0.030740872737039737,-16.386138077312452
2025-01-02 21:20:00,800015,NORMAL,HS1306571,271,45.166666666666664,0.17877094312553984,95.19785333152494,26.451497486116597,-0.021943311531608445,-11.029332275609846
2025-01-02 21:30:00,800015,NORMAL,HS1306571,272,45.33333333333333,0.17533200366569549,96.70742071921204,26.177518268634294,-0.022597922112987945,-7.418910217343765
2025-01-02 21:40:00,800015,NORMAL,HS1306571,273,45.5,0.1540386825984459,102.29493374884264,25.88386488092356,-0.04107519260412179,0.3156290873202181
2025-01-02 21:50:00,800015,NORMAL,HS1306571,274,45.666666666666664,0.15634718819749222,99.26301287206788,25.849835873544773,-0.03602031371490888,-0.6176602744430539
2025-01-02 22:00:00,800015,NORMAL,HS1306571,275,45.83333333333333,0.15110467001813166,92.88390780639354,25.75890168776793,-0.03853284842321322,-4.920365463545721
2025-01-02 22:10:00,800015,NORMAL,HS1306571,276,46.0,0.16938626203641008,95.57319782853463,26.31958369068877,-0.01740501051733731,-0.15522788892050698
2025-01-02 22:20:00,800015,NORMAL,HS1306571,277,46.166666666666664,0.18188073080713626,97.54894436989912,25.42493835740803,-0.001123920095866482,4.343505315834747
2025-01-02 22:30:00,800015,NORMAL,HS1306571,278,46.33333333333333,0.1677418265258886,97.66980746443714,26.059989965785253,-0.010666290276376028,7.509186224407998
2025-01-02 22:40:00,800015,NORMAL,HS1306571,279,46.5,0.17432888483282366,94.26555334460818,25.09161781723308,0.0010676234484859048,7.497601951471154
2025-01-02 22:50:00,800015,NORMAL,HS1306571,280,46.666666666666664,0.1656883709870254,76.86143446248087,24.76263832184074,-0.0019479616639397346,-6.23458799588596
2025-01-02 23:00:00,800015,NORMAL,HS1306571,281,46.83333333333333,0.165952932569283,71.84325205953623,22.986584990069698,0.004232721642289994,-7.4875553575093505
2025-01-02 23:10:00,800015,NORMAL,HS1306571,282,47.0,0.1672618836672145,73.85873274712723,24.123422424182166,0.012056621044403748,-1.3383035584355412
2025-01-02 23:20:00,800015,NORMAL,HS1306571,283,47.166666666666664,0.14893228923567384,68.78463940331702,23.82528616374962,7.68711175069825e-05,-2.0863392191346293
2025-01-02 23:30:00,800015,NORMAL,HS1306571,284,47.33333333333333,0.14156759559150178,64.97456034811715,23.36635717383612,-0.0015657530552410648,-1.8988093505399206
2025-01-02 23:40:00,800015,NORMAL,HS1306571,285,47.5,0.13319050528176854,57.548683140209846,22.1412426170085,-0.004911399254612203,-5.7433384269696575
2025-01-02 23:50:00,800015,NORMAL,HS1306571,286,47.666666666666664,0.11756105616638748,54.027027649911865,19.853043714976717,-0.01613859167919457,-6.065849591210139
2025-01-01 00:10:00,800016,NORMAL,HS1306571,0,0.0,0.026482178906906146,4.0899267179205925,18.476150268611136,0.000894700708125605,-0.3937638206577452
2025-01-01 00:20:00,800016,NORMAL,HS1306571,1,0.16666666666666666,0.061580787191826206,14.925639398987318,18.093210748609888,0.003119917188081328,-2.059741189240743
2025-01-01 00:30:00,800016,NORMAL,HS1306571,2,0.3333333333333333,0.10557936540729129,36.05502686411962,18.084134642460405,-0.001151343413821615,-3.85540725061189
2025-01-01 00:40:00,800016,NORMAL,HS1306571,3,0.5,0.14070060838075238,55.25569397078835,19.174278177495538,0.0026940100779390963,-5.0372082082626335
2025-01-01 00:50:00,800016,NORMAL,HS1306571,4,0.6666666666666666,0.15737770702402112,68.56670156661839,19.565837970414353,0.009577393398290557,-0.6632488001797299
2025-01-01 01:00:00,800016,NORMAL,HS1306571,5,0.8333333333333333,0.14528284762516253,63.98280380804216,19.193580412598617,-0.00363183109465251,-7.1882142107202185
2025-01-01 01:10:00,800016,NORMAL,HS1306571,6,1.0,0.14453281666432855,65.33943520943217,18.92212252510944,-0.003039275710479461,-5.115693776822354
2025-01-01 01:20:00,800016,NORMAL,HS1306571,7,1.1666666666666665,0.1388892904645651,62.606984821250066,19.788195388646606,-0.004453902837786017,-4.939450134588796
2025-01-01 01:30:00,800016,NORMAL,HS1306571,8,1.3333333333333333,0.12519472716505983,64.55936628160153,20.173137435553166,-0.012886743960552116,0.9895872585446739
2025-01-01 01:40:00,800016,NORMAL,HS1306571,9,1.5,0.11866708323233476,60.92286059409488,18.67551072850502,-0.015056111721029011,1.0846634791736136
2025-01-01 01:50:00,800016,NORMAL,HS1306571,10,1.6666666666666665,0.1265005743396426,55.48928486672953,18.229458267718034,-0.003889710430101778,-1.2204106007960789
2025-01-01 02:00:00,800016,NORMAL,HS1306571,11,1.8333333333333333,0.11874316580229916,50.613525409967224,18.565737244959962,-0.008898552973454654,-3.422431848186264
2025-01-01 02:10:00,800016,NORMAL,HS1306571,12,2.0,0.11324552424834616,49.046147525740054,17.13225055717108,-0.014101473683058807,-4.006441898130248
2025-01-01 02:20:00,800016,NORMAL,HS1306571,13,2.1666666666666665,0.12250996449289377,51.15600814336776,16.54751457129898,-0.007801458091440436,-3.6149545214204792
2025-01-01 02:30:00,800016,NORMAL,HS1306571,14,2.333333333333333,0.13835665953115064,57.170044245021465,17.041174217330816,0.003233837238117654,-0.9737619210067976
2025-01-01 02:40:00,800016,NORMAL,HS1306571,15,2.5,0.13205490396124844,61.469875343327566,17.43995848710541,-0.008055576637640366,-0.5492896896950512
2025-01-01 02:50:00,800016,NORMAL,HS1306571,16,2.6666666666666665,0.13111995865252657,62.64405062355975,16.87104643758529,-0.013334108893078844,-3.0364088320009017
2025-01-01 03:00:00,800016,NORMAL,HS1306571,17,2.833333333333333,0.1556374236273299,63.221971565465026,16.983944387422618,0.00742888285871543,-5.781990326900839
2025-01-01 03:10:00,800016,NORMAL,HS1306571,18,3.0,0.1568804057716195,68.54013140716931,18.478228413407656,0.008270461649167754,-1.9107319839487502
2025-01-01 03:20:00,800016,NORMAL,HS1306571,19,3.1666666666666665,0.14585259475619153,69.81388092432006,18.722817199674942,4.5696060260724813e-05,0.43366111105311234
2025-01-01 03:30:00,800016,NORMAL,HS1306571,20,3.333333333333333,0.13285593395769382,68.33589086500277,19.038496919277684,-0.009601500684814107,0.7423470030915951
2025-01-01 03:40:00,800016,NORMAL,HS1306571,21,3.5,0.13056724450353194,68.57632480555925,17.522306472865576,-0.00871732340469375,2.767647398829183
2025-01-01 03:50:00,800016,NORMAL,HS1306571,22,3.6666666666666665,0.14087905271727713,63.95970569640805,17.959823204644632,0.004447700768562213,-0.2494353513591392
2025-01-01 04:00:00,800016,NORMAL,HS1306571,23,3.833333333333333,0.13427905203443885,60.692293933021574,16.243939482268335,0.0005551340247119396,-2.026566574364672
2025-01-01 04:10:00,800016,NORMAL,HS1306571,24,4.0,0.1377812431611225,55.78080465535971,15.939886614877986,0.004603107990200195,-6.45587116169375
2025-01-01 04:20:00,800016,NORMAL,HS1306571,25,4.166666666666666,0.13893699053176864,59.01579634343858,18.1265030695551,0.0035459928227266624,-4.584005600478967
2025-01-01 04:30:00,800016,NORMAL,HS1306571,26,4.333333333333333,0.12646773170809572,66.75656738106048,17.637366824503953,-0.011992912606117179,0.9817829499469468
2025-01-01 04:40:00,800016,NORMAL,HS1306571,27,4.5,0.13481299130748428,70.91982474019757,18.245166763924118,-0.006850303582440792,2.784430331841534
2025-01-01 04:50:00,800016,NORMAL,HS1306571,28,4.666666666666666,0.14436625739035697,70.57370286215193,18.25520923487642,-0.0005726295220914446,0.024254871369052466
2025-01-01 05:00:00,800016,NORMAL,HS1306571,29,4.833333333333333,0.14273593854007732,74.22139774342382,18.562096409911064,-0.0055775202662477485,1.204260231148993
2025-01-01 05:10:00,800016,NORMAL,HS1306571,30,5.0,0.13782801790655982,77.61348578067408,18.741177811139654,-0.014526348179771997,2.109546687718904
2025-01-01 05:20:00,800016,NORMAL,HS1306571,31,5.166666666666666,0.1516808374183436,74.8518908095726,17.721940638378044,-0.005687190615502213,-3.077761255997345
2025-01-01 05:30:00,800016,NORMAL,HS1306571,32,5.333333333333333,0.15394196599614726,74.15723544032912,18.441016324415866,-0.008773916947878019,-6.332785206673165
2025-01-01 05:40:00,800016,NORMAL,HS1306571,33,5.5,0.17293088587059077,81.79222064978948,18.682129782721518,0.004720966129809739,-1.4204952361767909
2025-01-01 05:50:00,800016,NORMAL,HS1306571,34,5.666666666666666,0.1719184635918912,76.48116352463927,17.462504141014968,-0.0017634433963299723,-9.524405939526119
2025-01-01 06:00:00,800016,NORMAL,HS1306571,35,5.833333333333333,0.16623059275901017,82.23703633172404,17.593707051091233,-0.012971503349906821,-6.736430285613096
2025-01-01 06:10:00,800016,NORMAL,HS1306571,36,6.0,0.17469445411030415,85.13619702704608,20.35696875306556,-0.008592298485633892,-6.49750325687917
2025-01-01 06:20:00,800016,NORMAL,HS1306571,37,6.166666666666666,0.151136753414557,89.920041466928,19.268624442192483,-0.034473512817688234,-3.77134092266337
2025-01-01 06:30:00,800016,NORMAL,HS1306571,38,6.333333333333333,0.19011843696731917,80.3882878409839,20.04919077998515,0.002292948342985185,-15.31620711038019
2025-01-01 06:40:00,800016,NORMAL,HS1306571,39,6.5,0.19126215147253053,82.54626226976916,23.725613450880402,0.0014119369191339937,-15.079042979626976
2025-01-01 06:50:00,800016,NORMAL,HS1306571,40,6.666666666666666,0.19848460380758376,88.47108723917768,23.317840370775862,0.007015813688245054,-10.834278993561028
2025-01-01 07:00:00,800016,NORMAL,HS1306571,41,6.833333333333333,0.18666049327200304,90.06240894926863,26.725738161281107,-0.0060553604020361085,-10.673524316468104
2025-01-01 07:10:00,800016,NORMAL,HS1306571,42,7.0,0.18564251021019865,91.02264772934403,26.807969450651086,-0.008719995070224418,-11.113509045540013
2025-01-01 07:20:00,800016,NORMAL,HS1306571,43,7.166666666666666,0.18303300231699626,93.62851611728986,26.99770606202443,-0.012853626214951758,-9.666543303632977
2025-01-01 07:30:00,800016,NORMAL,HS1306571,44,7.333333333333333,0.175523855331914,100.777752745387,30.692876100770587,-0.021560705198556435,-3.3757800735318995
2025-01-01 07:40:00,800016,NORMAL,HS1306571,45,7.5,0.17163470113700535,93.4325774486199,30.718882453293794,-0.027255983162332992,-11.901102259406002
2025-01-01 07:50:00,800016,NORMAL,HS1306571,46,7.666666666666666,0.195179046833497,98.68223656697546,30.426444269785502,-0.006119903640549984,-8.23636737025626
2025-01-01 08:00:00,800016,NORMAL,HS1306571,47,7.833333333333333,0.1754358398811129,99.80501529706567,30.48935097176039,-0.028523428193628242,-8.894459581715722
2025-01-01 08:10:00,800016,NORMAL,HS1306571,48,8.0,0.20816655159312172,103.09214367056018,30.477336786808646,0.002284443466934849,-7.0481319250480965
2025-01-01 08:20:00,800016,NORMAL,HS1306571,49,8.166666666666666,0.20451812831500468,104.05169256632402,30.78302776652434,-0.002519490871358082,-6.965817363756699
2025-01-01 08:30:00,800016,NORMAL,HS1306571,50,8.333333333333332,0.21423742878933053,106.08889075130372,31.205287191817888,0.005559006179395809,-6.0466668342791365
2025-01-01 08:40:00,800016,NORMAL,HS1306571,51,8.5,0.2189946231237455,110.92600683010586,31.857342534227282,0.00818136411549289,-2.6790666153018634
2025-01-01 08:50:00,800016,NORMAL,HS1306571,52,8.666666666666666,0.21543398870504102,111.74819190322484,33.415530049497455,0.0022706551547118092,-3.5147921673981273
2025-01-01 09:00:00,800016,NORMAL,HS1306571,53,8.833333333333332,0.22628221401792503,111.11874501171539,32.374471070017705,0.010703058249584563,-5.874708403535578
2025-01-01 09:10:00,800016,NORMAL,HS1306571,54,9.0,0.21658970870865815,109.22301489940969,32.71914926987776,-0.0012533377349984998,-9.420285471932232
2025-01-01 09:20:00,800016,NORMAL,HS1306571,55,9.166666666666666,0.22412335016935253,110.61776325381112,33.2592620593293,0.0049130079764139745,-9.212451439210056
2025-01-01 09:30:00,800016,NORMAL,HS1306571,56,9.333333333333332,0.21825143381215037,111.19005593013041,33.52647592061534,-0.000416711446058482,-8.566452429310402
2025-01-01 09:40:00,800016,NORMAL,HS1306571,57,9.5,0.21877963919555624,119.73376299386166,33.45523163765322,0.0020386848759217646,1.1465567779707726
2025-01-01 09:50:00,800016,NORMAL,HS1306571,58,9.666666666666666,0.19926847399730188,125.18266495685114,35.1783438308605,-0.014788578442028216,8.40206687294959
2025-01-01 10:00:00,800016,NORMAL,HS1306571,59,9.833333333333332,0.22861473811321695,111.26432384171966,33.07347572987524,0.01768284762783054,-3.3485492191772153
2025-01-01 10:10:00,800016,NORMAL,HS1306571,60,10.0,0.21180207229284778,99.24824355828488,32.79903415629702,0.003210603720684463,-13.484891878609218
2025-01-01 10:20:00,800016,NORMAL,HS1306571,61,10.166666666666666,0.1954622009847287,108.63921396601658,31.237668498836104,-0.01300845355132807,-3.5299019903839053
2025-01-01 10:30:00,800016,NORMAL,HS1306571,62,10.333333333333332,0.19603215016493902,107.4074729539866,34.73058283958745,-0.014112878874820906,-5.533950805136783
2025-01-01 10:40:00,800016,NORMAL,HS1306571,63,10.5,0.17938459971924403,112.79967943198366,35.420971315738434,-0.03323916705185356,-1.622292667828944
2025-01-01 10:50:00,800016,NORMAL,HS1306571,64,10.666666666666666,0.20703282641849793,96.2827357664538,33.81235630158206,-0.008365305049685301,-19.907400221169397
2025-01-01 11:00:00,800016,NORMAL,HS1306571,65,10.833333333333332,0.21952493154063019,100.76808681047606,35.211962830722484,0.001119105532088882,-17.38708798065025
2025-01-01 11:10:00,800016,NORMAL,HS1306571,66,11.0,0.23709311495614516,113.84924775162278,36.780188934994136,0.01524334390048665,-6.743115848440496
2025-01-01 11:20:00,800016,NORMAL,HS1306571,67,11.166666666666666,0.24001471614133232,112.57703196251849,38.53093099134315,0.016536359609344298,-9.530573508200234
2025-01-01 11:30:00,800016,NORMAL,HS1306571,68,11.333333333333332,0.1976279491218303,103.68282176862331,37.40344497792095,-0.025685117764928517,-18.597610701979306
2025-01-01 11:40:00,800016,NORMAL,HS1306571,69,11.5,0.2162995399931058,115.61393146720889,34.938753645301624,-0.0061193234369984195,-6.221232825388
2025-01-01 11:50:00,800016,NORMAL,HS1306571,70,11.666666666666666,0.2024526812653018,112.18865949581787,34.70007420206782,-0.018705939839377878,-8.92038916286728
2025-01-01 12:00:00,800016,NORMAL,HS1306571,71,11.833333333333332,0.21222605917505405,112.86748585209193,36.00831788556087,-0.007505713890015808,-7.394134281258232
2025-01-01 12:10:00,800016,NORMAL,HS1306571,72,12.0,0.20429478219103478,111.1560237538296,36.40807709637848,-0.012570323098037822,-7.502114979825379
2025-01-01 12:20:00,800016,NORMAL,HS1306571,73,12.166666666666666,0.2081590404326861,101.61523231487406,35.60271263998849,-0.005689794552619198,-15.365789682329094
2025-01-01 12:30:00,800016,NORMAL,HS1306571,74,12.333333333333332,0.21621178534154503,111.89380397416483,33.01540623112931,0.00457834797065787,-3.9490533613415693
2025-01-01 12:40:00,800016,NORMAL,HS1306571,75,12.5,0.20326385476436115,117.21551660858152,34.4133166069445,-0.0067241868695765705,2.1241381530597607
2025-01-01 12:50:00,800016,NORMAL,HS1306571,76,12.666666666666666,0.18191064552791752,111.35292471172436,35.88492112921988,-0.026741035734306418,-3.180502559629133
2025-01-01 13:00:00,800016,NORMAL,HS1306571,77,12.833333333333332,0.1859188399732691,108.9762070222078,34.54406934275896,-0.02157694646343042,-5.0996849564605355
2025-01-01 13:10:00,800016,NORMAL,HS1306571,78,13.0,0.18910672281080346,102.71167299197958,33.6457744428077,-0.017878806505352618,-10.875337202861843
2025-01-01 13:20:00,800016,NORMAL,HS1306571,79,13.166666666666666,0.1823198557635746,117.11426627917183,34.43829833401586,-0.025754872246128407,3.5336474747880544
2025-01-01 13:30:00,800016,NORMAL,HS1306571,80,13.333333333333332,0.208097001522701,115.42488986387941,35.04553819876271,-0.0025604908355577605,0.8455961839126758
2025-01-01 13:40:00,800016,NORMAL,HS1306571,81,13.5,0.20928828315762385,113.92620361497563,38.16048055854058,-0.004627545314472431,-2.3363715988861458
2025-01-01 13:50:00,800016,NORMAL,HS1306571,82,13.666666666666666,0.21282719135812475,110.88805864649555,36.36546126871802,-0.004655352443933586,-7.356324119029125
2025-01-01 14:00:00,800016,NORMAL,HS1306571,83,13.833333333333332,0.20926244654573398,113.96281618588905,37.731855595038326,-0.012122395996319868,-6.523856001398514
2025-01-01 14:10:00,800016,NORMAL,HS1306571,84,14.0,0.2263618422844618,132.79915788324277,39.34275640298703,0.00046428439564241697,9.130172640189556
2025-01-01 14:20:00,800016,NORMAL,HS1306571,85,14.166666666666666,0.23262290067758926,138.18035205624753,40.209748939226856,0.002635614607865183,10.827362156798628
2025-01-01 14:30:00,800016,NORMAL,HS1306571,86,14.333333333333332,0.22857812317683093,119.63223077912548,42.66143021747127,-0.004697260639908385,-10.993955309155552
2025-01-01 14:40:00,800016,NORMAL,HS1306571,87,14.5,0.2240416404095108,132.58808171763224,38.20037670171738,-0.012044235103241874,-0.9723507369078561
2025-01-01 14:50:00,800016,NORMAL,HS1306571,88,14.666666666666666,0.2383134112797593,130.7864109338985,37.373460498354035,-0.00025293935806428025,-5.450773311444124
2025-01-01 15:00:00,800016,NORMAL,HS1306571,89,14.833333333333332,0.2465776422052759,136.39382779626038,37.38007120856673,0.00572228328258681,-2.3801620680957
2025-01-01 15:10:00,800016,NORMAL,HS1306571,90,15.0,0.21116831675310088,138.43636387492293,36.37482526230284,-0.031772938991385474,-2.464109867719401
2025-01-01 15:20:00,800016,NORMAL,HS1306571,91,15.166666666666666,0.22459352239698202,139.26375573189523,36.73231458194536,-0.020421682077563813,-3.421284151944576
2025-01-01 15:30:00,800016,NORMAL,HS1306571,92,15.333333333333332,0.23056529997120417,146.41920009817233,35.642252930645846,-0.016450760406857667,2.0688883814090104
2025-01-01 15:40:00,800016,NORMAL,HS1306571,93,15.5,0.2527423845530118,130.65003854613326,30.693249737736604,0.0037878237373852874,-15.304264808657877
2025-01-01 15:50:00,800016,NORMAL,HS1306571,94,15.666666666666666,0.26112038293633816,142.10054268443145,33.13636104538435,0.010240929824400224,-5.450323563035994
2025-01-01 16:00:00,800016,NORMAL,HS1306571,95,15.833333333333332,0.2589946449292652,155.14706259963816,31.944802912605564,0.006211187910298732,6.013019298955612
2025-01-01 16:10:00,800016,NORMAL,HS1306571,96,16.0,0.28569952894996303,162.28632963922675,33.348190626916754,0.030776557298973217,11.584231409811196
2025-01-01 16:20:00,800016,NORMAL,HS1306571,97,16.166666666666664,0.27011480802056936,162.66059004391053,34.82890961562856,0.013201676591419242,10.639203492527002
2025-01-01 16:30:00,800016,NORMAL,HS1306571,98,16.333333333333332,0.24261011902312635,152.23648621423678,32.924291294367706,-0.015438890216052603,-0.42522157829122875
2025-01-01 16:40:00,800016,NORMAL,HS1306571,99,16.5,0.22051153584442673,164.94374991462738,33.01415059832291,-0.038217722659922515,12.055211315452965
2025-01-01 16:50:00,800016,NORMAL,HS1306571,100,16.666666666666664,0.2352659859219822,151.11674993799588,32.47740289407109,-0.02395999344795599,-1.8184625909914018
2025-01-01 17:00:00,800016,NORMAL,HS1306571,101,16.833333333333332,0.22528640007009854,144.04989583993952,32.53012659398056,-0.03438912877787176,-8.873169852563166
2025-01-01 17:10:00,800016,NORMAL,HS1306571,102,17.0,0.2339440892630389,146.31422449031996,33.398104810587704,-0.02497596460445306,-5.779712778678544
2025-01-01 17:20:00,800016,NORMAL,HS1306571,103,17.166666666666664,0.23882726970163642,139.1548302132583,32.27136420204318,-0.017177047481270413,-10.431240584065534
2025-01-01 17:30:00,800016,NORMAL,HS1306571,104,17.333333333333332,0.25334622019414044,142.02373505672665,31.278846361101376,0.0013131629031915004,-4.175948436611463
2025-01-01 17:40:00,800016,NORMAL,HS1306571,105,17.5,0.25020890835206744,133.58530959459577,32.408405425643025,0.0026382309867993836,-8.830434948003727
2025-01-01 17:50:00,800016,NORMAL,HS1306571,106,17.666666666666664,0.2731942439960285,136.89240087932833,30.254689529774353,0.030427330489042254,-1.4900522554668214
2025-01-01 18:00:00,800016,NORMAL,HS1306571,107,17.833333333333332,0.26208795439581384,124.17534682168008,31.050136304208717,0.024439833424615948,-9.971093168452683
2025-01-01 18:10:00,800016,NORMAL,HS1306571,108,18.0,0.23802169717805943,122.13876870462904,33.03016090125587,0.005051977137697006,-8.2895509492525
2025-01-01 18:20:00,800016,NORMAL,HS1306571,109,18.166666666666664,0.21864775834643596,111.48912008257787,31.745936542121605,-0.01094983160810073,-16.477130159630335
2025-01-01 18:30:00,800016,NORMAL,HS1306571,110,18.333333333333332,0.20658737423362328,113.77722710234134,31.033123260089095,-0.020787087075403943,-12.689080096619904
2025-01-01 18:40:00,800016,NORMAL,HS1306571,111,18.5,0.23558714835637312,127.73304803831775,31.986785475001426,0.009987648197473498,2.355618540157849
2025-01-01 18:50:00,800016,NORMAL,HS1306571,112,18.666666666666664,0.22376295115973474,126.30787995615535,33.17240665051756,-0.00022689744693460412,1.8622908752082026
2025-01-01 19:00:00,800016,NORMAL,HS1306571,113,18.833333333333332,0.22658354532868355,127.03700341830641,30.888507196257958,0.0041296313065306844,3.456038578235109
2025-01-01 19:10:00,800016,NORMAL,HS1306571,114,19.0,0.22088220912877646,124.12700295440183,31.793834850083794,-0.00013528040647731165,1.38705982315021
2025-01-01 19:20:00,800016,NORMAL,HS1306571,115,19.166666666666664,0.21148982239058067,102.82321729704441,31.67336394329212,-0.007662878518522265,-18.83994798041327
2025-01-01 19:30:00,800016,NORMAL,HS1306571,116,19.333333333333332,0.18685683345784698,107.74127528955232,32.42016838040541,-0.029576661864288145,-12.23679780833693
2025-01-01 19:40:00,800016,NORMAL,HS1306571,117,19.5,0.1860138056445271,112.46522262965195,28.72226303246279,-0.027379903405088835,-5.552664102133633
2025-01-01 19:50:00,800016,NORMAL,HS1306571,118,19.666666666666664,0.19327559615196913,117.03964703182702,29.12905627280485,-0.016974496984727444,1.0640967108670907
2025-01-01 20:00:00,800016,NORMAL,HS1306571,119,19.833333333333332,0.1942836746071949,118.63624279270047,27.488446544386864,-0.012824085143995634,4.693025504260362
2025-01-01 20:10:00,800016,NORMAL,HS1306571,120,20.0,0.2021589914803056,115.26789671034234,28.705323426034905,-0.0007650708340186108,4.100415128029553
2025-01-01 20:20:00,800016,NORMAL,HS1306571,121,20.166666666666664,0.2049468993605348,111.3620713109086,26.752300253378596,0.006450660199832786,3.473919050988002
2025-01-01 20:30:00,800016,NORMAL,HS1306571,122,20.333333333333332,0.195634587583978,106.7848370984133,27.9490706407805,0.0003996115373040843,1.4509482609107778
2025-01-01 20:40:00,800016,NORMAL,HS1306571,123,20.5,0.19757165995793646,97.78145348641264,26.06587353776924,0.005051430764948545,-5.456878961512928
2025-01-01 20:50:00,800016,NORMAL,HS1306571,124,20.666666666666664,0.19089143039143977,103.84088494895971,25.599062433862734,0.001016328566911584,2.5899671831549256
2025-01-01 21:00:00,800016,NORMAL,HS1306571,125,20.833333333333332,0.18334510028889547,110.09155024929123,25.45284534103118,-0.0037855518186928616,10.836860994375499
2025-01-01 21:10:00,800016,NORMAL,HS1306571,126,21.0,0.17933283140561654,98.52057851913902,25.796989435052442,-0.005838204123843005,0.7459726985837705
2025-01-01 21:20:00,800016,NORMAL,HS1306571,127,21.166666666666664,0.16111276091751645,91.73156315934149,25.619262783627764,-0.022180007650464267,-4.738489077516874
2025-01-01 21:30:00,800016,NORMAL,HS1306571,128,21.333333333333332,0.17188721884033617,97.96679910676366,24.88896321687752,-0.007868387783456277,3.8799596286607
2025-01-01 21:40:00,800016,NORMAL,HS1306571,129,21.5,0.17938676642855206,94.91791550987692,24.86372555125772,0.004312630800940798,4.08436566596896
2025-01-01 21:50:00,800016,NORMAL,HS1306571,130,21.666666666666664,0.1684173501115366,81.26001878897786,26.719325968448192,-0.0015143651131795388,-5.945006646950077
2025-01-01 22:00:00,800016,NORMAL,HS1306571,131,21.833333333333332,0.15575628508018596,85.50238890248306,25.596549804053726,-0.008808978741701834,2.095791835332193
2025-01-01 22:10:00,800016,NORMAL,HS1306571,132,22.0,0.1602667654250757,75.30049214820089,25.675260567877917,0.0011336746972780143,-4.337928730500337
2025-01-01 22:20:00,800016,NORMAL,HS1306571,133,22.166666666666664,0.15506721861574793,75.52006900572997,25.814128597445748,0.0010820583394535455,-0.6672720849432636
2025-01-01 22:30:00,800016,NORMAL,HS1306571,134,22.333333333333332,0.1327557374628855,75.72879761584173,26.27393986759051,-0.017510913343764617,2.103965839554263
2025-01-01 22:40:00,800016,NORMAL,HS1306571,135,22.5,0.1203001910075383,68.58642863496921,24.793317495284864,-0.027494107313755844,-3.2795066380897566
2025-01-01 22:50:00,800016,NORMAL,HS1306571,136,22.666666666666664,0.13293099464582056,71.41895614229121,27.23042822100623,-0.013134838123244147,0.8036163801023548
2025-01-01 23:00:00,800016,NORMAL,HS1306571,137,22.833333333333332,0.1346804510148344,66.92450519949747,24.255300085646837,-0.010106596064300283,-2.751923952865681
2025-01-01 23:10:00,800016,NORMAL,HS1306571,138,23.0,0.13548738888209377,64.26549777666926,22.71176871817661,-0.008079311653619609,-4.556646612521803
2025-01-01 23:20:00,800016,NORMAL,HS1306571,139,23.166666666666664,0.14062874139430592,65.87271254190539,23.140401120183014,-0.0019305803186794313,-2.30737261475619
2025-01-01 23:30:00,800016,NORMAL,HS1306571,140,23.333333333333332,0.14325556678481308,68.76888539836283,22.989462384649002,0.0007422962581066228,0.670253685562102
2025-01-01 23:40:00,800016,NORMAL,HS1306571,141,23.5,0.12912341970911412,69.05461213243704,22.68112621081031,-0.014251821396674913,0.4714383542030163
2025-01-01 23:50:00,800016,NORMAL,HS1306571,142,23.666666666666664,0.1350853196162831,65.0043922474672,22.82128737183257,-0.00973942269276587,-4.452326597075242
2025-01-02 00:00:00,800016,NORMAL,HS1306571,143,23.833333333333332,0.15994238819798928,64.70947695685759,22.386445633063193,0.013374807516991716,-5.8268696331065115
2025-01-02 00:10:00,800016,NORMAL,HS1306571,144,24.0,0.14468149154640017,72.54880764190987,22.56830631748983,-0.003824759026852226,0.7213648052997428
2025-01-02 00:20:00,800016,NORMAL,HS1306571,145,24.166666666666664,0.15836184616635351,67.38822653899324,22.747725025234764,0.008867770668025937,-5.313604737782569
2025-01-02 00:30:00,800016,NORMAL,HS1306571,146,24.333333333333332,0.15348527172013582,66.42889342979613,22.134328662134898,0.0045405838715384395,-6.257865040860125
2025-01-02 00:40:00,800016,NORMAL,HS1306571,147,24.5,0.14446574975928664,71.2223021586144,22.00236919642856,-0.0029064906630165976,-0.7907122048123512
2025-01-02 00:50:00,800016,NORMAL,HS1306571,148,24.666666666666664,0.13521971229302157,68.86542918642773,22.569085845233122,-0.010048040301476352,-2.121075865141563
2025-01-02 01:00:00,800016,NORMAL,HS1306571,149,24.833333333333332,0.14033322756143965,68.48296775361707,22.202927456556058,-0.002569351371231099,-1.3133325480541487
2025-01-02 01:10:00,800016,NORMAL,HS1306571,150,25.0,0.12958032926360114,65.69227890910713,20.640604290287847,-0.00991550067231714,-2.1561631322491053
2025-01-02 01:20:00,800016,NORMAL,HS1306571,151,25.166666666666664,0.13000854144946317,63.38401275285153,19.66251716097043,-0.005499435258683544,-1.7769603989366374
2025-01-02 01:30:00,800016,NORMAL,HS1306571,152,25.333333333333332,0.13062079800209367,63.32008047986254,20.956882866785822,-0.0008351028783163406,0.9861979744850018
2025-01-02 01:40:00,800016,NORMAL,HS1306571,153,25.5,0.12549093196730968,58.848920838782355,19.935293334500866,-0.0016788361122066775,-0.522477146466862
2025-01-02 01:50:00,800016,NORMAL,HS1306571,154,25.666666666666664,0.1292016567492235,57.17699115426865,18.271148875913184,0.0065656805780256455,0.9034970998444578
2025-01-02 02:00:00,800016,NORMAL,HS1306571,155,25.833333333333332,0.11268497567921494,50.760024425729895,17.502671406138774,-0.005371769593584694,-2.3846434341422764
2025-01-02 02:10:00,800016,NORMAL,HS1306571,156,26.0,0.11333175325481532,50.280184865112865,18.02284692708627,-0.0014297704968510294,-0.3459108609777033
2025-01-02 02:20:00,800016,NORMAL,HS1306571,157,26.166666666666664,0.10989543900723273,44.28302619521895,18.12207582032594,-0.003487997799362902,-4.910491998097086
2025-01-02 02:30:00,800016,NORMAL,HS1306571,158,26.333333333333332,0.10012390650061462,47.335277893916796,17.858129707123755,-0.01354472685294121,-1.3524252348604264
2025-01-02 02:40:00,800016,NORMAL,HS1306571,159,26.5,0.10593907376121824,42.01698559028084,17.15163854745785,-0.009404112728425784,-6.951575184970544
2025-01-02 02:50:00,800016,NORMAL,HS1306571,160,26.666666666666664,0.11444749459681275,44.09740273085695,16.992529077113083,-0.0034721500868559185,-5.706567363978387
2025-01-02 03:00:00,800016,NORMAL,HS1306571,161,26.833333333333332,0.12274121828959121,48.606601657157924,17.484359399809826,0.001754341216861674,-2.3683909622945265
2025-01-02 03:10:00,800016,NORMAL,HS1306571,162,27.0,0.11851472897974137,46.08200458386957,17.15403814702134,-0.005884037039485687,-6.318756410851769
2025-01-02 03:20:00,800016,NORMAL,HS1306571,163,27.166666666666664,0.12575955371032982,53.83429481547632,17.197116451274912,-0.002445103452586528,-0.22387598546865206
2025-01-02 03:30:00,800016,NORMAL,HS1306571,164,27.333333333333332,0.13340933548415448,57.95718722581816,16.983964279438073,0.0022190323017304003,2.5802350235949447
2025-01-02 03:40:00,800016,NORMAL,HS1306571,165,27.5,0.12560094611083988,52.93424430040855,17.568564581758388,-0.007460253704216185,-3.1525224553746796
2025-01-02 03:50:00,800016,NORMAL,HS1306571,166,27.666666666666664,0.12674239326972828,53.516006474584465,18.186989012499343,-0.0075611768376804556,-2.850413530829755
2025-01-02 04:00:00,800016,NORMAL,HS1306571,167,27.833333333333332,0.13991692436985723,52.811471714776616,19.294939714471063,0.004582749645475531,-3.6408790674891733
2025-01-02 04:10:00,800016,NORMAL,HS1306571,168,28.0,0.13491479926827904,59.48218509123954,18.341889573677953,-0.0012074702016745542,2.6110488254687354
2025-01-02 04:20:00,800016,NORMAL,HS1306571,169,28.166666666666664,0.1258359332186802,59.930083592755146,18.382676630514716,-0.010329259340999819,2.4260974822389443
2025-01-02 04:30:00,800016,NORMAL,HS1306571,170,28.333333333333332,0.12571855450050184,59.94818242856641,19.48566828093034,-0.011576579608340909,1.1653957003587223
2025-01-02 04:40:00,800016,NORMAL,HS1306571,171,28.5,0.14658666324659148,55.153724605237635,20.47434544214265,0.006501338268349116,-5.840090816858748
2025-01-02 04:50:00,800016,NORMAL,HS1306571,172,28.666666666666664,0.146967256955628,62.8668128328202,20.213778752735458,0.0030098105309765144,-1.033002611688353
2025-01-02 05:00:00,800016,NORMAL,HS1306571,173,28.833333333333332,0.13745790076658976,66.40753102373168,20.86814284227215,-0.010742048020446288,-0.6945982868059417
2025-01-02 05:10:00,800016,NORMAL,HS1306571,174,29.0,0.14752054813625837,71.49421937126408,20.359684936982305,-0.005509361552044234,0.9932619514117107
2025-01-02 05:20:00,800016,NORMAL,HS1306571,175,29.166666666666664,0.1530836702911338,77.94584596327326,21.400939625937173,-0.006194410674454087,3.28790632469871
2025-01-02 05:30:00,800016,NORMAL,HS1306571,176,29.333333333333332,0.17421705002523352,78.7886425335373,21.31714925420471,0.008014416261960589,-0.5669474051487811
2025-01-02 05:40:00,800016,NORMAL,HS1306571,177,29.5,0.17664633858565068,88.69029778871023,19.517994433234886,0.003515530739461009,4.518402739979479
2025-01-02 05:50:00,800016,NORMAL,HS1306571,178,29.666666666666664,0.19323415369323357,98.9913702846014,20.026445175641264,0.013298187443289922,9.998668384464267
2025-01-02 06:00:00,800016,NORMAL,HS1306571,179,29.833333333333332,0.17821151333865345,96.6090444457975,20.184985270937737,-0.008254943948178162,2.9285105982360307
2025-01-02 06:10:00,800016,NORMAL,HS1306571,180,30.0,0.1982598581057853,96.84698245009211,22.46756576188595,0.006460503787611593,-1.052288365602891
2025-01-02 06:20:00,800016,NORMAL,HS1306571,181,30.166666666666664,0.20292586390299333,102.50541286806559,24.428018476840105,0.008186225725476476,1.6553338210469377
2025-01-02 06:30:00,800016,NORMAL,HS1306571,182,30.333333333333332,0.21453757423229214,100.8958840035292,24.696099275329363,0.01842956705369095,-1.7794544767062206
2025-01-02 06:40:00,800016,NORMAL,HS1306571,183,30.5,0.21271770403563123,96.80795014843736,25.189939515438702,0.015649788943004034,-7.2822494365500745
2025-01-02 06:50:00,800016,NORMAL,HS1306571,184,30.666666666666664,0.19730311936694428,103.42940105738506,25.66762594638496,-0.0008278714847975155,-2.0686905184209508
2025-01-02 07:00:00,800016,NORMAL,HS1306571,185,30.833333333333332,0.2018650265511685,108.00440085492896,27.350567110612136,0.002499611088194631,1.00654622346552
2025-01-02 07:10:00,800016,NORMAL,HS1306571,186,31.0,0.18949072396282582,104.68670273235436,25.93734677260341,-0.012095945616492743,-4.241597966972975
2025-01-02 07:20:00,800016,NORMAL,HS1306571,187,31.166666666666664,0.19632836121179573,109.3418340392835,30.328688143599425,-0.00864277518794454,-2.1387423054883072
2025-01-02 07:30:00,800016,NORMAL,HS1306571,188,31.333333333333332,0.2051851172275305,105.94125126547732,30.44997257966587,-0.0038187277697185606,-8.561231617037649
2025-01-02 07:40:00,800016,NORMAL,HS1306571,189,31.5,0.22369607820060308,104.80205714531873,31.087681393773355,0.010521104748124427,-12.879398577250768
2025-01-02 07:50:00,800016,NORMAL,HS1306571,190,31.666666666666664,0.2113447311247517,116.20405518924586,29.707302580894595,-0.005948781785196283,-4.654840949727557
2025-01-02 08:00:00,800016,NORMAL,HS1306571,191,31.833333333333332,0.2119289932496196,94.83318943095101,29.106358720891556,-0.009347943233160488,-29.129052363050505
2025-01-02 08:10:00,800016,NORMAL,HS1306571,192,32.0,0.21262229106530334,113.88907485719835,29.96745381385298,-0.011345827573765455,-12.277253796414044
2025-01-02 08:20:00,800016,NORMAL,HS1306571,193,32.166666666666664,0.23689787291899694,131.5351366002385,30.325928538451738,0.01190559531691468,4.492614628707045
2025-01-02 08:30:00,800016,NORMAL,HS1306571,194,32.33333333333333,0.2176441475966062,133.24455893481564,32.28656603768923,-0.007009734886109481,6.3582409218624605
2025-01-02 08:40:00,800016,NORMAL,HS1306571,195,32.5,0.23195250160721131,124.96856842487215,33.1426122385104,0.008331285871442357,-1.2108844790392226
2025-01-02 08:50:00,800016,NORMAL,HS1306571,196,32.666666666666664,0.21577039843402523,118.37540839882796,34.34358495901665,-0.00650925057877505,-6.853430777512784
2025-01-02 09:00:00,800016,NORMAL,HS1306571,197,32.83333333333333,0.21739459120572438,110.8654598772816,34.60751738506928,-0.0033353780602492777,-13.265298716239684
2025-01-02 09:10:00,800016,NORMAL,HS1306571,198,33.0,0.22775213625480828,112.85579478704523,35.855857231691914,0.007513662326300602,-10.638212602478362
2025-01-02 09:20:00,800016,NORMAL,HS1306571,199,33.166666666666664,0.23866108246946927,115.56679791062795,33.75529186665564,0.016703578766595256,-8.600270137773833
2025-01-02 09:30:00,800016,NORMAL,HS1306571,200,33.33333333333333,0.23959242708933692,112.62515330343005,33.61250666197186,0.014541607570880632,-13.22773573914533
2025-01-02 09:40:00,800016,NORMAL,HS1306571,201,33.5,0.24091168505986332,127.53154807368301,35.023691886797884,0.012290677208059292,-0.4206420807820308
2025-01-02 09:50:00,800016,NORMAL,HS1306571,202,33.666666666666664,0.24409232511895831,135.13105498012408,36.19327282491609,0.011724052112160793,4.903695177504204
2025-01-02 10:00:00,800016,NORMAL,HS1306571,203,33.83333333333333,0.24563984671154976,139.55322096866752,35.48974182244295,0.009541936654211214,7.023757831245149
2025-01-02 10:10:00,800016,NORMAL,HS1306571,204,34.0,0.24029344091847255,141.73643286968704,33.971946891570305,0.001413130346752528,7.420209320298255
2025-01-02 10:20:00,800016,NORMAL,HS1306571,205,34.166666666666664,0.2381331800123803,137.1684822421789,32.97879629483228,-0.000978969001987462,2.8004603822046477
2025-01-02 10:30:00,800016,NORMAL,HS1306571,206,34.33333333333333,0.24056965602118083,136.30936354427288,33.844020173782006,0.0031480424185020006,3.387951022866588
2025-01-02 10:40:00,800016,NORMAL,HS1306571,207,34.5,0.2302770057185357,138.5664539771765,34.02772586291198,-0.004720650925486181,7.735939818602901
2025-01-02 10:50:00,800016,NORMAL,HS1306571,208,34.666666666666664,0.21512053051472396,126.05682037709552,33.88283416768384,-0.017243915097769735,-2.480437578191143
2025-01-02 11:00:00,800016,NORMAL,HS1306571,209,34.83333333333333,0.2400704881458917,129.28548766923387,34.97301465335311,0.010423697473572746,3.121328931777086
2025-01-02 11:10:00,800016,NORMAL,HS1306571,210,35.0,0.21223413016431728,125.04728877758909,34.396392796468476,-0.01451290751975945,1.184700832508284
2025-01-02 11:20:00,800016,NORMAL,HS1306571,211,35.166666666666664,0.22053170697739177,122.52724995731991,31.585009275225463,-0.003406141995800971,0.5711516473538012
2025-01-02 11:30:00,800016,NORMAL,HS1306571,212,35.33333333333333,0.20602093719716916,118.68428906108319,30.131106241140724,-0.015427413828821734,-1.7180125831072104
2025-01-02 11:40:00,800016,NORMAL,HS1306571,213,35.5,0.19690496068112853,116.09478276508273,32.64499925223927,-0.02204395849282559,-2.80514318281368
2025-01-02 11:50:00,800016,NORMAL,HS1306571,214,35.666666666666664,0.23287173135088243,115.56625874245468,32.38262762412083,0.01650360580204946,-1.7624252011808892
2025-01-02 12:00:00,800016,NORMAL,HS1306571,215,35.83333333333333,0.22927731486766867,122.12705953947723,33.47061818027178,0.015542999579981842,6.4268543495567485
2025-01-02 12:10:00,800016,NORMAL,HS1306571,216,36.0,0.22870792436016488,111.04418665968865,31.456377441401884,0.017685691887275562,-2.7981707117762085
2025-01-02 12:20:00,800016,NORMAL,HS1306571,217,36.166666666666664,0.21593003580537556,104.92372945962511,33.015723642386334,0.006916409430188675,-7.215455751928005
2025-01-02 12:30:00,800016,NORMAL,HS1306571,218,36.33333333333333,0.20334647799112218,101.48683166890795,31.812122935875397,-0.004537175486152206,-9.618511480560102
2025-01-02 12:40:00,800016,NORMAL,HS1306571,219,36.5,0.19932747480062782,105.3098330330458,32.71000682934676,-0.008055302454185398,-5.2727443173500745
2025-01-02 12:50:00,800016,NORMAL,HS1306571,220,36.666666666666664,0.21822259210224268,112.20309658202183,33.79943458085531,0.010911230930216453,1.799210741251514
2025-01-02 13:00:00,800016,NORMAL,HS1306571,221,36.83333333333333,0.21326206990957425,106.36836696880536,33.170759823152835,0.005743623997744418,-4.078762547372946
2025-01-02 13:10:00,800016,NORMAL,HS1306571,222,37.0,0.22532972028474627,103.53984168912254,33.44652111893672,0.01686316987423972,-7.4284074762226595
2025-01-02 13:20:00,800016,NORMAL,HS1306571,223,37.166666666666664,0.23272203671678993,114.1616831291942,32.042987661330926,0.022684105034602997,2.246676342824074
2025-01-02 13:30:00,800016,NORMAL,HS1306571,224,37.33333333333333,0.2251744204598562,116.81754285828856,32.89157010927023,0.01340151662207753,3.8605648972314697
2025-01-02 13:40:00,800016,NORMAL,HS1306571,225,37.5,0.17656771818370684,106.60267599505596,33.02578392358497,-0.037073300528679326,-7.468641237618826
2025-01-02 13:50:00,800016,NORMAL,HS1306571,226,37.666666666666664,0.19170038220008365,112.9418815195792,34.40549875736951,-0.023943805918089756,-2.3315059947239547
2025-01-02 14:00:00,800016,NORMAL,HS1306571,227,37.83333333333333,0.2195590882587072,111.16868047457056,35.274240913385725,0.0017896659617105404,-5.395059300052537
2025-01-02 14:10:00,800016,NORMAL,HS1306571,228,38.0,0.23099961375546968,104.74702853465288,32.36642403798431,0.010914766565327971,-13.643681521465965
2025-01-02 14:20:00,800016,NORMAL,HS1306571,229,38.166666666666664,0.21561495569553477,111.02140941471247,32.99992391481017,-0.006572216438773898,-9.71009304882007
2025-01-02 14:30:00,800016,NORMAL,HS1306571,230,38.33333333333333,0.21986976585849097,108.69479332829505,33.55801546928898,-0.004536296025740488,-14.591444172799498
2025-01-02 14:40:00,800016,NORMAL,HS1306571,231,38.5,0.2115897153550233,111.13347021394249,32.35174609520963,-0.015068099107788002,-14.785072289385397
2025-01-02 14:50:00,800016,NORMAL,HS1306571,232,38.666666666666664,0.23131897149555825,115.87489528717094,34.02855296094132,0.0025081446128305818,-12.622031567430668
2025-01-02 15:00:00,800016,NORMAL,HS1306571,233,38.83333333333333,0.2391987774071612,129.04974195099297,31.239292167890387,0.008336262804074596,-1.946396250684785
2025-01-02 15:10:00,800016,NORMAL,HS1306571,234,39.0,0.2229494479449501,138.8488513014687,32.61290942363984,-0.00969635301637703,5.801205528783839
2025-01-02 15:20:00,800016,NORMAL,HS1306571,235,39.166666666666664,0.23255978753918008,139.0059414637566,32.22916024116549,-0.002770626829128625,3.661505108131081
2025-01-02 15:30:00,800016,NORMAL,HS1306571,236,39.33333333333333,0.2257330302097752,139.85329560216434,33.53530897449649,-0.01308908257724914,1.6515623513689661
2025-01-02 15:40:00,800016,NORMAL,HS1306571,237,39.5,0.20559778632435594,150.85094507580976,34.96879730345981,-0.03719723160080815,9.409001298009684
2025-01-02 15:50:00,800016,NORMAL,HS1306571,238,39.666666666666664,0.2127983743284552,143.76943719106401,33.701595364652995,-0.034209306188478866,-1.120805777472242
2025-01-02 16:00:00,800016,NORMAL,HS1306571,239,39.83333333333333,0.22598155824120375,152.34895097646165,35.41241941294471,-0.025374832867883224,3.878966243741189
2025-01-02 16:10:00,800016,NORMAL,HS1306571,240,40.0,0.26330671857750343,157.29278548198877,34.1942082806665,0.006979491077393873,5.090882624548897
2025-01-02 16:20:00,800016,NORMAL,HS1306571,241,40.166666666666664,0.26540353495532615,159.21927963891952,33.77962486317167,0.004664429966128925,3.921232156427692
2025-01-02 16:30:00,800016,NORMAL,HS1306571,242,40.33333333333333,0.2470577063876935,156.2503021493637,34.74381447435031,-0.016603478880229144,-1.0151680203623243
2025-01-02 16:40:00,800016,NORMAL,HS1306571,243,40.5,0.23640009142461743,167.24994029619646,37.22138302571968,-0.029154733245919662,8.842741199065244
2025-01-02 16:50:00,800016,NORMAL,HS1306571,244,40.666666666666664,0.2427711503104978,150.02617331272097,38.42773386139436,-0.02414772539737295,-9.077327232787326
2025-01-02 17:00:00,800016,NORMAL,HS1306571,245,40.83333333333333,0.2681058229234243,159.97156513018115,40.195202280160885,0.00010871817439328524,0.4122601005092861
2025-01-02 17:10:00,800016,NORMAL,HS1306571,246,41.0,0.28054394036240565,148.72030975310315,39.894503352638516,0.012780591696777699,-10.555297962147023
2025-01-02 17:20:00,800016,NORMAL,HS1306571,247,41.166666666666664,0.24924355497943904,158.54397971079595,39.80960648076934,-0.016481014916017972,0.7752450991501973
2025-01-02 17:30:00,800016,NORMAL,HS1306571,248,41.33333333333333,0.2646087970489112,134.92601732845208,36.46837513701327,0.001585020414903826,-20.727809083539853
2025-01-02 17:40:00,800016,NORMAL,HS1306571,249,41.5,0.2503217780228462,140.91024973393033,37.7381913282837,-0.009747005096834405,-12.388940674598643
2025-01-02 17:50:00,800016,NORMAL,HS1306571,250,41.666666666666664,0.2648685001866222,146.46713903875101,38.746462876756716,0.007982042532783284,-4.302111983500765
2025-01-02 18:00:00,800016,NORMAL,HS1306571,251,41.83333333333333,0.250780938263044,151.75049411352327,38.06286666113181,-0.0027401289752436164,3.6405945701999087
2025-01-02 18:10:00,800016,NORMAL,HS1306571,252,42.0,0.2641333757758943,152.26397309992626,38.14810686652837,0.014351895505996748,7.225481359575326
2025-01-02 18:20:00,800016,NORMAL,HS1306571,253,42.166666666666664,0.22149827637446984,150.6048380922186,37.083661209816064,-0.024712348726629974,8.786758259570632
2025-01-02 18:30:00,800016,NORMAL,HS1306571,254,42.33333333333333,0.2495487342161496,131.89960536628394,37.43410901601225,0.006605982624913381,-6.934290177415079
2025-01-02 18:40:00,800016,NORMAL,HS1306571,255,42.5,0.253123215299816,121.43324982107997,32.7263998526948,0.01344598115644538,-14.454569899475516
2025-01-02 18:50:00,800016,NORMAL,HS1306571,256,42.666666666666664,0.2150396391255389,104.85789982074685,30.971858993389187,-0.02129904343103406,-28.04414988925764
2025-01-02 19:00:00,800016,NORMAL,HS1306571,257,42.83333333333333,0.2152214025345031,122.82148261774675,32.148675051679064,-0.017712945604707903,-7.053375007175092
2025-01-02 19:10:00,800016,NORMAL,HS1306571,258,43.0,0.2257521285072887,121.91877034120749,32.264794654437864,-0.004486500868031734,-5.547972298305069
2025-01-02 19:20:00,800016,NORMAL,HS1306571,259,43.166666666666664,0.22784396741231452,119.32403023283875,32.68034025234132,0.00010305696678772347,-6.213807247821364
2025-01-02 19:30:00,800016,NORMAL,HS1306571,260,43.33333333333333,0.2160677841747654,113.62240854991079,32.291493984465546,-0.00908803450568324,-9.937163734869728
2025-01-02 19:40:00,800016,NORMAL,HS1306571,261,43.5,0.2477218542263837,115.66552830724851,28.18799175383648,0.024917295365418035,-6.060288869998416
2025-01-02 19:50:00,800016,NORMAL,HS1306571,262,43.666666666666664,0.24069604633370992,125.84524155252416,28.798830516762102,0.020015158182037807,5.7794438050110415
2025-01-02 20:00:00,800016,NORMAL,HS1306571,263,43.83333333333333,0.22552134450152994,126.53687852134809,27.118269695483875,0.006791325169233309,8.00123982975613
2025-01-02 20:10:00,800016,NORMAL,HS1306571,264,44.0,0.20461404728967564,123.17034702537092,28.76816665169263,-0.012086960846085765,6.134995480782209
2025-01-02 20:20:00,800016,NORMAL,HS1306571,265,44.166666666666664,0.20162026793759266,118.26008695559999,29.229652255378042,-0.013140973505809506,2.6046776679309005
2025-01-02 20:30:00,800016,NORMAL,HS1306571,266,44.33333333333333,0.2012796551824045,113.68034493775777,25.893586026304302,-0.011595889787208075,-0.7211284529227839
2025-01-02 20:40:00,800016,NORMAL,HS1306571,267,44.5,0.21005438019080255,107.16078430503856,28.75557344666311,-0.0006846260306294649,-5.870959034215161
2025-01-02 20:50:00,800016,NORMAL,HS1306571,268,44.666666666666664,0.1972218162039618,113.52512925261497,27.535667317956356,-0.011170252378196938,1.994077992328286
2025-01-02 21:00:00,800016,NORMAL,HS1306571,269,44.83333333333333,0.20308531924024614,107.75314913805641,26.721537319187608,-0.0028463671537012902,-2.201449240064889
2025-01-02 21:10:00,800016,NORMAL,HS1306571,270,45.0,0.19624085909840536,99.97527256656096,28.5308863103936,-0.0070353352196052266,-8.169683162275774
2025-01-02 21:20:00,800016,NORMAL,HS1306571,271,45.166666666666664,0.20531761875307433,105.68065165255992,26.89340398864624,0.0046033640959260436,-0.5465339545748691
2025-01-02 21:30:00,800016,NORMAL,HS1306571,272,45.33333333333333,0.21075628522271392,101.85284118328788,26.74191186854388,0.012826359444030488,-2.273489753267924
2025-01-02 21:40:00,800016,NORMAL,HS1306571,273,45.5,0.20263628641009618,89.56775579367398,25.865545353464235,0.007522411207528501,-12.411548867848438
2025-01-02 21:50:00,800016,NORMAL,HS1306571,274,45.666666666666664,0.18951695195924198,89.92888317786799,27.046908665668994,-0.002850549953159115,-9.951789968642942
2025-01-02 22:00:00,800016,NORMAL,HS1306571,275,45.83333333333333,0.1984587992108693,88.3749889024629,28.347013320645836,0.008821280769524431,-9.429284367476356
2025-01-02 22:10:00,800016,NORMAL,HS1306571,276,46.0,0.19332047703418204,93.15086105871777,28.78194440391345,0.006529204480434647,-2.577564658737373
2025-01-02 22:20:00,800016,NORMAL,HS1306571,277,46.166666666666664,0.1821078556674887,83.6794513838286,27.019787902474256,-0.0008967952355140585,-9.525987670235764
2025-01-02 22:30:00,800016,NORMAL,HS1306571,278,46.33333333333333,0.1708756948419486,91.8034075418868,27.592053818027885,-0.0075324219603160325,1.6427863018576545
2025-01-02 22:40:00,800016,NORMAL,HS1306571,279,46.5,0.15190604538582017,85.45120249221408,26.076156888255586,-0.021355215998517585,-1.3167489009229456
2025-01-02 22:50:00,800016,NORMAL,HS1306571,280,46.666666666666664,0.15928752727104736,90.09645399305118,24.871968602119825,-0.008348805379917779,7.000431534684353
2025-01-02 23:00:00,800016,NORMAL,HS1306571,281,46.83333333333333,0.1529340882175836,76.47815994522252,25.454247717781328,-0.0087861227094094,-2.8526474718230617
2025-01-02 23:10:00,800016,NORMAL,HS1306571,282,47.0,0.13783648445142174,73.71294371991848,25.06971393566906,-0.017368778171389015,-1.4840925856442908
2025-01-02 23:20:00,800016,NORMAL,HS1306571,283,47.166666666666664,0.13231994743284567,72.24129657265576,23.777806471191937,-0.016535470685321185,1.370317950204111
2025-01-02 23:30:00,800016,NORMAL,HS1306571,284,47.33333333333333,0.12460081742911651,71.86851531354586,22.55617943886018,-0.01853253121762634,4.995145614888784
2025-01-02 23:40:00,800016,NORMAL,HS1306571,285,47.5,0.1219857259569721,63.89648145084948,22.41698904820374,-0.01611617857940864,0.6044598836699748
2025-01-02 23:50:00,800016,NORMAL,HS1306571,286,47.666666666666664,0.12772747773758863,56.678344126967076,21.788516626450253,-0.005972170107993419,-3.4145331141549278
2025-01-01 00:10:00,800017,NORMAL,HS1306571,0,0.0,0.025822919010859167,4.81402767134568,20.790297733958944,0.00023544081207862652,0.3303371327673421
2025-01-01 00:20:00,800017,NORMAL,HS1306571,1,0.16666666666666666,0.06437538778247268,17.44092147646112,20.82617714852824,0.005914517778727799,0.4555408882330596
2025-01-01 00:30:00,800017,NORMAL,HS1306571,2,0.3333333333333333,0.11090805821117551,37.94725474041255,21.248906081617136,0.004177349390062604,-1.9631793743189547
2025-01-01 00:40:00,800017,NORMAL,HS1306571,3,0.5,0.14014064293875858,56.61053641988148,21.127665694841312,0.002134044635945298,-3.6823657591695067
2025-01-01 00:50:00,800017,NORMAL,HS1306571,4,0.6666666666666666,0.15763098259827252,67.03049484004924,20.73455872365589,0.00983066897254195,-2.199455526748878
2025-01-01 01:00:00,800017,NORMAL,HS1306571,5,0.8333333333333333,0.15487106491581987,72.8833001620606,19.16130328195133,0.0059563861960048314,1.712282143298225
2025-01-01 01:10:00,800017,NORMAL,HS1306571,6,1.0,0.15614747128737894,69.38249631847894,19.05151348808535,0.00857537891257093,-1.0726326677755793
2025-01-01 01:20:00,800017,NORMAL,HS1306571,7,1.1666666666666665,0.14477715359139473,66.26621358418056,19.068301560401014,0.0014339602890436065,-1.2802213716582997
2025-01-01 01:30:00,800017,NORMAL,HS1306571,8,1.3333333333333333,0.13783737697610327,66.61050251410335,18.68883826124,-0.00024409414950868347,3.040723491046492
2025-01-01 01:40:00,800017,NORMAL,HS1306571,9,1.5,0.12624442881037998,64.47330968984555,17.838751927714096,-0.007478766142983789,4.635112574924285
2025-01-01 01:50:00,800017,NORMAL,HS1306571,10,1.6666666666666665,0.13401620250350996,60.08699710476745,18.63866229185618,0.0036259177337655824,3.3773016372418425
2025-01-01 02:00:00,800017,NORMAL,HS1306571,11,1.8333333333333333,0.138681029457212,57.680865454478024,17.574950377052524,0.011039310681458192,3.644908196324536
2025-01-01 02:10:00,800017,NORMAL,HS1306571,12,2.0,0.13488814761552698,56.4670995457843,17.660266494619318,0.007541149684122006,3.414510121913999
2025-01-01 02:20:00,800017,NORMAL,HS1306571,13,2.1666666666666665,0.1345620974130035,57.440194119022685,18.634531380417755,0.00425067482866931,2.669231454234449
2025-01-01 02:30:00,800017,NORMAL,HS1306571,14,2.333333333333333,0.14291290667825332,62.06098543292213,18.37474085117626,0.0077900843852203305,3.917179266893868
2025-01-01 02:40:00,800017,NORMAL,HS1306571,15,2.5,0.13651450543459237,67.92547827632247,19.25581565959865,-0.003595975164296439,5.906313243299849
2025-01-01 02:50:00,800017,NORMAL,HS1306571,16,2.6666666666666665,0.15438904215157387,72.20104319891014,17.999898840925614,0.009934974605968455,6.520583743349491
2025-01-01 03:00:00,800017,NORMAL,HS1306571,17,2.833333333333333,0.1402657889332756,66.92086863162532,18.349070934181324,-0.00794275183533888,-2.08309326074054
2025-01-01 03:10:00,800017,NORMAL,HS1306571,18,3.0,0.16443361244741317,74.75283326631978,20.729157145011776,0.015823668324961432,4.301969875201721
2025-01-01 03:20:00,800017,NORMAL,HS1306571,19,3.1666666666666665,0.15557530499888528,77.02918201384728,20.072759674258286,0.009768406302954474,7.648962200580328
2025-01-01 03:30:00,800017,NORMAL,HS1306571,20,3.333333333333333,0.16684296006167545,71.26478048342224,20.265463230510267,0.024385525419167525,3.6712366215110706
2025-01-01 03:40:00,800017,NORMAL,HS1306571,21,3.5,0.14906202442341934,70.02194753721751,20.40261674440394,0.009777456515193655,4.2132701304874445
2025-01-01 03:50:00,800017,NORMAL,HS1306571,22,3.6666666666666665,0.13925318470775644,69.95300857803835,20.975396250301237,0.0028218327590415204,5.74386753027116
2025-01-01 04:00:00,800017,NORMAL,HS1306571,23,3.833333333333333,0.13964879089143878,67.23264629760045,19.8795533386424,0.005924872881711868,4.513785790214207
2025-01-01 04:10:00,800017,NORMAL,HS1306571,24,4.0,0.13245386087945882,64.04141601978145,20.42509337928333,-0.0007242742914634892,1.8047402027279915
2025-01-01 04:20:00,800017,NORMAL,HS1306571,25,4.166666666666666,0.1337558518816412,67.19355200598085,20.214343174350066,-0.0016351458274007635,3.5937500620633003
2025-01-01 04:30:00,800017,NORMAL,HS1306571,26,4.333333333333333,0.13504238494341744,68.37758502891518,19.144571239990604,-0.0034182593707954567,2.6028005978016466
2025-01-01 04:40:00,800017,NORMAL,HS1306571,27,4.5,0.13592266579407009,71.99322056191762,18.54444267398471,-0.005740629095854988,3.8578261535615894
2025-01-01 04:50:00,800017,NORMAL,HS1306571,28,4.666666666666666,0.14569758388138682,73.79971008618058,18.86764557901392,0.0007586969689384049,3.2502620953977015
2025-01-01 05:00:00,800017,NORMAL,HS1306571,29,4.833333333333333,0.14877113214076393,82.29519522033067,19.287562838219486,0.00045767333443885727,9.27805770805584
2025-01-01 05:10:00,800017,NORMAL,HS1306571,30,5.0,0.1605736407360832,79.80861179846727,18.604992518381785,0.00821927464975139,4.30467270551209
2025-01-01 05:20:00,800017,NORMAL,HS1306571,31,5.166666666666666,0.16859630848122464,76.42431972782656,18.941614961973503,0.011228280447378836,-1.5053323377433827
2025-01-01 05:30:00,800017,NORMAL,HS1306571,32,5.333333333333333,0.172542022833562,84.56842343992895,19.42709906205988,0.009826139889536706,4.078402792926667
2025-01-01 05:40:00,800017,NORMAL,HS1306571,33,5.5,0.18185493034750005,85.14452354016785,19.516616962092183,0.013645010606719021,1.9318076542015774
2025-01-01 05:50:00,800017,NORMAL,HS1306571,34,5.666666666666666,0.18281482613616087,90.2293897295611,20.504926465330932,0.009132919147939705,4.223820265395716
2025-01-01 06:00:00,800017,NORMAL,HS1306571,35,5.833333333333333,0.19591421480666407,87.25285424934184,20.788954553821984,0.01671211869774708,-1.720612367995301
2025-01-01 06:10:00,800017,NORMAL,HS1306571,36,6.0,0.19016215143757143,92.79569699037555,21.445080424233954,0.006875398841633379,1.1619967064502958
2025-01-01 06:20:00,800017,NORMAL,HS1306571,37,6.166666666666666,0.19980483796492246,101.55035583632456,20.739830065287734,0.014194571732677214,7.858973446733188
2025-01-01 06:30:00,800017,NORMAL,HS1306571,38,6.333333333333333,0.20159753102034547,101.86404981294326,21.975844619731216,0.013772042396011486,6.159554861579167
2025-01-01 06:40:00,800017,NORMAL,HS1306571,39,6.5,0.2031514402272297,96.64681284309805,25.282704776961385,0.013301225673833156,-0.9784924062980878
2025-01-01 06:50:00,800017,NORMAL,HS1306571,40,6.666666666666666,0.17864327391260243,99.71779457057288,26.95913998322766,-0.012825516206736276,0.41242833783417154
2025-01-01 07:00:00,800017,NORMAL,HS1306571,41,6.833333333333333,0.19088610469998737,102.55190670260626,26.967622987893588,-0.0018297489740517758,1.8159734368695268
2025-01-01 07:10:00,800017,NORMAL,HS1306571,42,7.0,0.2005433781211407,107.20474060189959,28.142919560848373,0.006180872840717638,5.068583827015544
2025-01-01 07:20:00,800017,NORMAL,HS1306571,43,7.166666666666666,0.21315721542421912,103.05763222343971,28.958373064500567,0.017270586892271095,-0.2374271974831288
2025-01-01 07:30:00,800017,NORMAL,HS1306571,44,7.333333333333333,0.20135079838643963,102.54601199453442,29.580319424844568,0.0042662378559691905,-1.6075208243844799
2025-01-01 07:40:00,800017,NORMAL,HS1306571,45,7.5,0.20612949122822516,102.16613200015505,30.828673303047278,0.007238806928886815,-3.1675477078708525
2025-01-01 07:50:00,800017,NORMAL,HS1306571,46,7.666666666666666,0.21144593313302928,100.31532918542581,31.81422955948067,0.010146982658982312,-6.6032747518059125
2025-01-01 08:00:00,800017,NORMAL,HS1306571,47,7.833333333333333,0.22530531164895537,101.76324575590863,32.28456598066909,0.02134604357421424,-6.93622912287276
2025-01-01 08:10:00,800017,NORMAL,HS1306571,48,8.0,0.22492445468027608,111.01303593908735,31.096740022192048,0.019042346554089207,0.8727603434790723
2025-01-01 08:20:00,800017,NORMAL,HS1306571,49,8.166666666666666,0.2253573928029417,122.57218165151467,32.83536627924485,0.018319773616578938,11.554671721433948
2025-01-01 08:30:00,800017,NORMAL,HS1306571,50,8.333333333333332,0.21707468245672723,115.33185772300418,31.567644057069515,0.008396259846792514,3.196300137421318
2025-01-01 08:40:00,800017,NORMAL,HS1306571,51,8.5,0.20479036266273537,131.33171939434368,33.85156087263196,-0.0060228963455172535,17.726645948935953
2025-01-01 08:50:00,800017,NORMAL,HS1306571,52,8.666666666666666,0.2134124380690758,122.76614566746058,34.440693113450294,0.0002491045187466012,7.503161596837614
2025-01-01 09:00:00,800017,NORMAL,HS1306571,53,8.833333333333332,0.20315675477936823,126.7811822779605,32.8323308642737,-0.012422400988972238,9.787728862709528
2025-01-01 09:10:00,800017,NORMAL,HS1306571,54,9.0,0.22053524384098572,122.22734690927777,34.6960186347112,0.002692197397329066,3.5840465379358477
2025-01-01 09:20:00,800017,NORMAL,HS1306571,55,9.166666666666666,0.20973330482092112,124.09337843160219,37.446128534327926,-0.009477037372017438,4.263163738581014
2025-01-01 09:30:00,800017,NORMAL,HS1306571,56,9.333333333333332,0.22468569731552537,122.422824815434,36.421266107128794,0.006017552057316522,2.666316455993183
2025-01-01 09:40:00,800017,NORMAL,HS1306571,57,9.5,0.21393123863760882,124.4194559030421,34.921215308582596,-0.0028097156820256486,5.832249687151219
2025-01-01 09:50:00,800017,NORMAL,HS1306571,58,9.666666666666666,0.21090813090370486,114.51970413918319,35.00883837496803,-0.0031489215356252376,-2.2608939447183616
2025-01-01 10:00:00,800017,NORMAL,HS1306571,59,9.833333333333332,0.21051271008259054,116.27868349205907,36.264695616637155,-0.0004191804027958712,1.6658104311621997
2025-01-01 10:10:00,800017,NORMAL,HS1306571,60,10.0,0.21959123523536306,111.06551015551676,37.49662985080721,0.01099976666319974,-1.6676252813773402
2025-01-01 10:20:00,800017,NORMAL,HS1306571,61,10.166666666666666,0.21022204891612245,118.80486636662057,38.08850120871223,0.0017513943800656906,6.6357504102200835
2025-01-01 10:30:00,800017,NORMAL,HS1306571,62,10.333333333333332,0.21381035106147014,108.19124012632338,37.00498481342911,0.0036653220217102156,-4.750183632800002
2025-01-01 10:40:00,800017,NORMAL,HS1306571,63,10.5,0.21465467336639138,110.63865492568353,37.93245259949944,0.0020309065952937855,-3.783317174129081
2025-01-01 10:50:00,800017,NORMAL,HS1306571,64,10.666666666666666,0.19882076443948682,116.07661365417353,38.74391066782373,-0.016577367028696416,-0.11352233344966578
2025-01-01 11:00:00,800017,NORMAL,HS1306571,65,10.833333333333332,0.21727230954859694,115.24684975721765,40.62185854357329,-0.0011335164599443615,-2.9083250339086675
2025-01-01 11:10:00,800017,NORMAL,HS1306571,66,11.0,0.2335763051522493,118.95227250482766,39.623097290408616,0.011726534096590802,-1.6400910952356185
2025-01-01 11:20:00,800017,NORMAL,HS1306571,67,11.166666666666666,0.2192884810119931,119.01434966740324,37.56524831622742,-0.004189875519994918,-3.093255803315486
2025-01-01 11:30:00,800017,NORMAL,HS1306571,68,11.333333333333332,0.2311801024576634,121.24371882784935,36.78416276409222,0.007867035570904596,-1.03671364275327
2025-01-01 11:40:00,800017,NORMAL,HS1306571,69,11.5,0.2351641738722742,129.7833449471178,36.71245269335826,0.012745310442169977,7.948180654520911
2025-01-01 11:50:00,800017,NORMAL,HS1306571,70,11.666666666666666,0.22484425187376209,110.10403267818609,38.1805215265768,0.003685630769082404,-11.005015980499067
2025-01-01 12:00:00,800017,NORMAL,HS1306571,71,11.833333333333332,0.2367908435724816,105.74727529880953,37.75124175872992,0.017059070507411733,-14.514344834540637
2025-01-01 12:10:00,800017,NORMAL,HS1306571,72,12.0,0.23184911873034278,118.35872121985,41.32502885802435,0.014984013441270178,-0.2994175138049826
2025-01-01 12:20:00,800017,NORMAL,HS1306571,73,12.166666666666666,0.2144766198824358,126.61223553326067,37.986380493712225,0.0006277848971305011,9.631213536057516
2025-01-01 12:30:00,800017,NORMAL,HS1306571,74,12.333333333333332,0.22147388077300043,120.74836666910055,37.8635442060026,0.009840443402113264,4.9055093335941535
2025-01-01 12:40:00,800017,NORMAL,HS1306571,75,12.5,0.23025903013197935,125.4121783032475,36.6843575361026,0.020270988498041626,10.320799847725738
2025-01-01 12:50:00,800017,NORMAL,HS1306571,76,12.666666666666666,0.22543302007977162,123.02510764202461,37.10070988888321,0.016781338817547675,8.49168037067112
2025-01-01 13:00:00,800017,NORMAL,HS1306571,77,12.833333333333332,0.2091693853115435,109.48714511985435,37.372350978432216,0.0016735988748439734,-4.588746858813991
2025-01-01 13:10:00,800017,NORMAL,HS1306571,78,13.0,0.20411929101253543,107.70297144620307,33.49197659440558,-0.0028662383036206496,-5.8840387486383605
2025-01-01 13:20:00,800017,NORMAL,HS1306571,79,13.166666666666666,0.1937019313866854,110.03968011236086,32.79889655242677,-0.014372796623017603,-3.5409386920229196
2025-01-01 13:30:00,800017,NORMAL,HS1306571,80,13.333333333333332,0.22192366207964495,104.31849729025704,35.31721298806438,0.011266169721386193,-10.260796389709697
2025-01-01 13:40:00,800017,NORMAL,HS1306571,81,13.5,0.20992489672925477,108.92620803803032,37.90607480916845,-0.003990931742841514,-7.336367175831455
2025-01-01 13:50:00,800017,NORMAL,HS1306571,82,13.666666666666666,0.23859647340481643,112.92453237771235,38.58372117361017,0.021113929602758097,-5.319850387812323
2025-01-01 14:00:00,800017,NORMAL,HS1306571,83,13.833333333333332,0.2044561203782797,128.65204011306406,39.61941464202911,-0.01692872216377414,8.165367925776494
2025-01-01 14:10:00,800017,NORMAL,HS1306571,84,14.0,0.2209822723552991,128.76618706471425,37.00514464793751,-0.004915285533520275,5.097201821661031
2025-01-01 14:20:00,800017,NORMAL,HS1306571,85,14.166666666666666,0.24515506554329247,133.13563843824465,39.14141713221064,0.015167779473568399,5.782648538795755
2025-01-01 14:30:00,800017,NORMAL,HS1306571,86,14.333333333333332,0.259624692876785,141.2692997219569,39.109562146752275,0.026349309060045706,10.643113633675881
2025-01-01 14:40:00,800017,NORMAL,HS1306571,87,14.5,0.24899851044762591,140.8414799851463,40.4268687019258,0.01291263493487324,7.281047530606202
2025-01-01 14:50:00,800017,NORMAL,HS1306571,88,14.666666666666666,0.2457084605644562,145.30333259167122,38.45270348116151,0.007142109926632612,9.066148346328589
2025-01-01 15:00:00,800017,NORMAL,HS1306571,89,14.833333333333332,0.2573605362085211,140.1647392926184,40.1715609675548,0.016505177285832034,1.3907494282623247
2025-01-01 15:10:00,800017,NORMAL,HS1306571,90,15.0,0.2624441033426466,141.27399754242995,35.57251820566288,0.01950284759816026,0.37352379978761974
2025-01-01 15:20:00,800017,NORMAL,HS1306571,91,15.166666666666666,0.24936239031967877,151.8086003640832,39.18842395125565,0.004347185845132939,9.123560480243384
2025-01-01 15:30:00,800017,NORMAL,HS1306571,92,15.333333333333332,0.2584144599413223,146.41066498071166,37.33113058343472,0.011398399563260442,2.0603532639483433
2025-01-01 15:40:00,800017,NORMAL,HS1306571,93,15.5,0.25985381350186265,134.1310869452651,34.75757098970399,0.01089925268623615,-11.823216409526026
2025-01-01 15:50:00,800017,NORMAL,HS1306571,94,15.666666666666666,0.24905806212386258,160.1231252278337,33.86031788200581,-0.0018213909880753498,12.572258980366257
2025-01-01 16:00:00,800017,NORMAL,HS1306571,95,15.833333333333332,0.25382685148909573,148.5344036290602,34.55422544816949,0.0010433944701292441,-0.5996396716223558
2025-01-01 16:10:00,800017,NORMAL,HS1306571,96,16.0,0.27169670850034155,151.73045591484419,35.31486306235922,0.01677373684935174,1.028357685428631
2025-01-01 16:20:00,800017,NORMAL,HS1306571,97,16.166666666666664,0.25357579977427924,166.9541761722082,34.03269720528546,-0.0033373316548708787,14.932789620824678
2025-01-01 16:30:00,800017,NORMAL,HS1306571,98,16.333333333333332,0.24741221129061416,164.24961683138707,34.71647917882109,-0.010636797948564786,11.587909038859067
2025-01-01 16:40:00,800017,NORMAL,HS1306571,99,16.5,0.2751438972746045,149.30239759984292,35.43535509612666,0.01641463877025523,-3.5861409993314908
2025-01-01 16:50:00,800017,NORMAL,HS1306571,100,16.666666666666664,0.27870103638065846,158.42963351104993,34.92199959849594,0.019475057010720276,5.49442098206265
2025-01-01 17:00:00,800017,NORMAL,HS1306571,101,16.833333333333332,0.2804079777916191,163.85477755377528,34.09762633056242,0.020732448943648785,10.93171186127259
2025-01-01 17:10:00,800017,NORMAL,HS1306571,102,17.0,0.2769659798058798,167.4129003167802,35.14797660439814,0.01804592593838783,15.318963047781693
2025-01-01 17:20:00,800017,NORMAL,HS1306571,103,17.166666666666664,0.26958087059687524,173.79446852205828,35.665892527752305,0.013576553413968406,24.208397724734454
2025-01-01 17:30:00,800017,NORMAL,HS1306571,104,17.333333333333332,0.2724056048366872,172.0939745304599,34.517673227240415,0.02037254754573825,25.894291037121775
2025-01-01 17:40:00,800017,NORMAL,HS1306571,105,17.5,0.23766383122782644,149.7238692606135,33.39703101409733,-0.00990684613744161,7.308124718014
2025-01-01 17:50:00,800017,NORMAL,HS1306571,106,17.666666666666664,0.212506118658157,157.44965507331176,33.68701123903265,-0.030260794848829237,19.067201938516604
2025-01-01 18:00:00,800017,NORMAL,HS1306571,107,17.833333333333332,0.25196923534160515,143.1895543044767,32.44435695663622,0.014321114370407256,9.043114314343939
2025-01-01 18:10:00,800017,NORMAL,HS1306571,108,18.0,0.24791244462095516,132.33150531558292,35.342990556942915,0.014942724580592731,1.9031856617013716
2025-01-01 18:20:00,800017,NORMAL,HS1306571,109,18.166666666666664,0.2385350164532078,124.4382653059988,35.44494321210005,0.008937426498671103,-3.527984936209407
2025-01-01 18:30:00,800017,NORMAL,HS1306571,110,18.333333333333332,0.21712033987632268,134.08699322467302,33.536013206270546,-0.010254121432704544,7.620686025711777
2025-01-01 18:40:00,800017,NORMAL,HS1306571,111,18.5,0.23256404371101813,134.6423562463553,35.189524639392886,0.006964543552118507,9.264926748195393
2025-01-01 18:50:00,800017,NORMAL,HS1306571,112,18.666666666666664,0.2378483361298728,131.04078659721426,35.52591628624931,0.013858487523203455,6.59519751626712
2025-01-01 19:00:00,800017,NORMAL,HS1306571,113,18.833333333333332,0.2188214396638465,125.87426566360773,34.09410269940708,-0.0036324743583063535,2.293300823536427
2025-01-01 19:10:00,800017,NORMAL,HS1306571,114,19.0,0.24658405042954828,128.1150011324032,36.560381891160354,0.025566560894294516,5.375058001151572
2025-01-01 19:20:00,800017,NORMAL,HS1306571,115,19.166666666666664,0.246038160162231,129.41375677739524,33.46853160092732,0.026885459253128074,7.750591499937556
2025-01-01 19:30:00,800017,NORMAL,HS1306571,116,19.333333333333332,0.23867122496108806,132.84531799269374,33.58681091803805,0.02223772963895293,12.867244894804486
2025-01-01 19:40:00,800017,NORMAL,HS1306571,117,19.5,0.23642561102965565,130.54602369299548,33.41416935699489,0.02303190198003971,12.528136961209896
2025-01-01 19:50:00,800017,NORMAL,HS1306571,118,19.666666666666664,0.2334399900985554,121.6094825043023,30.40594308376467,0.02318989696185883,5.633932183342381
2025-01-01 20:00:00,800017,NORMAL,HS1306571,119,19.833333333333332,0.225861973407125,114.17855790546972,31.1856269925372,0.018754213655934465,0.23534061702960685
2025-01-01 20:10:00,800017,NORMAL,HS1306571,120,20.0,0.21071040641403035,115.2300616893332,31.248626756035666,0.007786344099706133,4.062580107020409
2025-01-01 20:20:00,800017,NORMAL,HS1306571,121,20.166666666666664,0.21070192657348275,104.18657586898384,29.99920415720744,0.012205687412780719,-3.701576390936765
2025-01-01 20:30:00,800017,NORMAL,HS1306571,122,20.333333333333332,0.20418834585251386,118.66921224434253,29.93388432034885,0.00895336980583994,13.335323406840004
2025-01-01 20:40:00,800017,NORMAL,HS1306571,123,20.5,0.20164892359425593,96.31789035982406,28.418170059123533,0.009128694401268012,-6.92044208810151
2025-01-01 20:50:00,800017,NORMAL,HS1306571,124,20.666666666666664,0.2061182962640722,96.45598781851592,28.451574778442367,0.016243194439544,-4.794929947288864
2025-01-01 21:00:00,800017,NORMAL,HS1306571,125,20.833333333333332,0.20209397383910266,104.89114950851841,28.618533803701474,0.014963321731514323,5.636460253602678
2025-01-01 21:10:00,800017,NORMAL,HS1306571,126,21.0,0.18796332184327164,103.70211716854777,27.709860084927566,0.0027922863138120924,5.927511347992521
2025-01-01 21:20:00,800017,NORMAL,HS1306571,127,21.166666666666664,0.19911513256572186,103.40966550543705,28.197282615570302,0.015822363997741146,6.939613268578682
2025-01-01 21:30:00,800017,NORMAL,HS1306571,128,21.333333333333332,0.1788176902228687,88.81096138187935,28.534949481497023,-0.0009379164009237495,-5.275878096223607
2025-01-01 21:40:00,800017,NORMAL,HS1306571,129,21.5,0.177601486125107,88.84692110612905,26.459234628217157,0.0025273504974957506,-1.986628737778915
2025-01-01 21:50:00,800017,NORMAL,HS1306571,130,21.666666666666664,0.1646406645920723,85.94957927557475,28.477332729769206,-0.0052910506326438456,-1.2554461603531877
2025-01-01 22:00:00,800017,NORMAL,HS1306571,131,21.833333333333332,0.1797056420854903,84.69933544887996,28.308613462883308,0.01514037826360251,1.2927383817290945
2025-01-01 22:10:00,800017,NORMAL,HS1306571,132,22.0,0.17895550501809776,82.77673331264405,29.589641982122277,0.019822414290300072,3.138312433942829
2025-01-01 22:20:00,800017,NORMAL,HS1306571,133,22.166666666666664,0.15494869094346858,78.25936305145936,28.383818700930924,0.000963530667174195,2.072021960786131
2025-01-01 22:30:00,800017,NORMAL,HS1306571,134,22.333333333333332,0.17565016523390042,79.76982157606655,27.69851396924059,0.025383514427250314,6.144989799779083
2025-01-01 22:40:00,800017,NORMAL,HS1306571,135,22.5,0.17225567079427098,86.1717970170904,26.264270970566567,0.024461372472976833,14.305861744031432
2025-01-01 22:50:00,800017,NORMAL,HS1306571,136,22.666666666666664,0.16044813035056954,81.95862605898193,25.378923654464604,0.014382297581504833,11.343286296793082
2025-01-01 23:00:00,800017,NORMAL,HS1306571,137,22.833333333333332,0.14952972190782587,81.04182619643161,26.292731094984752,0.004742674828691201,11.365397044068459
2025-01-01 23:10:00,800017,NORMAL,HS1306571,138,23.0,0.14471157396791293,72.17897438458394,25.360137311692682,0.0011448734321995446,3.3568299953928715
2025-01-01 23:20:00,800017,NORMAL,HS1306571,139,23.166666666666664,0.14066635848865716,63.85265004108532,25.515990501135455,-0.0018929632243281924,-4.327435115576257
2025-01-01 23:30:00,800017,NORMAL,HS1306571,140,23.333333333333332,0.14417137073715092,63.74246171802795,25.591716780314805,0.001658100210444463,-4.356169994772777
2025-01-01 23:40:00,800017,NORMAL,HS1306571,141,23.5,0.12967331825243825,69.20443277723129,23.37751946099236,-0.013701922853350784,0.6212589989972628
2025-01-01 23:50:00,800017,NORMAL,HS1306571,142,23.666666666666664,0.12544514164101547,67.81247836150325,24.059528761196326,-0.019379600668033486,-1.6442404830391837
2025-01-02 00:00:00,800017,NORMAL,HS1306571,143,23.833333333333332,0.14591938763253304,66.10823291860007,23.336724183485593,-0.0006481930484645293,-4.428113671364031
2025-01-02 00:10:00,800017,NORMAL,HS1306571,144,24.0,0.1633073629722673,67.46199001164081,23.61220321594409,0.01480111239901491,-4.365452824969324
2025-01-02 00:20:00,800017,NORMAL,HS1306571,145,24.166666666666664,0.15739596131419045,78.7937043634595,22.63054855076502,0.007901885815862875,6.091873086683691
2025-01-02 00:30:00,800017,NORMAL,HS1306571,146,24.333333333333332,0.168151566963616,73.65064604440816,20.936230483481513,0.019206879115018616,0.9638875737519044
2025-01-02 00:40:00,800017,NORMAL,HS1306571,147,24.5,0.16563221385891316,77.83870079367766,21.028948111037057,0.018259973436609928,5.8256864302509115
2025-01-02 00:50:00,800017,NORMAL,HS1306571,148,24.666666666666664,0.15249080138577745,75.36314733437133,22.59062552407727,0.007223048791279524,4.376642282802038
2025-01-02 01:00:00,800017,NORMAL,HS1306571,149,24.833333333333332,0.14106859951779716,70.29453222028803,23.550357593775328,-0.0018339794148735933,0.4982319186168098
2025-01-02 01:10:00,800017,NORMAL,HS1306571,150,25.0,0.15704464003971672,75.60388378819921,22.888079442431767,0.01754881010379844,7.755441746842976
2025-01-02 01:20:00,800017,NORMAL,HS1306571,151,25.166666666666664,0.15521531753661091,65.17026343259394,22.580446499022074,0.019707340828464204,0.009290280805771545
2025-01-02 01:30:00,800017,NORMAL,HS1306571,152,25.333333333333332,0.13315078809121086,66.81409167040674,21.744282254959803,0.001694887210800855,4.480209165029201
2025-01-02 01:40:00,800017,NORMAL,HS1306571,153,25.5,0.12531708675777647,59.07999104750142,20.258881909042014,-0.0018526813217398796,-0.29140693774779436
2025-01-02 01:50:00,800017,NORMAL,HS1306571,154,25.666666666666664,0.13181433883491153,60.336899861396,19.76048362676276,0.00917836266371369,4.063405806971808
2025-01-02 02:00:00,800017,NORMAL,HS1306571,155,25.833333333333332,0.1320021656577202,54.85344158726921,18.730428954841443,0.013945420384920554,1.7087737273970376
2025-01-02 02:10:00,800017,NORMAL,HS1306571,156,26.0,0.12685330765009997,51.45415381585823,17.60723882915014,0.012091783898433628,0.8280580897676586
2025-01-02 02:20:00,800017,NORMAL,HS1306571,157,26.166666666666664,0.13548804968196138,49.1702045718454,16.848280533920963,0.022104612875365748,-0.02331362147063487
2025-01-02 02:30:00,800017,NORMAL,HS1306571,158,26.333333333333332,0.1250236292862278,49.532061295921075,17.317310415587997,0.01135499593267196,0.8443581671438523
2025-01-02 02:40:00,800017,NORMAL,HS1306571,159,26.5,0.11816781724056176,50.48198125329376,18.06560413266519,0.0028246307509177393,1.5134204780423772
2025-01-02 02:50:00,800017,NORMAL,HS1306571,160,26.666666666666664,0.12881635634882435,51.05992710817317,18.82476760489235,0.010896711665155684,1.2559570133378344
2025-01-02 03:00:00,800017,NORMAL,HS1306571,161,26.833333333333332,0.1313540576762358,51.30987915167067,19.434696765868896,0.010367180603506276,0.3348865322182206
2025-01-02 03:10:00,800017,NORMAL,HS1306571,162,27.0,0.13129613908287896,59.441824657810976,19.645566506946107,0.0068973730636519015,7.041063663089638
2025-01-02 03:20:00,800017,NORMAL,HS1306571,163,27.166666666666664,0.14128443575436136,58.827743291983225,18.95345454865361,0.013079778591445018,4.769572491038254
2025-01-02 03:30:00,800017,NORMAL,HS1306571,164,27.333333333333332,0.14822521158817611,59.78611815305018,19.2639327745886,0.01703490840575203,4.409165950826967
2025-01-02 03:40:00,800017,NORMAL,HS1306571,165,27.5,0.15242042323041674,64.8514807503803,20.445222714443293,0.01935922341536067,8.764713994597074
2025-01-02 03:50:00,800017,NORMAL,HS1306571,166,27.666666666666664,0.14704771571601238,66.38987125234773,19.574796236868934,0.012744145608603652,10.023451246933512
2025-01-02 04:00:00,800017,NORMAL,HS1306571,167,27.833333333333332,0.15089342763781025,57.61590633883176,19.726576005164013,0.01555925291342855,1.1635555565659743
2025-01-02 04:10:00,800017,NORMAL,HS1306571,168,28.0,0.13963798729331847,58.09018390206765,19.567248886317756,0.003515717823364878,1.2190476362968425
2025-01-02 04:20:00,800017,NORMAL,HS1306571,169,28.166666666666664,0.13330205128284073,62.28141348822553,19.808706222090134,-0.002863141276839287,4.77742737770933
2025-01-02 04:30:00,800017,NORMAL,HS1306571,170,28.333333333333332,0.13195952288292578,58.58223338775343,20.762687453195174,-0.00533561122591697,-0.2005533404542561
2025-01-02 04:40:00,800017,NORMAL,HS1306571,171,28.5,0.13283186753719708,60.39138155190214,19.875468271069174,-0.007253457441045275,-0.6024338701942398
2025-01-02 04:50:00,800017,NORMAL,HS1306571,172,28.666666666666664,0.14161169188104797,67.64687797457682,20.104815532994294,-0.0023457545436035288,3.74706253006827
2025-01-02 05:00:00,800017,NORMAL,HS1306571,173,28.833333333333332,0.14534424135359672,65.94968097574431,20.3958844102556,-0.002855707433439325,-1.1524483347933057
2025-01-02 05:10:00,800017,NORMAL,HS1306571,174,29.0,0.1580555416870944,65.96485050555482,20.711588579509673,0.005025631998791802,-4.536106914297548
2025-01-02 05:20:00,800017,NORMAL,HS1306571,175,29.166666666666664,0.1568960513020995,68.93561596189224,21.18916765010796,-0.002382029663488383,-5.722323676682308
2025-01-02 05:30:00,800017,NORMAL,HS1306571,176,29.333333333333332,0.17091429938526606,78.42313473936501,23.198385081436697,0.0047116656219931274,-0.932455199321069
2025-01-02 05:40:00,800017,NORMAL,HS1306571,177,29.5,0.16197689828127168,85.27382678071257,22.99219570468049,-0.011153909564917991,1.1019317319818214
2025-01-02 05:50:00,800017,NORMAL,HS1306571,178,29.666666666666664,0.17952051117535772,88.56540239500664,22.68550161994215,-0.0004154550745859298,-0.42729950513049175
2025-01-02 06:00:00,800017,NORMAL,HS1306571,179,29.833333333333332,0.19069294626517028,95.74736437788349,22.86303192397772,0.0042264889783386606,2.0668305303220222
2025-01-02 06:10:00,800017,NORMAL,HS1306571,180,30.0,0.1837972503430759,92.81710541216422,23.686330804372687,-0.008002103975097818,-5.08216540353078
2025-01-02 06:20:00,800017,NORMAL,HS1306571,181,30.166666666666664,0.2061032700086734,99.5423029328296,25.319729690117562,0.011363631831156545,-1.3077761141890534
2025-01-02 06:30:00,800017,NORMAL,HS1306571,182,30.333333333333332,0.2107043707242663,106.0981524953027,26.092792492022955,0.014596363545665098,3.4228140150672743
2025-01-02 06:40:00,800017,NORMAL,HS1306571,183,30.5,0.20410179945028387,106.12075440892086,27.022816478378918,0.007033884357656672,2.0305548239334286
2025-01-02 06:50:00,800017,NORMAL,HS1306571,184,30.666666666666664,0.19940675047000814,109.20249394720403,27.39023659073129,0.0012757596182663422,3.704402371398018
2025-01-02 07:00:00,800017,NORMAL,HS1306571,185,30.833333333333332,0.20830462362283828,107.15849284238338,28.959016753259544,0.008939208159864404,0.16063821091994157
2025-01-02 07:10:00,800017,NORMAL,HS1306571,186,31.0,0.226428142872331,104.6287624784147,30.32052484122442,0.02484147329301245,-4.299538220912638
2025-01-02 07:20:00,800017,NORMAL,HS1306571,187,31.166666666666664,0.2372687080561727,120.57474127405055,31.406045923464635,0.03229757165643243,9.094164929278747
2025-01-02 07:30:00,800017,NORMAL,HS1306571,188,31.333333333333332,0.22073853041061314,130.96786033746204,31.410208501710663,0.011734685413364088,16.465377454947074
2025-01-02 07:40:00,800017,NORMAL,HS1306571,189,31.5,0.22306313062887473,124.62897022375572,31.00057003674705,0.009888157176396073,6.94751450118622
2025-01-02 07:50:00,800017,NORMAL,HS1306571,190,31.666666666666664,0.21743383165644717,131.70352460844992,33.013031791967975,0.00014031874649919618,10.844628469476504
2025-01-02 08:00:00,800017,NORMAL,HS1306571,191,31.833333333333332,0.22307509014619578,141.1324278440354,32.23908471646748,0.0017981536634156803,17.170186050033877
2025-01-02 08:10:00,800017,NORMAL,HS1306571,192,32.0,0.25164275663932123,133.92013749862633,32.266101938226804,0.02767463800025244,7.7538088450139355
2025-01-02 08:20:00,800017,NORMAL,HS1306571,193,32.166666666666664,0.21505453808573974,132.3462839892684,33.58585236178479,-0.009937739516342525,5.303762017736929
2025-01-02 08:30:00,800017,NORMAL,HS1306571,194,32.33333333333333,0.20590768999683423,137.08841537751601,33.97054395112554,-0.01874619248588144,10.202097364562832
2025-01-02 08:40:00,800017,NORMAL,HS1306571,195,32.5,0.22221422094395918,129.93977330395327,34.289098811734426,-0.0014069947918097792,3.7603204000419055
2025-01-02 08:50:00,800017,NORMAL,HS1306571,196,32.666666666666664,0.2248749494420145,131.91861691994484,34.92122063933553,0.0025953004292142146,6.689777743604097
2025-01-02 09:00:00,800017,NORMAL,HS1306571,197,32.83333333333333,0.26277453350849866,124.4088043615405,36.48704148350504,0.04204456424252501,0.27804576801922565
2025-01-02 09:10:00,800017,NORMAL,HS1306571,198,33.0,0.22427580787059964,129.4774531375417,36.94313143310516,0.004037333942091964,5.983445748018099
2025-01-02 09:20:00,800017,NORMAL,HS1306571,199,33.166666666666664,0.2190305388217977,121.59365968914946,36.46717973033289,-0.0029269648810762994,-2.5734083592523262
2025-01-02 09:30:00,800017,NORMAL,HS1306571,200,33.33333333333333,0.2325790662150565,127.94609937402836,36.94582627358996,0.00752824669660021,2.0932103314529797
2025-01-02 09:40:00,800017,NORMAL,HS1306571,201,33.5,0.2241594739287899,132.72042801464482,36.815720618211586,-0.004461533923014127,4.768237860179781
2025-01-02 09:50:00,800017,NORMAL,HS1306571,202,33.666666666666664,0.2355306956504377,124.58469189519856,39.28113350462991,0.003162422643640167,-5.642667907421313
2025-01-02 10:00:00,800017,NORMAL,HS1306571,203,33.83333333333333,0.23956844976920258,125.44390852236492,38.58791515744495,0.0034705397118640346,-7.085554615057447
2025-01-02 10:10:00,800017,NORMAL,HS1306571,204,34.0,0.2270026003127491,116.56045104805897,38.28456212101741,-0.011877710258970914,-17.755772501329815
2025-01-02 10:20:00,800017,NORMAL,HS1306571,205,34.166666666666664,0.2273010132109196,140.10376542692663,36.568604610844545,-0.011811135803448142,5.7357435669523795
2025-01-02 10:30:00,800017,NORMAL,HS1306571,206,34.33333333333333,0.23389871392998632,143.94039791583927,37.00982818316336,-0.003522899672692509,11.018985394432974
2025-01-02 10:40:00,800017,NORMAL,HS1306571,207,34.5,0.22542578198792884,134.66641825467815,36.83272934596551,-0.009571874656093049,3.8359040961045423
2025-01-02 10:50:00,800017,NORMAL,HS1306571,208,34.666666666666664,0.23229882431136054,133.729737765742,37.60294890544854,-6.562130113316189e-05,5.192479810455325
2025-01-02 11:00:00,800017,NORMAL,HS1306571,209,34.83333333333333,0.2369140317988412,130.09528314410898,35.06431210947868,0.0072672411265222725,3.931124406652188
2025-01-02 11:10:00,800017,NORMAL,HS1306571,210,35.0,0.25380193451490896,137.81441366644475,33.60906990393132,0.02705489683083223,13.951825721363946
2025-01-02 11:20:00,800017,NORMAL,HS1306571,211,35.166666666666664,0.23351201978998878,131.9989668387192,34.83997152138673,0.00957417081679604,10.042868528753104
2025-01-02 11:30:00,800017,NORMAL,HS1306571,212,35.33333333333333,0.23287632211616466,124.21199470870272,34.004508293066195,0.011427971090173766,3.8096930645123166
2025-01-02 11:40:00,800017,NORMAL,HS1306571,213,35.5,0.2163440909134559,129.75730472581716,34.5220746452161,-0.00260482826049821,10.857378777920758
2025-01-02 11:50:00,800017,NORMAL,HS1306571,214,35.666666666666664,0.23893132790174199,129.13042549376885,34.080569905670885,0.022563202352909012,11.801741550133286
2025-01-02 12:00:00,800017,NORMAL,HS1306571,215,35.83333333333333,0.2193443070217198,116.4837869304488,36.37518998986019,0.005609991734032982,0.7835817405283194
2025-01-02 12:10:00,800017,NORMAL,HS1306571,216,36.0,0.22170562844116903,121.63171529303956,35.49179189167629,0.010683395968279719,7.789357921574705
2025-01-02 12:20:00,800017,NORMAL,HS1306571,217,36.166666666666664,0.22140936891553414,111.02144390177996,34.66851568911972,0.012395742540347254,-1.1177413097731517
2025-01-02 12:30:00,800017,NORMAL,HS1306571,218,36.33333333333333,0.18977815836147885,113.79292275868539,35.048003664002415,-0.01810549511579554,2.6875796092173374
2025-01-02 12:40:00,800017,NORMAL,HS1306571,219,36.5,0.2147243569102522,116.36505484513324,36.17250928006995,0.007341579655438996,5.782477494737364
2025-01-02 12:50:00,800017,NORMAL,HS1306571,220,36.666666666666664,0.20972937357644342,113.6244896506832,34.99792747328335,0.0024180124044171913,3.2206038099128875
2025-01-02 13:00:00,800017,NORMAL,HS1306571,221,36.83333333333333,0.20873736761915165,111.40085851636087,35.330610760116805,0.001218921707321824,0.9537290001825625
2025-01-02 13:10:00,800017,NORMAL,HS1306571,222,37.0,0.21093953798656806,106.38436769227745,35.83767736782061,0.002472987576061514,-4.583881473067748
2025-01-02 13:20:00,800017,NORMAL,HS1306571,223,37.166666666666664,0.19781602723721017,113.70227517275033,36.20989214097836,-0.012221904444976756,1.7872683863802052
2025-01-02 13:30:00,800017,NORMAL,HS1306571,224,37.33333333333333,0.19249098746673377,114.09026314724751,37.38005759928175,-0.0192819163710449,1.1332851861904203
2025-01-02 13:40:00,800017,NORMAL,HS1306571,225,37.5,0.18824872826511962,126.9845245149684,35.94638304591463,-0.02539229044726654,12.913207282293612
2025-01-02 13:50:00,800017,NORMAL,HS1306571,226,37.666666666666664,0.2251606362926313,135.74907724718253,34.86692281047416,0.009516448174457903,20.475689732879374
2025-01-02 14:00:00,800017,NORMAL,HS1306571,227,37.83333333333333,0.2159600655705237,134.59847562083104,36.47589005273133,-0.001809356726472977,18.034735846207937
2025-01-02 14:10:00,800017,NORMAL,HS1306571,228,38.0,0.2432799723589817,123.5570710168388,36.15319116310699,0.02319512516883998,5.166360960719956
2025-01-02 14:20:00,800017,NORMAL,HS1306571,229,38.166666666666664,0.23574005756816654,124.9360018837205,34.798402243610326,0.01355288543385788,4.2044994201879575
2025-01-02 14:30:00,800017,NORMAL,HS1306571,230,38.33333333333333,0.22136723603818284,121.18959746788896,36.48820863559804,-0.003038825846048615,-2.0966400332055883
2025-01-02 14:40:00,800017,NORMAL,HS1306571,231,38.5,0.23474862555096307,129.56283053645066,35.53459455939357,0.008090811088151767,3.644288033122777
2025-01-02 14:50:00,800017,NORMAL,HS1306571,232,38.666666666666664,0.22896848433666783,130.73173513823164,34.56371805789347,0.00015765745394016872,2.2348082836300307
2025-01-02 15:00:00,800017,NORMAL,HS1306571,233,38.83333333333333,0.26338768900876985,132.36148813236795,34.38416245615575,0.032525174405683255,1.3653499306902006
2025-01-02 15:10:00,800017,NORMAL,HS1306571,234,39.0,0.2679796629588334,130.01613031476765,34.48863913875542,0.035333861997506266,-3.0315154579172088
2025-01-02 15:20:00,800017,NORMAL,HS1306571,235,39.166666666666664,0.263970782430048,127.16351625558553,33.14727760227804,0.028640368061739307,-8.180920100039998
2025-01-02 15:30:00,800017,NORMAL,HS1306571,236,39.33333333333333,0.24985837939736832,131.15369211076077,33.06240633158337,0.011036266610343987,-7.048041140034599
2025-01-02 15:40:00,800017,NORMAL,HS1306571,237,39.5,0.21657041111091613,142.80662134547282,33.82300609709563,-0.026224606814247958,1.364677567672743
2025-01-02 15:50:00,800017,NORMAL,HS1306571,238,39.666666666666664,0.2403640736275345,149.20925867477706,35.89683153466391,-0.00664360688939955,4.319015706240805
2025-01-02 16:00:00,800017,NORMAL,HS1306571,239,39.83333333333333,0.2721458754308423,157.2943351515331,35.093435435726796,0.020789484321755314,8.824350418812628
2025-01-02 16:10:00,800017,NORMAL,HS1306571,240,40.0,0.27876282069681546,163.10768152230622,34.9722531450045,0.022435593196705905,10.905778664866347
2025-01-02 16:20:00,800017,NORMAL,HS1306571,241,40.166666666666664,0.2948391819959853,155.18339665984533,36.748575004688895,0.034100077006788077,-0.11465082264649595
2025-01-02 16:30:00,800017,NORMAL,HS1306571,242,40.33333333333333,0.291324210332577,175.00765893302795,38.61685202515264,0.027663025064654345,17.742188763301925
2025-01-02 16:40:00,800017,NORMAL,HS1306571,243,40.5,0.3093890566515731,173.15735655824525,37.84065583254613,0.04383423198103603,14.750157461114043
2025-01-02 16:50:00,800017,NORMAL,HS1306571,244,40.666666666666664,0.3009437292156505,162.39756538490028,41.096782379428674,0.03402485350777973,3.2940648393919787
2025-01-02 17:00:00,800017,NORMAL,HS1306571,245,40.83333333333333,0.30277644169470147,168.93410428028164,41.1258876710351,0.03477933694567048,9.374799250609783
2025-01-02 17:10:00,800017,NORMAL,HS1306571,246,41.0,0.29869019980572653,163.16717232359787,40.84220349148579,0.030926851140098577,3.891564608347693
2025-01-02 17:20:00,800017,NORMAL,HS1306571,247,41.166666666666664,0.28948308474196666,167.51199696256646,41.92764525708971,0.02375851484650965,9.743262350920702
2025-01-02 17:30:00,800017,NORMAL,HS1306571,248,41.33333333333333,0.2861823637710832,173.00431474020195,43.7729484368093,0.023158587137075803,17.35048832821002
2025-01-02 17:40:00,800017,NORMAL,HS1306571,249,41.5,0.27594723736459126,156.41778411828463,44.880784916120106,0.015878454244910634,3.1185937097556575
2025-01-02 17:50:00,800017,NORMAL,HS1306571,250,41.666666666666664,0.2699669654307709,163.7984869984186,42.162883844050654,0.013080507776931982,13.02923597616683
2025-01-02 18:00:00,800017,NORMAL,HS1306571,251,41.83333333333333,0.2650164230467789,164.7639931359957,40.58922022493802,0.011495355808491314,16.654093592672325
2025-01-02 18:10:00,800017,NORMAL,HS1306571,252,42.0,0.2528560590947453,156.83159369573696,40.37790037137883,0.00307457882484774,11.793101955386021
2025-01-02 18:20:00,800017,NORMAL,HS1306571,253,42.166666666666664,0.2591562034117643,156.6749659825661,40.162267565952995,0.012945578310664507,14.856886149918125
2025-01-02 18:30:00,800017,NORMAL,HS1306571,254,42.33333333333333,0.23380244690642374,156.63813487321147,36.48928307982876,-0.009140304684812472,17.804239329512455
2025-01-02 18:40:00,800017,NORMAL,HS1306571,255,42.5,0.2414023394341541,142.93827944874104,35.432459567711604,0.0017251052907834574,7.050459728185558
2025-01-02 18:50:00,800017,NORMAL,HS1306571,256,42.666666666666664,0.2413812232741718,133.91854678668204,32.78825635053609,0.0050425407175988535,1.0164970766775525
2025-01-02 19:00:00,800017,NORMAL,HS1306571,257,42.83333333333333,0.2232878219605094,127.27603147269204,32.35840190537816,-0.009646526178701598,-2.5988261522298046
2025-01-02 19:10:00,800017,NORMAL,HS1306571,258,43.0,0.23212168457162738,128.48100836803926,33.25640308137766,0.0018830551963069375,1.014265728526695
2025-01-02 19:20:00,800017,NORMAL,HS1306571,259,43.166666666666664,0.24180400549190195,133.59566608868414,32.259692921009474,0.014063095046375151,8.057828608024025
2025-01-02 19:30:00,800017,NORMAL,HS1306571,260,43.33333333333333,0.23450410027574742,138.19407508689414,29.993155558439454,0.009348281595298769,14.63450280211363
2025-01-02 19:40:00,800017,NORMAL,HS1306571,261,43.5,0.23188422242929801,128.2348903045082,29.882263981301556,0.009079663568332341,6.5090731272612885
2025-01-02 19:50:00,800017,NORMAL,HS1306571,262,43.666666666666664,0.24427632633642332,124.09452341393876,27.921341697604024,0.02359543818475121,4.028725666425643
2025-01-02 20:00:00,800017,NORMAL,HS1306571,263,43.83333333333333,0.22439528465764588,116.43477221287561,33.014312940667544,0.00566526532534925,-2.100866478716341
2025-01-02 20:10:00,800017,NORMAL,HS1306571,264,44.0,0.20913868335277297,120.26380308483482,32.810019276952076,-0.007562324782988433,3.2284515402461125
2025-01-02 20:20:00,800017,NORMAL,HS1306571,265,44.166666666666664,0.22139674969486256,119.99869413302476,31.741130032911745,0.0066355082514603925,4.343284845355669
2025-01-02 20:30:00,800017,NORMAL,HS1306571,266,44.33333333333333,0.20080263586566371,120.47014896201082,32.72285433064513,-0.01207290910394887,6.0686755713302745
2025-01-02 20:40:00,800017,NORMAL,HS1306571,267,44.5,0.20787283185498132,130.52589720550978,29.32322254489879,-0.0028661743664507022,17.494153866256056
2025-01-02 20:50:00,800017,NORMAL,HS1306571,268,44.666666666666664,0.22404779162712868,117.81868373097264,29.494345358323596,0.015655723044969955,6.287632470685949
2025-01-02 21:00:00,800017,NORMAL,HS1306571,269,44.83333333333333,0.210472828517195,113.99234507125404,27.734018798170542,0.004541142123247577,4.037746693132732
2025-01-02 21:10:00,800017,NORMAL,HS1306571,270,45.0,0.21926355151452065,116.34588237038926,27.810668126980335,0.015987357196510066,8.200926641552527
2025-01-02 21:20:00,800017,NORMAL,HS1306571,271,45.166666666666664,0.2153671277962654,112.58347465222361,28.012908912823818,0.014652873139117117,6.356289045088829
2025-01-02 21:30:00,800017,NORMAL,HS1306571,272,45.33333333333333,0.20668655762808094,109.30554531923826,28.355147184616623,0.008756631849397511,5.17921438268246
2025-01-02 21:40:00,800017,NORMAL,HS1306571,273,45.5,0.21271560196945732,100.57280222010192,27.889754804239182,0.017601726766889647,-1.4065024414204998
2025-01-02 21:50:00,800017,NORMAL,HS1306571,274,45.666666666666664,0.19558126024042283,92.74626535867047,28.433565676478526,0.003213758328021732,-7.134407787840459
2025-01-02 22:00:00,800017,NORMAL,HS1306571,275,45.83333333333333,0.19118064180684322,95.62720161149454,28.50093481533446,0.0015431233654983334,-2.177071658444717
2025-01-02 22:10:00,800017,NORMAL,HS1306571,276,46.0,0.20906264689132162,96.89833218438054,27.727281919353864,0.02227137433757423,1.1699064669253971
2025-01-02 22:20:00,800017,NORMAL,HS1306571,277,46.166666666666664,0.20554644969327296,103.10309925230449,26.726631676557766,0.022541798790270212,9.897660198240118
2025-01-02 22:30:00,800017,NORMAL,HS1306571,278,46.33333333333333,0.18673988233256925,107.97868219779788,28.32984471036427,0.008331765530304625,17.818060957768736
2025-01-02 22:40:00,800017,NORMAL,HS1306571,279,46.5,0.17051231173006548,93.79635976169858,27.756586468982395,-0.0027489496542722758,7.028408368561557
2025-01-02 22:50:00,800017,NORMAL,HS1306571,280,46.666666666666664,0.15564371966638738,86.54180080397944,26.078866068356522,-0.011992612984577766,3.4457783456126094
2025-01-02 23:00:00,800017,NORMAL,HS1306571,281,46.83333333333333,0.15892110984550042,74.80236609051917,26.787221482377984,-0.0027991010814925887,-4.528441326526405
2025-01-02 23:10:00,800017,NORMAL,HS1306571,282,47.0,0.1571312003478134,76.72639802684233,24.94745860952937,0.00192593772500263,1.5293617212795567
2025-01-02 23:20:00,800017,NORMAL,HS1306571,283,47.166666666666664,0.15187184644752388,74.03043942136858,23.73928884357539,0.0030164283293570293,3.159460798916939
2025-01-02 23:30:00,800017,NORMAL,HS1306571,284,47.33333333333333,0.15137721832476053,67.6913930327893,23.03631362387397,0.008243869678017685,0.8180233341322349
2025-01-02 23:40:00,800017,NORMAL,HS1306571,285,47.5,0.14283064647397073,67.4284454115004,22.359422355972658,0.004728741937589986,4.136423844320902
2025-01-02 23:50:00,800017,NORMAL,HS1306571,286,47.666666666666664,0.1391282761537348,61.14619578824006,22.344828409182266,0.005428628308152744,1.053318547118053
2025-01-01 00:10:00,800018,NORMAL,HS1306571,0,0.0,0.02750218450523593,4.643542190447406,21.34394272561655,0.0019147063064553875,0.1598516518690687
2025-01-01 00:20:00,800018,NORMAL,HS1306571,1,0.16666666666666666,0.059233197252265134,17.86009668455219,20.98351903184895,0.0007723272485202562,0.8747160963241285
2025-01-01 00:30:00,800018,NORMAL,HS1306571,2,0.3333333333333333,0.11264201388767855,42.87256995054571,21.75180036549136,0.0059113050665656475,2.962135835814202
2025-01-01 00:40:00,800018,NORMAL,HS1306571,3,0.5,0.14692287619647323,63.44294923633516,21.43854107189554,0.008916277893659952,3.1500470572841763
2025-01-01 00:50:00,800018,NORMAL,HS1306571,4,0.6666666666666666,0.16119534076669395,67.2142569958017,21.215685830074484,0.013395027140963384,-2.0156933709964164
2025-01-01 01:00:00,800018,NORMAL,HS1306571,5,0.8333333333333333,0.14248065686058273,80.75392352895955,19.759455392347725,-0.006434021859232308,9.582905510197165
2025-01-01 01:10:00,800018,NORMAL,HS1306571,6,1.0,0.1458338215873781,67.32823312804723,19.84555117552671,-0.001738270787429913,-3.126895858207291
2025-01-01 01:20:00,800018,NORMAL,HS1306571,7,1.1666666666666665,0.15618960944948718,72.49878062870788,19.19775127212564,0.012846416147136053,4.952345672869015
2025-01-01 01:30:00,800018,NORMAL,HS1306571,8,1.3333333333333333,0.1470735315346282,68.51777594064575,18.163424303148936,0.008992060409016261,4.947996917588895
2025-01-01 01:40:00,800018,NORMAL,HS1306571,9,1.5,0.13863748500208556,66.50166185361634,17.38772323473798,0.004914290048721792,6.663464738695076
2025-01-01 01:50:00,800018,NORMAL,HS1306571,10,1.6666666666666665,0.12227110898899894,63.468294092611124,19.597683698677354,-0.008119175780745433,6.758598625085519
2025-01-01 02:00:00,800018,NORMAL,HS1306571,11,1.8333333333333333,0.12133399989957587,57.139701198714164,19.837510983127626,-0.00630771887617794,3.103743940560676
2025-01-01 02:10:00,800018,NORMAL,HS1306571,12,2.0,0.12921985595359406,57.23914597517032,18.43789221763184,0.001872858022189089,4.186556551300015
2025-01-01 02:20:00,800018,NORMAL,HS1306571,13,2.1666666666666665,0.13274614952407054,57.5746696776665,19.032663755439014,0.0024347269397363425,2.803707012878263
2025-01-01 02:30:00,800018,NORMAL,HS1306571,14,2.333333333333333,0.14039039411193585,55.22326898144495,18.26553586329385,0.005267571818902861,-2.92053718458331
2025-01-01 02:40:00,800018,NORMAL,HS1306571,15,2.5,0.14192336678503595,69.41864336730828,17.80833528341498,0.001812886186147139,7.399478334285661
2025-01-01 02:50:00,800018,NORMAL,HS1306571,16,2.6666666666666665,0.14736381046139263,70.33441424502601,19.359227863302536,0.0029097429157872168,4.6539547894653595
2025-01-01 03:00:00,800018,NORMAL,HS1306571,17,2.833333333333333,0.14797636775084558,70.46403682065066,18.90229765271153,-0.00023217301776889965,1.4600749282847971
2025-01-01 03:10:00,800018,NORMAL,HS1306571,18,3.0,0.16033340553377257,73.69114986240007,18.309026714898316,0.011723461411320829,3.2402864712820048
2025-01-01 03:20:00,800018,NORMAL,HS1306571,19,3.1666666666666665,0.1520015045979163,76.57471992451143,19.947217744398436,0.006194605901985506,7.19450011124448
2025-01-01 03:30:00,800018,NORMAL,HS1306571,20,3.333333333333333,0.15147388833833986,73.26852433928357,20.331301138491877,0.009016453695831927,5.674980477372401
2025-01-01 03:40:00,800018,NORMAL,HS1306571,21,3.5,0.14215294460138883,66.24990406118653,19.62783005179637,0.002868376693163144,0.44122665445645737
2025-01-01 03:50:00,800018,NORMAL,HS1306571,22,3.6666666666666665,0.13769552742998925,63.91058788590796,20.61132341436817,0.0012641754812743322,-0.29855316185923186
2025-01-01 04:00:00,800018,NORMAL,HS1306571,23,3.833333333333333,0.13145095949414745,60.983831757624245,21.006877445837194,-0.0022729585155794596,-1.7350287497620016
2025-01-01 04:10:00,800018,NORMAL,HS1306571,24,4.0,0.13550236019523537,60.24436365506753,19.541847607094784,0.0023242250243130647,-1.9923121619859288
2025-01-01 04:20:00,800018,NORMAL,HS1306571,25,4.166666666666666,0.13895684256528623,60.88763909755628,20.879332581970104,0.0035658448562442546,-2.7121628463612666
2025-01-01 04:30:00,800018,NORMAL,HS1306571,26,4.333333333333333,0.15384333554178498,67.95103651537723,19.311628365346046,0.015382691227572076,2.1762520842636945
2025-01-01 04:40:00,800018,NORMAL,HS1306571,27,4.5,0.15516530410531307,75.04490942075346,20.05478828190709,0.013502009215387994,6.909515012397421
2025-01-01 04:50:00,800018,NORMAL,HS1306571,28,4.666666666666666,0.16061470215049461,72.31191257593699,18.933050074742432,0.015675815238046203,1.762464585154106
2025-01-01 05:00:00,800018,NORMAL,HS1306571,29,4.833333333333333,0.17056305542114547,76.04506616750672,18.37051551555325,0.0222495966148204,3.0279286552318894
2025-01-01 05:10:00,800018,NORMAL,HS1306571,30,5.0,0.1793721857206417,83.1045231011527,19.30718734988801,0.02701781963430988,7.600584008197515
2025-01-01 05:20:00,800018,NORMAL,HS1306571,31,5.166666666666666,0.17156845015448657,88.86897264671423,20.3517402578487,0.014200422120640765,10.939320581144287
2025-01-01 05:30:00,800018,NORMAL,HS1306571,32,5.333333333333333,0.16261150636973287,82.10984646501225,19.412060477049366,-0.00010437657429240854,1.6198258180099714
2025-01-01 05:40:00,800018,NORMAL,HS1306571,33,5.5,0.16388028202787921,86.82621515385965,20.319037588459917,-0.004329637712901818,3.613499267893374
2025-01-01 05:50:00,800018,NORMAL,HS1306571,34,5.666666666666666,0.18956281500912933,82.54448579758525,21.279744269768692,0.015880908020908163,-3.461083666580137
2025-01-01 06:00:00,800018,NORMAL,HS1306571,35,5.833333333333333,0.19572752744233665,94.43733338290636,20.88709493745211,0.01652543133341966,5.463866765569222
2025-01-01 06:10:00,800018,NORMAL,HS1306571,36,6.0,0.20971195500432085,92.63914012272012,23.00183981190995,0.02642520240838281,1.0054398387948709
2025-01-01 06:20:00,800018,NORMAL,HS1306571,37,6.166666666666666,0.18316102111314492,95.51583061803667,21.360836160673813,-0.0024492451191003295,1.8244482284453056
2025-01-01 06:30:00,800018,NORMAL,HS1306571,38,6.333333333333333,0.21055903241188134,99.30711784049804,23.490287736769094,0.022733543787547356,3.60262288913394
2025-01-01 06:40:00,800018,NORMAL,HS1306571,39,6.5,0.20768438532049188,99.57072204577103,24.070897557728824,0.017834170767095342,1.9454167963749
2025-01-01 06:50:00,800018,NORMAL,HS1306571,40,6.666666666666666,0.21239373016881952,100.16973856016772,25.257472362055225,0.02092494004948081,0.8643723274290096
2025-01-01 07:00:00,800018,NORMAL,HS1306571,41,6.833333333333333,0.20748619591518289,113.78854105863003,27.36058368249791,0.014770342241143736,13.052607792893298
2025-01-01 07:10:00,800018,NORMAL,HS1306571,42,7.0,0.20114537628486417,106.28969716128827,27.539819712074934,0.00678287100444111,4.153540386404231
2025-01-01 07:20:00,800018,NORMAL,HS1306571,43,7.166666666666666,0.20640197506314079,110.73313147745834,27.72753776009908,0.010515346531192765,7.438072056535503
2025-01-01 07:30:00,800018,NORMAL,HS1306571,44,7.333333333333333,0.21405471241171267,104.51441827034478,30.25509090971505,0.016970151881242235,0.36088545142587236
2025-01-01 07:40:00,800018,NORMAL,HS1306571,45,7.5,0.20704416083954802,103.7993135384442,29.032437403548954,0.008153476540209675,-1.534366169581702
2025-01-01 07:50:00,800018,NORMAL,HS1306571,46,7.666666666666666,0.2050731282198193,114.6036309598984,29.981477255186523,0.0037741777457723225,7.685027022666674
2025-01-01 08:00:00,800018,NORMAL,HS1306571,47,7.833333333333333,0.22257360315968833,115.88050629536127,31.301385793684187,0.018614335084947198,7.181031416579884
2025-01-01 08:10:00,800018,NORMAL,HS1306571,48,8.0,0.2199286657635331,113.99578553335046,32.440479864714064,0.014046557637346219,3.855509937742184
2025-01-01 08:20:00,800018,NORMAL,HS1306571,49,8.166666666666666,0.2202582145707489,116.46378931385885,33.875032758061536,0.013220595384386136,5.446279383778133
2025-01-01 08:30:00,800018,NORMAL,HS1306571,50,8.333333333333332,0.22525521410631788,124.5309990176025,33.55667348037648,0.016576791496383164,12.395441432019638
2025-01-01 08:40:00,800018,NORMAL,HS1306571,51,8.5,0.22991703950598985,126.95685971252226,34.81674508506293,0.019103780497737227,13.351786267114534
2025-01-01 08:50:00,800018,NORMAL,HS1306571,52,8.666666666666666,0.22414210127560844,133.0678595097501,34.35710225298641,0.010978767725279226,17.80487543912713
2025-01-01 09:00:00,800018,NORMAL,HS1306571,53,8.833333333333332,0.22032887767074197,125.40877057510416,36.180588027968156,0.004749721902401499,8.415317159853188
2025-01-01 09:10:00,800018,NORMAL,HS1306571,54,9.0,0.22781916087761392,135.97328723544476,36.880079571021625,0.009976114433957267,17.329986864102835
2025-01-01 09:20:00,800018,NORMAL,HS1306571,55,9.166666666666666,0.24035764194044373,126.0662053452444,36.48453058342077,0.021147299747505177,6.235990652223222
2025-01-01 09:30:00,800018,NORMAL,HS1306571,56,9.333333333333332,0.23011014068197683,127.22275976931763,36.22753426836042,0.011441995423767976,7.4662514098768185
2025-01-01 09:40:00,800018,NORMAL,HS1306571,57,9.5,0.2380641295162766,119.06098346583741,36.261721288983935,0.02132317519664212,0.47377724994652226
2025-01-01 09:50:00,800018,NORMAL,HS1306571,58,9.666666666666666,0.21221336834724708,116.38701418189683,36.54981175360978,-0.00184368409208302,-0.39358390200472115
2025-01-01 10:00:00,800018,NORMAL,HS1306571,59,9.833333333333332,0.2154462048067532,115.04963559803507,34.79542118381926,0.004514314321366786,0.43676253713819335
2025-01-01 10:10:00,800018,NORMAL,HS1306571,60,10.0,0.20565196686102657,102.87438446698245,35.22296287599964,-0.002939501711136744,-9.858750969911654
2025-01-01 10:20:00,800018,NORMAL,HS1306571,61,10.166666666666666,0.20722858206367697,101.73351099662509,36.8466341367733,-0.001242072472379785,-10.435604959775404
2025-01-01 10:30:00,800018,NORMAL,HS1306571,62,10.333333333333332,0.21272706030682212,105.13758623064302,35.83196613220529,0.0025820312670621903,-7.803837528480358
2025-01-01 10:40:00,800018,NORMAL,HS1306571,63,10.5,0.2004993114273321,122.64866752755881,36.63497857878511,-0.012124455343765494,8.226695427746208
2025-01-01 10:50:00,800018,NORMAL,HS1306571,64,10.666666666666666,0.1986286970519796,125.77370079608586,35.974768727224244,-0.016769434416203627,9.583564808462668
2025-01-01 11:00:00,800018,NORMAL,HS1306571,65,10.833333333333332,0.18754449204703275,125.9600486510187,37.32138650067558,-0.030861333961508558,7.804873859892382
2025-01-01 11:10:00,800018,NORMAL,HS1306571,66,11.0,0.19999428627201643,132.472509991,36.0316274230138,-0.021855484783642076,11.88014639093673
2025-01-01 11:20:00,800018,NORMAL,HS1306571,67,11.166666666666666,0.21918270412807977,125.27415255115015,35.737419161763505,-0.004295652403908251,3.166547080431428
2025-01-01 11:30:00,800018,NORMAL,HS1306571,68,11.333333333333332,0.2361579351402835,126.03828619416754,36.16302830333836,0.012844868253524683,3.7578537235649208
2025-01-01 11:40:00,800018,NORMAL,HS1306571,69,11.5,0.23851010488166635,122.62899618636763,34.86984164163985,0.016091241451562127,0.7938318937707436
2025-01-01 11:50:00,800018,NORMAL,HS1306571,70,11.666666666666666,0.21835131239595607,119.99318069520967,37.320157020959705,-0.002807308708723616,-1.1158679634754805
2025-01-01 12:00:00,800018,NORMAL,HS1306571,71,11.833333333333332,0.21490958911076807,112.06072477666866,36.77847327770327,-0.004822183954301784,-8.2008953566815
2025-01-01 12:10:00,800018,NORMAL,HS1306571,72,12.0,0.21873619389643176,115.71606726453626,38.94030448174017,0.001871088607359156,-2.9420714691187158
2025-01-01 12:20:00,800018,NORMAL,HS1306571,73,12.166666666666666,0.231842522667678,118.25016293583606,38.19325704129207,0.017993687682372694,1.2691409386329013
2025-01-01 12:30:00,800018,NORMAL,HS1306571,74,12.333333333333332,0.21925872771048088,102.21773908277713,36.40155076486939,0.007625290339593721,-13.625118252729266
2025-01-01 12:40:00,800018,NORMAL,HS1306571,75,12.5,0.2077387065281514,100.35830760235585,36.11609040093701,-0.0022493351057863153,-14.733070853165913
2025-01-01 12:50:00,800018,NORMAL,HS1306571,76,12.666666666666666,0.19473982888187488,105.26984236330269,35.12141848830537,-0.01391185238034906,-9.263584908050802
2025-01-01 13:00:00,800018,NORMAL,HS1306571,77,12.833333333333332,0.21226878357071727,108.51652320141717,32.59318940200456,0.004772997134017742,-5.559368777251166
2025-01-01 13:10:00,800018,NORMAL,HS1306571,78,13.0,0.20701851925354445,113.41921474769042,36.674670213444784,3.2989937388372415e-05,-0.1677954471510077
2025-01-01 13:20:00,800018,NORMAL,HS1306571,79,13.166666666666666,0.20920489273218212,119.13702731235436,38.83290122126197,0.0011301647224791211,5.556408507970588
2025-01-01 13:30:00,800018,NORMAL,HS1306571,80,13.333333333333332,0.23488370868436498,126.62947638604074,37.360899978758496,0.02422621632610622,12.050182706073997
2025-01-01 13:40:00,800018,NORMAL,HS1306571,81,13.5,0.24339064540203462,125.16940593429095,36.21114369248977,0.029474816929938336,8.90683072042917
2025-01-01 13:50:00,800018,NORMAL,HS1306571,82,13.666666666666666,0.23834932142321652,122.48639559933928,39.30808786352293,0.020866777621158183,4.242012833814599
2025-01-01 14:00:00,800018,NORMAL,HS1306571,83,13.833333333333332,0.21786426582716742,120.8245648344593,39.096535929369345,-0.0035205767148864253,0.33789264717172784
2025-01-01 14:10:00,800018,NORMAL,HS1306571,84,14.0,0.21249438558538344,130.24785172515405,41.313095082504184,-0.013403172303435934,6.578866482100835
2025-01-01 14:20:00,800018,NORMAL,HS1306571,85,14.166666666666666,0.2457381348216334,128.74759231800908,38.98826966057802,0.015750848751909324,1.3946024185601829
2025-01-01 14:30:00,800018,NORMAL,HS1306571,86,14.333333333333332,0.25343005075034203,128.32627762985888,39.4939294037022,0.02015466693360271,-2.299908458422152
2025-01-01 14:40:00,800018,NORMAL,HS1306571,87,14.5,0.259083808220018,147.41089370368402,39.76611370993603,0.0229979327072653,13.850461249143933
2025-01-01 14:50:00,800018,NORMAL,HS1306571,88,14.666666666666666,0.2616209171016942,149.77478128470594,37.974256712907305,0.023054566463870635,13.537597039363305
2025-01-01 15:00:00,800018,NORMAL,HS1306571,89,14.833333333333332,0.25767134573262074,148.7051067432722,35.76821379985542,0.016815986809931655,9.931116878916129
2025-01-01 15:10:00,800018,NORMAL,HS1306571,90,15.0,0.26115838620712467,149.65493570058416,33.55807787357131,0.018217130462638315,8.754461957941828
2025-01-01 15:20:00,800018,NORMAL,HS1306571,91,15.166666666666666,0.23285183193066572,133.94716714575412,34.45673121982804,-0.012163372543880113,-8.737872738085684
2025-01-01 15:30:00,800018,NORMAL,HS1306571,92,15.333333333333332,0.25466007617871445,154.459556072493,33.36881591829778,0.007644015800652604,10.109244355729686
2025-01-01 15:40:00,800018,NORMAL,HS1306571,93,15.5,0.25082182211301907,156.9523670290122,33.31225398525143,0.001867261297392564,10.998063674221072
2025-01-01 15:50:00,800018,NORMAL,HS1306571,94,15.666666666666666,0.27100161933096106,169.23682658128013,34.049697326256165,0.02012216621902313,21.685960333812687
2025-01-01 16:00:00,800018,NORMAL,HS1306571,95,15.833333333333332,0.2594747118550018,171.6694653811412,35.17841160622397,0.006691254836035332,22.53542208045866
2025-01-01 16:10:00,800018,NORMAL,HS1306571,96,16.0,0.2601954347027266,171.3071582780229,34.86423218634826,0.0052724630517367865,20.605060048607356
2025-01-01 16:20:00,800018,NORMAL,HS1306571,97,16.166666666666664,0.26583350848248005,185.7703522690652,34.36143540146542,0.008920377053329931,33.74896571768167
2025-01-01 16:30:00,800018,NORMAL,HS1306571,98,16.333333333333332,0.27918119296214655,167.95570801422897,34.77149015805419,0.0211321837229676,15.29400022170097
2025-01-01 16:40:00,800018,NORMAL,HS1306571,99,16.5,0.29125661459239716,156.9447121672233,35.23348709097499,0.03252735608804791,4.056173568048877
2025-01-01 16:50:00,800018,NORMAL,HS1306571,100,16.666666666666664,0.2879171066430207,156.11334709597273,34.13071511699318,0.02869112727308254,3.178134566985449
2025-01-01 17:00:00,800018,NORMAL,HS1306571,101,16.833333333333332,0.2921978720081118,157.8035429092389,35.62093811511777,0.03252234316014152,4.88047721673621
2025-01-01 17:10:00,800018,NORMAL,HS1306571,102,17.0,0.29577314590336606,143.25037386153096,34.100904292825,0.03685309203587411,-8.843563407467542
2025-01-01 17:20:00,800018,NORMAL,HS1306571,103,17.166666666666664,0.2661140152578275,153.15841871500461,33.38264789450596,0.010109698074920681,3.572347917680787
2025-01-01 17:30:00,800018,NORMAL,HS1306571,104,17.333333333333332,0.2757887261304862,152.0144642294309,33.85965683705441,0.02375566883953728,5.814780736092786
2025-01-01 17:40:00,800018,NORMAL,HS1306571,105,17.5,0.27654387980986356,143.655374576482,33.68712473689549,0.028973202444595503,1.2396300338824915
2025-01-01 17:50:00,800018,NORMAL,HS1306571,106,17.666666666666664,0.24230015356725637,138.67777301099144,33.82202560746477,-0.0004667599397298605,0.2953198761962881
2025-01-01 18:00:00,800018,NORMAL,HS1306571,107,17.833333333333332,0.2518130528032252,148.79171320900335,35.4413222504294,0.0141649318320273,14.645273218870585
2025-01-01 18:10:00,800018,NORMAL,HS1306571,108,18.0,0.2609468611278921,141.73683879861952,33.770696654932095,0.02797714108752969,11.308519144737971
2025-01-01 18:20:00,800018,NORMAL,HS1306571,109,18.166666666666664,0.26065889606584924,136.2040373289687,32.97959007237534,0.031061306111312553,8.237787086760491
2025-01-01 18:30:00,800018,NORMAL,HS1306571,110,18.333333333333332,0.23294109976298258,128.31585595601163,34.960937235429675,0.005566638453955358,1.8495487570503855
2025-01-01 18:40:00,800018,NORMAL,HS1306571,111,18.5,0.20701917252077645,122.8186179903455,33.01640363140895,-0.018580327638123173,-2.558811507814397
2025-01-01 18:50:00,800018,NORMAL,HS1306571,112,18.666666666666664,0.21291262045639106,129.63451094679178,32.8154006822955,-0.011077228150278284,5.188921865844634
2025-01-01 19:00:00,800018,NORMAL,HS1306571,113,18.833333333333332,0.2342905586580126,147.57252613306065,32.74692416558635,0.011836644635859733,23.991561292989346
2025-01-01 19:10:00,800018,NORMAL,HS1306571,114,19.0,0.23428511309512326,146.89024687839802,33.128406296896095,0.01326762355986949,24.150303747146395
2025-01-01 19:20:00,800018,NORMAL,HS1306571,115,19.166666666666664,0.23431311258204726,139.62564429490934,34.60662724708378,0.015160411672944324,17.962479017451656
2025-01-01 19:30:00,800018,NORMAL,HS1306571,116,19.333333333333332,0.20469774428549312,114.41564458260764,33.328775555290925,-0.011735751036642011,-5.56242851528161
2025-01-01 19:40:00,800018,NORMAL,HS1306571,117,19.5,0.21969770313548959,105.78007411408979,31.636996808604106,0.006303994085873649,-12.237812617695795
2025-01-01 19:50:00,800018,NORMAL,HS1306571,118,19.666666666666664,0.22368645131189946,109.57867930808683,32.39974354681626,0.01343635817520289,-6.396871012873092
2025-01-01 20:00:00,800018,NORMAL,HS1306571,119,19.833333333333332,0.2350462948597335,119.48346086415307,31.39047158556204,0.027938535108542967,5.540243575712964
2025-01-01 20:10:00,800018,NORMAL,HS1306571,120,20.0,0.2131415933416725,111.3261501310142,32.8050116459332,0.010217531027348264,0.15866854870141367
2025-01-01 20:20:00,800018,NORMAL,HS1306571,121,20.166666666666664,0.21501507352056803,120.08437883228069,32.61691563194353,0.016518834359866008,12.19622657236009
2025-01-01 20:30:00,800018,NORMAL,HS1306571,122,20.333333333333332,0.20290023285637918,112.5818494819073,31.37784664832499,0.0076652568097052565,7.24796064440477
2025-01-01 20:40:00,800018,NORMAL,HS1306571,123,20.5,0.20486968577604536,105.02870096332103,28.62232750120866,0.012349456583057444,1.790368515395457
2025-01-01 20:50:00,800018,NORMAL,HS1306571,124,20.666666666666664,0.21527797416658398,102.97717631297559,28.095617700951006,0.025402872342055793,1.7262585471708007
2025-01-01 21:00:00,800018,NORMAL,HS1306571,125,20.833333333333332,0.21006110628923846,89.44674010744771,28.208231006657698,0.02293045418165013,-9.807949147468022
2025-01-01 21:10:00,800018,NORMAL,HS1306571,126,21.0,0.19625766777053327,101.0131490659248,28.860451693572124,0.01108663224107373,3.2385432453695415
2025-01-01 21:20:00,800018,NORMAL,HS1306571,127,21.166666666666664,0.17589761183443256,90.64135117756166,29.186786192813486,-0.007395156733548153,-5.828701059296705
2025-01-01 21:30:00,800018,NORMAL,HS1306571,128,21.333333333333332,0.1751030852759187,102.86387277284656,28.45994280732742,-0.00465252134787375,8.777033294743603
2025-01-01 21:40:00,800018,NORMAL,HS1306571,129,21.5,0.17506300123542637,94.96522392854042,27.227276171702687,-1.113439218489165e-05,4.131674084632465
2025-01-01 21:50:00,800018,NORMAL,HS1306571,130,21.666666666666664,0.1630876280277576,88.41926844096437,26.943751511699876,-0.006844087196958559,1.2142430050364368
2025-01-01 22:00:00,800018,NORMAL,HS1306571,131,21.833333333333332,0.1720667223130631,86.73101584428208,26.23462928537538,0.007501458491175311,3.324418777131214
2025-01-01 22:10:00,800018,NORMAL,HS1306571,132,22.0,0.15769373115121815,85.95444435081855,27.329870404670203,-0.0014393595765795353,6.3160234721173225
2025-01-01 22:20:00,800018,NORMAL,HS1306571,133,22.166666666666664,0.1619329390805569,86.2328603069046,26.91869680291565,0.007947778804262506,10.04551921623137
2025-01-01 22:30:00,800018,NORMAL,HS1306571,134,22.333333333333332,0.1574456445773899,84.19437256472806,27.806142208766207,0.0071789937707398,10.569540788440591
2025-01-01 22:40:00,800018,NORMAL,HS1306571,135,22.5,0.16725210053016348,79.92345201993966,27.250537833661767,0.019457802208869335,8.057516746880694
2025-01-01 22:50:00,800018,NORMAL,HS1306571,136,22.666666666666664,0.15709545899311433,73.71371258275336,28.867954929882625,0.011029626224049627,3.0983728205645065
2025-01-01 23:00:00,800018,NORMAL,HS1306571,137,22.833333333333332,0.1559095040391179,68.88229753045238,26.078670191992863,0.011122456959983235,-0.794131621910779
2025-01-01 23:10:00,800018,NORMAL,HS1306571,138,23.0,0.1345023048332522,66.65216831340508,25.464332015611518,-0.009064395702461175,-2.169976075785982
2025-01-01 23:20:00,800018,NORMAL,HS1306571,139,23.166666666666664,0.1423672680498891,65.79868951859041,26.54521917651683,-0.00019205366309624217,-2.3813956380711687
2025-01-01 23:30:00,800018,NORMAL,HS1306571,140,23.333333333333332,0.1437409907882663,73.58129452135462,25.357134796542546,0.0012277202615598448,5.482662808553897
2025-01-01 23:40:00,800018,NORMAL,HS1306571,141,23.5,0.14966028910312867,69.83762837330357,25.33130483117874,0.006285047997339643,1.2544545950695465
2025-01-01 23:50:00,800018,NORMAL,HS1306571,142,23.666666666666664,0.15369268122826774,69.9874015848616,24.815083722536293,0.008867938919218776,0.5306827403191647
2025-01-02 00:00:00,800018,NORMAL,HS1306571,143,23.833333333333332,0.14627465896024044,72.541534105576,25.70823745211628,-0.0002929217207571222,2.005187515611908
2025-01-02 00:10:00,800018,NORMAL,HS1306571,144,24.0,0.16491712628039015,72.0407346725214,25.24511433323896,0.016410875707137756,0.21329183591126366
2025-01-02 00:20:00,800018,NORMAL,HS1306571,145,24.166666666666664,0.16347241582519692,76.83172053178352,24.511483113751783,0.013978340326869343,4.129889255007711
2025-01-02 00:30:00,800018,NORMAL,HS1306571,146,24.333333333333332,0.15810115705064884,81.65833009248146,24.134836748513163,0.00915646920205146,8.971571621825206
2025-01-02 00:40:00,800018,NORMAL,HS1306571,147,24.5,0.150962887164465,75.08621399308507,23.915357616895154,0.0035906467421617516,3.073199629658319
2025-01-02 00:50:00,800018,NORMAL,HS1306571,148,24.666666666666664,0.14337528717722822,70.01523751861848,23.665616070249097,-0.0018924654172697009,-0.9712675329508187
2025-01-02 01:00:00,800018,NORMAL,HS1306571,149,24.833333333333332,0.1354710420505891,70.92680525727157,22.365489359903087,-0.007431536882081646,1.130504955600344
2025-01-02 01:10:00,800018,NORMAL,HS1306571,150,25.0,0.12949321720578186,68.90863056540444,21.544584853084903,-0.010002612730136418,1.0601885240482005
2025-01-02 01:20:00,800018,NORMAL,HS1306571,151,25.166666666666664,0.13549890634403844,73.37910428513749,22.46916640203041,-9.070364108271223e-06,8.218131133349317
2025-01-02 01:30:00,800018,NORMAL,HS1306571,152,25.333333333333332,0.12799219962703798,66.17453948254996,22.303406368305783,-0.0034637012533720313,3.840656977172422
2025-01-02 01:40:00,800018,NORMAL,HS1306571,153,25.5,0.11416778366674536,61.08879716088321,22.387690930677692,-0.013001984412770992,1.717399175633993
2025-01-02 01:50:00,800018,NORMAL,HS1306571,154,25.666666666666664,0.11881440561371893,52.83771226209675,21.523775721915865,-0.0038215705574789066,-3.4357817923274396
2025-01-02 02:00:00,800018,NORMAL,HS1306571,155,25.833333333333332,0.12150137959469377,48.119487182762356,19.919556737657395,0.0034446343218941383,-5.025180677109816
2025-01-02 02:10:00,800018,NORMAL,HS1306571,156,26.0,0.1114524095756762,50.01282385995425,19.95067959740421,-0.003309114175990141,-0.6132718661363157
2025-01-02 02:20:00,800018,NORMAL,HS1306571,157,26.166666666666664,0.11461533127752453,52.850522589324086,19.341562790701904,0.0012318944709289043,3.6570043960080483
2025-01-02 02:30:00,800018,NORMAL,HS1306571,158,26.333333333333332,0.11993796348855038,54.064878303713805,19.924024314099164,0.006269330134994547,5.377175174936582
2025-01-02 02:40:00,800018,NORMAL,HS1306571,159,26.5,0.121373129918821,52.403612782138914,19.162503466835215,0.0060299434291769816,3.435052006887531
2025-01-02 02:50:00,800018,NORMAL,HS1306571,160,26.666666666666664,0.13468641163628972,51.896671717685926,19.602370941081446,0.016766766952621054,2.0927016228505906
2025-01-02 03:00:00,800018,NORMAL,HS1306571,161,26.833333333333332,0.13250864285536246,49.55160332367191,19.267085417099064,0.01152176578263292,-1.423389295780538
2025-01-02 03:10:00,800018,NORMAL,HS1306571,162,27.0,0.1308422825867811,47.98146320682953,19.82223159051439,0.006443516567554042,-4.419297787891807
2025-01-02 03:20:00,800018,NORMAL,HS1306571,163,27.166666666666664,0.13791782495443347,52.05353004506462,20.16159157137504,0.009713167791517124,-2.0046407558803523
2025-01-02 03:30:00,800018,NORMAL,HS1306571,164,27.333333333333332,0.13341469969642805,56.93463626835061,19.047512545188233,0.002224396514003968,1.5576840661273934
2025-01-02 03:40:00,800018,NORMAL,HS1306571,165,27.5,0.13731502682192093,56.41021845543882,19.73637565977629,0.004253827006864858,0.3234516996555925
2025-01-02 03:50:00,800018,NORMAL,HS1306571,166,27.666666666666664,0.14220084176504977,52.677499157750056,18.97146595712846,0.007897271657641036,-3.688920847664164
2025-01-02 04:00:00,800018,NORMAL,HS1306571,167,27.833333333333332,0.13665726563568917,59.14556129292662,19.04717232597638,0.001323090911307473,2.6932105106608333
2025-01-02 04:10:00,800018,NORMAL,HS1306571,168,28.0,0.1384359369226818,56.418261140058235,18.756047909287425,0.0023136674527282075,-0.4528751257125734
2025-01-02 04:20:00,800018,NORMAL,HS1306571,169,28.166666666666664,0.14785516917874184,59.47776265708664,19.138556164937967,0.01168997661906182,1.9737765465704413
2025-01-02 04:30:00,800018,NORMAL,HS1306571,170,28.333333333333332,0.1496796389835189,61.314664035901906,19.378054123953746,0.012384504874676155,2.5318773076942165
2025-01-02 04:40:00,800018,NORMAL,HS1306571,171,28.5,0.14469232523371056,67.45412504707024,20.140780792846314,0.004607000255468202,6.460309624973853
2025-01-02 04:50:00,800018,NORMAL,HS1306571,172,28.666666666666664,0.15785317255093545,70.06368207910884,20.164528926866538,0.013895726126283953,6.163866634600289
2025-01-02 05:00:00,800018,NORMAL,HS1306571,173,28.833333333333332,0.158978028267714,68.39059199428272,21.108897074427958,0.010778079480677966,1.2884626837450952
2025-01-02 05:10:00,800018,NORMAL,HS1306571,174,29.0,0.17545263932999042,72.9483264949809,22.058348720363576,0.022422729641687816,2.4473690751285346
2025-01-02 05:20:00,800018,NORMAL,HS1306571,175,29.166666666666664,0.15765530154046695,78.75692236749697,22.22237987800741,-0.0016227794251209293,4.098982728922422
2025-01-02 05:30:00,800018,NORMAL,HS1306571,176,29.333333333333332,0.1652612239199161,86.28635559022548,21.622772609960908,-0.000941409843356833,6.930765651539403
2025-01-02 05:40:00,800018,NORMAL,HS1306571,177,29.5,0.16788452792698708,89.27422056355748,22.009068240336614,-0.0052462799192025955,5.102325514826731
2025-01-02 05:50:00,800018,NORMAL,HS1306571,178,29.666666666666664,0.17689476903785553,89.81029756678883,22.51155754932169,-0.0030411972120881203,0.8175956666516981
2025-01-02 06:00:00,800018,NORMAL,HS1306571,179,29.833333333333332,0.191399924785803,91.69595820053523,23.071408054635043,0.004933467498971389,-1.984575647026233
2025-01-02 06:10:00,800018,NORMAL,HS1306571,180,30.0,0.2228864089413472,102.67312488361337,22.52482427802591,0.031087054623173488,4.773854067918364
2025-01-02 06:20:00,800018,NORMAL,HS1306571,181,30.166666666666664,0.22050973190112758,113.77063703510593,23.39947587648664,0.02577009372361072,12.920557988087282
2025-01-02 06:30:00,800018,NORMAL,HS1306571,182,30.333333333333332,0.1917456566787879,102.60790300377057,27.140689625887944,-0.004362350499813289,-0.06743547646485126
2025-01-02 06:40:00,800018,NORMAL,HS1306571,183,30.5,0.2004714598131225,103.70518806546917,27.75454024261372,0.0034035447204953106,-0.3850115195182582
2025-01-02 06:50:00,800018,NORMAL,HS1306571,184,30.666666666666664,0.20775327562390486,109.26829342372322,28.95083207022018,0.009622284772163064,3.770201847917207
2025-01-02 07:00:00,800018,NORMAL,HS1306571,185,30.833333333333332,0.20418477496557702,114.73174137262102,30.84081034028291,0.004819359502603149,7.733886741157576
2025-01-02 07:10:00,800018,NORMAL,HS1306571,186,31.0,0.22125436390760303,110.5911418374939,30.202137152712258,0.01966769432828447,1.6628411381665558
2025-01-02 07:20:00,800018,NORMAL,HS1306571,187,31.166666666666664,0.21528091621159473,111.84938711226984,32.37943523210284,0.010309779811854464,0.368810767498033
2025-01-02 07:30:00,800018,NORMAL,HS1306571,188,31.333333333333332,0.2078136708143961,114.87546256457482,32.714412966196925,-0.0011901741828529433,0.37297968205984944
2025-01-02 07:40:00,800018,NORMAL,HS1306571,189,31.5,0.20595901027816832,113.41036900125609,31.11242710673042,-0.007215963174310336,-4.271086721313409
2025-01-02 07:50:00,800018,NORMAL,HS1306571,190,31.666666666666664,0.21433004677853426,119.57701736168727,31.599951357461244,-0.002963466131413711,-1.2818787772861526
2025-01-02 08:00:00,800018,NORMAL,HS1306571,191,31.833333333333332,0.2094736778355779,113.44665215458981,32.879999534068844,-0.011803258647202192,-10.5155896394117
2025-01-02 08:10:00,800018,NORMAL,HS1306571,192,32.0,0.21966546840113882,109.80146477515017,33.49119398524211,-0.0043026502379299725,-16.36486387846223
2025-01-02 08:20:00,800018,NORMAL,HS1306571,193,32.166666666666664,0.2303028155340797,122.89028332431147,33.525315717926134,0.005310537931997428,-4.152238647219988
2025-01-02 08:30:00,800018,NORMAL,HS1306571,194,32.33333333333333,0.2576806712210555,137.69530186587207,33.881170747837935,0.03302678873833981,10.808983852918885
2025-01-02 08:40:00,800018,NORMAL,HS1306571,195,32.5,0.2557857084780635,123.30859707159836,36.02936407538469,0.03216449274229452,-2.870855832313012
2025-01-02 08:50:00,800018,NORMAL,HS1306571,196,32.666666666666664,0.23772540155805028,125.49295315361896,35.04372542185543,0.015445752545249991,0.26411397727821395
2025-01-02 09:00:00,800018,NORMAL,HS1306571,197,32.83333333333333,0.23745668335166742,113.29201960175556,32.706066035368835,0.01672671408569376,-10.838738991765723
2025-01-02 09:10:00,800018,NORMAL,HS1306571,198,33.0,0.2359346575100042,119.11569071818836,34.51878987699674,0.01569618358149652,-4.378316671335227
2025-01-02 09:20:00,800018,NORMAL,HS1306571,199,33.166666666666664,0.2542486568177892,129.1725121259474,37.60865532572598,0.03229115311491518,5.005444077545619
2025-01-02 09:30:00,800018,NORMAL,HS1306571,200,33.33333333333333,0.25090574991806547,123.48523187807741,40.24837289641014,0.025854930399609177,-2.3676571644979703
2025-01-02 09:40:00,800018,NORMAL,HS1306571,201,33.5,0.2406121936239441,121.64441981967617,39.52481492297382,0.011991185772140062,-6.30777033478887
2025-01-02 09:50:00,800018,NORMAL,HS1306571,202,33.666666666666664,0.2380623788941244,137.7154180879319,40.01180259720407,0.0056941058873268835,7.488058285312036
2025-01-02 10:00:00,800018,NORMAL,HS1306571,203,33.83333333333333,0.26111149805531614,128.9460554122101,39.99418900302193,0.025013587997977593,-3.5834077252122825
2025-01-02 10:10:00,800018,NORMAL,HS1306571,204,34.0,0.2623019266014176,136.86116178030707,39.99308786640617,0.023421616029697584,2.544938230918291
2025-01-02 10:20:00,800018,NORMAL,HS1306571,205,34.166666666666664,0.2705770898183065,144.8787703846676,39.06321112946336,0.03146494080393877,10.510748524693355
2025-01-02 10:30:00,800018,NORMAL,HS1306571,206,34.33333333333333,0.25218062207947833,145.52801865174322,39.31527205351222,0.014759008476799507,12.606606130336928
2025-01-02 10:40:00,800018,NORMAL,HS1306571,207,34.5,0.2570260256335479,144.42629418435837,37.769594285350664,0.022028368989526037,13.595780025784762
2025-01-02 10:50:00,800018,NORMAL,HS1306571,208,34.666666666666664,0.2479323721813223,136.10382720621604,39.35061840777354,0.015567926568828605,7.566569250929376
2025-01-02 11:00:00,800018,NORMAL,HS1306571,209,34.83333333333333,0.262635044622688,134.75346831718224,36.63585352684469,0.032988253950369056,8.589309579725452
2025-01-02 11:10:00,800018,NORMAL,HS1306571,210,35.0,0.24726686006551235,124.56759966891076,36.35487088027628,0.020519822381435626,0.7050117238299549
2025-01-02 11:20:00,800018,NORMAL,HS1306571,211,35.166666666666664,0.23643533413363893,129.10048053873243,36.24719181605507,0.012497485160446187,7.144382228766318
2025-01-02 11:30:00,800018,NORMAL,HS1306571,212,35.33333333333333,0.2313866698401201,135.09496818685062,35.36258739093917,0.00993831881412921,14.69266654266022
2025-01-02 11:40:00,800018,NORMAL,HS1306571,213,35.5,0.21492427563173513,129.4825138589234,35.58296783326843,-0.004024643542218986,10.582587911026991
2025-01-02 11:50:00,800018,NORMAL,HS1306571,214,35.666666666666664,0.21415847017292552,118.02354166237983,34.49435239428606,-0.002209655375907449,0.6948577187442595
2025-01-02 12:00:00,800018,NORMAL,HS1306571,215,35.83333333333333,0.2153843683110664,122.1130325270482,35.76478412184795,0.0016500530233795607,6.412827337127723
2025-01-02 12:10:00,800018,NORMAL,HS1306571,216,36.0,0.21522000771223576,122.1584762409076,34.51361716753934,0.004197775239346446,8.316118869442747
2025-01-02 12:20:00,800018,NORMAL,HS1306571,217,36.166666666666664,0.20497788521474303,119.1343023661537,35.10180084359971,-0.004035741160443862,6.995117154600592
2025-01-02 12:30:00,800018,NORMAL,HS1306571,218,36.33333333333333,0.2068098640350725,112.56224345232583,33.744020173956,-0.0010737894422018779,1.4569003028577754
2025-01-02 12:40:00,800018,NORMAL,HS1306571,219,36.5,0.21093084730515216,109.01321742190866,36.56522778121196,0.0035480700503389417,-1.5693599284872164
2025-01-02 12:50:00,800018,NORMAL,HS1306571,220,36.666666666666664,0.22477358137206652,116.67573554054557,33.78141082519458,0.01746222020004029,6.2718496997752595
2025-01-02 13:00:00,800018,NORMAL,HS1306571,221,36.83333333333333,0.2203021696412363,115.4189967256008,35.12739428647808,0.012783723729406476,4.9718672094224985
2025-01-02 13:10:00,800018,NORMAL,HS1306571,222,37.0,0.2250336933934563,114.16700649938953,36.17509812068082,0.016567142982949756,3.1987573340443305
2025-01-02 13:20:00,800018,NORMAL,HS1306571,223,37.166666666666664,0.2196882097203412,130.4313287349893,37.30498432832261,0.00965027803815427,18.51632194861918
2025-01-02 13:30:00,800018,NORMAL,HS1306571,224,37.33333333333333,0.2328394229055695,116.71458548401499,38.66175334658052,0.021066519067790834,3.7576075229578976
2025-01-02 13:40:00,800018,NORMAL,HS1306571,225,37.5,0.2074003669160137,118.97609634994147,36.597848887260966,-0.006240651796372454,4.904779117266685
2025-01-02 13:50:00,800018,NORMAL,HS1306571,226,37.666666666666664,0.20812397505019906,111.55306017768144,34.81489336443551,-0.007520213067974346,-3.7203273366217076
2025-01-02 14:00:00,800018,NORMAL,HS1306571,227,37.83333333333333,0.20910478487779652,118.75163877794684,37.53571269261825,-0.00866463741920015,2.1878990033237358
2025-01-02 14:10:00,800018,NORMAL,HS1306571,228,38.0,0.20982648306868168,118.89078563831538,35.566821810512465,-0.010258364121460029,0.5000755821965299
2025-01-02 14:20:00,800018,NORMAL,HS1306571,229,38.166666666666664,0.22560423096898627,124.05396875873986,34.730513767115134,0.0034170588346776054,3.3224662952073203
2025-01-02 14:30:00,800018,NORMAL,HS1306571,230,38.33333333333333,0.24247224943606782,129.66482378595254,36.346884045397154,0.018066187551836366,6.378586284857988
2025-01-02 14:40:00,800018,NORMAL,HS1306571,231,38.5,0.24704489347703718,122.12505601520378,35.76645818680957,0.020387079014225873,-3.7934864881241026
2025-01-02 14:50:00,800018,NORMAL,HS1306571,232,38.666666666666664,0.2436094883616154,132.16191808070636,31.414162984506717,0.014798661478887726,3.664991226104746
2025-01-02 15:00:00,800018,NORMAL,HS1306571,233,38.83333333333333,0.2631965834878772,134.15758860905518,33.831139922345386,0.03233406888479062,3.16145040737743
2025-01-02 15:10:00,800018,NORMAL,HS1306571,234,39.0,0.2512761396951651,132.67425752081036,34.37996753197024,0.01863033873383796,-0.373388251874502
2025-01-02 15:20:00,800018,NORMAL,HS1306571,235,39.166666666666664,0.2545116511359023,135.02788111293242,33.902312981322986,0.01918123676759359,-0.31655524269311286
2025-01-02 15:30:00,800018,NORMAL,HS1306571,236,39.33333333333333,0.25108255294651133,139.32375838810606,32.61274221551232,0.01226044015948699,1.1220251373106862
2025-01-02 15:40:00,800018,NORMAL,HS1306571,237,39.5,0.2662125325244723,150.6504654835439,34.54557238042903,0.023417514599308215,9.208521705743834
2025-01-02 15:50:00,800018,NORMAL,HS1306571,238,39.666666666666664,0.26480016097908904,153.76697705467066,35.89035551155089,0.01779248046215498,8.876734086134405
2025-01-02 16:00:00,800018,NORMAL,HS1306571,239,39.83333333333333,0.2355415178758144,149.84811747670054,36.57660962419665,-0.015814873233272575,1.3781327439800748
2025-01-02 16:10:00,800018,NORMAL,HS1306571,240,40.0,0.26858497169133194,143.24099398147573,34.81451485398321,0.012257744191222386,-8.96090887596415
2025-01-02 16:20:00,800018,NORMAL,HS1306571,241,40.166666666666664,0.2734278924603289,149.8410719072621,35.8148224467972,0.012688787471131668,-5.456975575229734
2025-01-02 16:30:00,800018,NORMAL,HS1306571,242,40.33333333333333,0.28408376539826796,153.9506863210053,38.66160384404415,0.020422580130345314,-3.3147838487207366
2025-01-02 16:40:00,800018,NORMAL,HS1306571,243,40.5,0.2974085523168594,150.89256104935166,38.048269232117995,0.03185372764632233,-7.514638047779556
2025-01-02 16:50:00,800018,NORMAL,HS1306571,244,40.666666666666664,0.3011236668456039,162.77378716529824,42.384456115696125,0.034204791137733115,3.670286619789948
2025-01-02 17:00:00,800018,NORMAL,HS1306571,245,40.83333333333333,0.2674848066927619,176.13827059973337,43.01139202306037,-0.0005122980562690671,16.578965570061513
2025-01-02 17:10:00,800018,NORMAL,HS1306571,246,41.0,0.27358454499913193,169.73601748503478,42.145639617389854,0.005821196333503975,10.460409769784604
2025-01-02 17:20:00,800018,NORMAL,HS1306571,247,41.166666666666664,0.28812775958580883,168.99267372544602,42.45287766344466,0.02240318969035182,11.22393911380027
2025-01-02 17:30:00,800018,NORMAL,HS1306571,248,41.33333333333333,0.2645096215712285,157.67678983058468,41.04088262600748,0.0014858449372210925,2.0229634185927523
2025-01-02 17:40:00,800018,NORMAL,HS1306571,249,41.5,0.2688387408088859,165.94293505201807,40.28461543116008,0.008769957689205299,12.6437446434891
2025-01-02 17:50:00,800018,NORMAL,HS1306571,250,41.666666666666664,0.2860154788024106,169.06661690812882,42.19307271196098,0.029129021148571688,18.297365885877042
2025-01-02 18:00:00,800018,NORMAL,HS1306571,251,41.83333333333333,0.2923984613429743,161.0127655942064,42.31842029166803,0.03887739410468671,12.902866050883034
2025-01-02 18:10:00,800018,NORMAL,HS1306571,252,42.0,0.2758628749358739,162.19458590708143,39.795797719050526,0.026081394665976365,17.156094166730497
2025-01-02 18:20:00,800018,NORMAL,HS1306571,253,42.166666666666664,0.25984118756749186,155.43189922179545,39.92207938844966,0.013630562466392049,13.613819389147466
2025-01-02 18:30:00,800018,NORMAL,HS1306571,254,42.33333333333333,0.2595373944353203,131.0890300854869,38.56626342101679,0.0165946428440841,-7.744865458212104
2025-01-02 18:40:00,800018,NORMAL,HS1306571,255,42.5,0.26600179001733215,129.37934916056213,36.56131661919175,0.026324555873961514,-6.508470559993356
2025-01-02 18:50:00,800018,NORMAL,HS1306571,256,42.666666666666664,0.2649341539335976,141.27284610107196,33.88636812725279,0.028595471377024645,8.370796391067472
2025-01-02 19:00:00,800018,NORMAL,HS1306571,257,42.83333333333333,0.24637691807114542,130.58047845153735,32.97470630895462,0.013442569931934434,0.7056208266155011
2025-01-02 19:10:00,800018,NORMAL,HS1306571,258,43.0,0.24692749698637512,131.2279090378423,31.696409417144903,0.016688867611054675,3.7611663983297348
2025-01-02 19:20:00,800018,NORMAL,HS1306571,259,43.166666666666664,0.23039364998235376,115.57315579939325,32.05490975278232,0.002652739536826959,-9.964681681266867
2025-01-02 19:30:00,800018,NORMAL,HS1306571,260,43.33333333333333,0.21869535109286703,124.87449964066684,31.122755334783054,-0.00646046758758162,1.3149273558863257
2025-01-02 19:40:00,800018,NORMAL,HS1306571,261,43.5,0.22660755277263608,125.93899841541685,33.150266566473846,0.0038029939116704103,4.213181238169923
2025-01-02 19:50:00,800018,NORMAL,HS1306571,262,43.666666666666664,0.23115507826005482,130.39716310208829,32.76030870888622,0.010474190108382714,10.33136535457517
2025-01-02 20:00:00,800018,NORMAL,HS1306571,263,43.83333333333333,0.22374075878812388,131.03604541046758,32.92067367885444,0.005010739455827251,12.500406718875624
2025-01-02 20:10:00,800018,NORMAL,HS1306571,264,44.0,0.21399564512702077,128.74081482414098,32.82723525030307,-0.0027053630087406355,11.705463279552276
2025-01-02 20:20:00,800018,NORMAL,HS1306571,265,44.166666666666664,0.2102827777239062,128.339797974036,31.43381524505272,-0.004478463719495979,12.684388686366916
2025-01-02 20:30:00,800018,NORMAL,HS1306571,266,44.33333333333333,0.23199207346939632,115.2137495343056,31.965458624846843,0.019116528499783736,0.8122761436250556
2025-01-02 20:40:00,800018,NORMAL,HS1306571,267,44.5,0.22922237660354727,109.39378095214907,34.30015517038706,0.018483370382115255,-3.6379623871046505
2025-01-02 20:50:00,800018,NORMAL,HS1306571,268,44.666666666666664,0.208999288198614,112.41098981094486,32.49421370745373,0.0006072196164552679,0.8799385506581672
2025-01-02 21:00:00,800018,NORMAL,HS1306571,269,44.83333333333333,0.19435178993649666,109.83111814230374,31.190389235594115,-0.011579896457450778,-0.12348023581756706
2025-01-02 21:10:00,800018,NORMAL,HS1306571,270,45.0,0.2102563886870515,119.49757398263105,28.79287471480602,0.006980194369040904,11.352618253794319
2025-01-02 21:20:00,800018,NORMAL,HS1306571,271,45.166666666666664,0.20351723135963826,112.04246188220341,29.459338151290638,0.0028029767024899677,5.815276275068626
2025-01-02 21:30:00,800018,NORMAL,HS1306571,272,45.33333333333333,0.21275457663698938,106.08955589917852,29.60525959270979,0.014824650858305949,1.9632249626227178
2025-01-02 21:40:00,800018,NORMAL,HS1306571,273,45.5,0.21113770845245583,117.68651695857902,27.00791162132429,0.016023833249888153,15.7072122970566
2025-01-02 21:50:00,800018,NORMAL,HS1306571,274,45.666666666666664,0.203905413261006,105.19655215929403,28.74745657231081,0.011537911348604907,5.3158790127831
2025-01-02 22:00:00,800018,NORMAL,HS1306571,275,45.83333333333333,0.19106690823444616,98.25768704051892,28.710337955576822,0.0014293897931012822,0.45341377057965815
2025-01-02 22:10:00,800018,NORMAL,HS1306571,276,46.0,0.20578610940248035,95.17552799878588,29.08380646058708,0.01899483684873296,-0.5528977186692572
2025-01-02 22:20:00,800018,NORMAL,HS1306571,277,46.166666666666664,0.2053130636827024,89.38809297304012,29.861566480300432,0.022308412779699666,-3.8173460810242545
2025-01-02 22:30:00,800018,NORMAL,HS1306571,278,46.33333333333333,0.1843376724792997,90.65521120151053,28.484272550575454,0.00592955567703507,0.4945899614813811
2025-01-02 22:40:00,800018,NORMAL,HS1306571,279,46.5,0.17329439096474733,89.49352744006264,29.59677319875193,3.3129580409574366e-05,2.7255760469256103
2025-01-02 22:50:00,800018,NORMAL,HS1306571,280,46.666666666666664,0.16075818566998748,84.42731484183406,28.51578850086584,-0.006878146980977662,1.331292383467229
2025-01-02 23:00:00,800018,NORMAL,HS1306571,281,46.83333333333333,0.14603967336926527,73.38877616362423,26.43938387178381,-0.015680537557727747,-5.942031253421348
2025-01-02 23:10:00,800018,NORMAL,HS1306571,282,47.0,0.1391496574492128,80.49895747116533,25.01747716805522,-0.01605560517359797,5.3019211656025504
2025-01-02 23:20:00,800018,NORMAL,HS1306571,283,47.166666666666664,0.1468745495015226,74.4324433981657,25.545157859414882,-0.00198086861664426,3.5614647757140574
2025-01-02 23:30:00,800018,NORMAL,HS1306571,284,47.33333333333333,0.1488836571080205,67.00364692792031,24.176529292698493,0.0057503084612776645,0.1302772292632426
2025-01-02 23:40:00,800018,NORMAL,HS1306571,285,47.5,0.15056741446134872,60.97400988681767,23.890956464754666,0.012465509924967977,-2.3180116803618347
2025-01-02 23:50:00,800018,NORMAL,HS1306571,286,47.666666666666664,0.14055922728212514,65.25283935602596,24.907302486995043,0.006859579436543084,5.159962114903955
2025-01-01 00:10:00,800019,NORMAL,HS1306571,0,0.0,0.025327896063587964,4.417300061697388,21.19114184651353,-0.00025958213519257714,-0.06639047688095001
2025-01-01 00:20:00,800019,NORMAL,HS1306571,1,0.16666666666666666,0.05548521971548144,16.625040434028193,21.4937007168307,-0.0029756502882634372,-0.36034015419986787
2025-01-01 00:30:00,800019,NORMAL,HS1306571,2,0.3333333333333333,0.09949252980468246,43.09082918557175,20.697586891969717,-0.007238179016430452,3.180395070840241
2025-01-01 00:40:00,800019,NORMAL,HS1306571,3,0.5,0.14072056425468776,65.45394697117759,20.079741965107516,0.0027139659518744808,5.161044792126603
2025-01-01 00:50:00,800019,NORMAL,HS1306571,4,0.6666666666666666,0.16038165224007983,75.52243732250872,20.627499946209216,0.012581338614349263,6.292486955710601
2025-01-01 01:00:00,800019,NORMAL,HS1306571,5,0.8333333333333333,0.16454868134421652,71.81008540172333,21.14786700944118,0.015634002624401483,0.6390673829609455
2025-01-01 01:10:00,800019,NORMAL,HS1306571,6,1.0,0.16320396000319246,72.53489965381847,20.449201188576307,0.01563186762838445,2.079770667563949
2025-01-01 01:20:00,800019,NORMAL,HS1306571,7,1.1666666666666665,0.15756880321057595,72.082660973856,18.98672826677745,0.014225609908224829,4.536226018017132
2025-01-01 01:30:00,800019,NORMAL,HS1306571,8,1.3333333333333333,0.14881835450636735,69.09306802421139,19.619176225890044,0.010736883380755402,5.523289001154538
2025-01-01 01:40:00,800019,NORMAL,HS1306571,9,1.5,0.13606184220435322,59.94933344541263,20.088711254828848,0.0023386472509894507,0.1111363304913624
2025-01-01 01:50:00,800019,NORMAL,HS1306571,10,1.6666666666666665,0.13180962968050663,59.74320766397995,19.174953090504808,0.0014193449107622602,3.033512196454346
2025-01-01 02:00:00,800019,NORMAL,HS1306571,11,1.8333333333333333,0.12707302544565846,59.10779316166277,18.74067321063197,-0.000568693330095349,5.071835903509282
2025-01-01 02:10:00,800019,NORMAL,HS1306571,12,2.0,0.13245048252903857,57.555718214116425,20.076474316295,0.005103484597633601,4.503128790246123
2025-01-01 02:20:00,800019,NORMAL,HS1306571,13,2.1666666666666665,0.13055849613649015,58.162089422280346,20.499852480648375,0.0002470735521559464,3.39112675749211
2025-01-01 02:30:00,800019,NORMAL,HS1306571,14,2.333333333333333,0.13740613260898288,67.07699467007004,19.16893480544566,0.002283310315949888,8.933188504041773
2025-01-01 02:40:00,800019,NORMAL,HS1306571,15,2.5,0.1378031261144388,64.11794906623103,18.883571135583235,-0.0023073544844500193,2.0987840332084176
2025-01-01 02:50:00,800019,NORMAL,HS1306571,16,2.6666666666666665,0.14282196510216816,69.12507470201618,18.810451396003458,-0.0016321024434372555,3.444615246455527
2025-01-01 03:00:00,800019,NORMAL,HS1306571,17,2.833333333333333,0.14196090284624346,71.82167445094208,19.38047227119983,-0.006247637922371013,2.8177125585762184
2025-01-01 03:10:00,800019,NORMAL,HS1306571,18,3.0,0.15910877331739617,73.47384972876861,21.04830847373415,0.010498829194944437,3.0229863376505506
2025-01-01 03:20:00,800019,NORMAL,HS1306571,19,3.1666666666666665,0.14277392481265389,66.922172758518,19.31457291218442,-0.003032973883276918,-2.4580470547489455
2025-01-01 03:30:00,800019,NORMAL,HS1306571,20,3.333333333333333,0.13812666381152552,66.77621520245812,20.62847036270353,-0.0043307708309824056,-0.8173286594530538
2025-01-01 03:40:00,800019,NORMAL,HS1306571,21,3.5,0.14830053111566113,67.21813466220384,20.56134401096609,0.009015963207435446,1.409457255473768
2025-01-01 03:50:00,800019,NORMAL,HS1306571,22,3.6666666666666665,0.15349293123192181,65.73182379057427,20.60154304483567,0.017061579283206896,1.5226827428070777
2025-01-01 04:00:00,800019,NORMAL,HS1306571,23,3.833333333333333,0.14023988811278953,66.79499189550414,21.025029986326263,0.006515970103062624,4.0761313881178936
2025-01-01 04:10:00,800019,NORMAL,HS1306571,24,4.0,0.12356091946764719,65.1134963806995,20.638912751732647,-0.009617215703275117,2.876820563646042
2025-01-01 04:20:00,800019,NORMAL,HS1306571,25,4.166666666666666,0.1330239574394272,65.88638573322704,21.245432318348044,-0.0023670402696147896,2.2865837893094962
2025-01-01 04:30:00,800019,NORMAL,HS1306571,26,4.333333333333333,0.13002281586687064,69.88185070311951,20.464703315896855,-0.008437828447342255,4.10706627200598
2025-01-01 04:40:00,800019,NORMAL,HS1306571,27,4.5,0.13272258745704724,75.02280032427647,18.958724352581807,-0.008940707432877837,6.887405915920439
2025-01-01 04:50:00,800019,NORMAL,HS1306571,28,4.666666666666666,0.13884092330550704,84.32243036109766,19.7196193067249,-0.00609796360694137,13.772982370314779
2025-01-01 05:00:00,800019,NORMAL,HS1306571,29,4.833333333333333,0.16786694470047595,86.98729432003134,19.2142458437997,0.019553485894150874,13.97015680775651
2025-01-01 05:10:00,800019,NORMAL,HS1306571,30,5.0,0.17112221719668785,84.34383025077393,19.094330959756352,0.018767851110356032,8.839891157818755
2025-01-01 05:20:00,800019,NORMAL,HS1306571,31,5.166666666666666,0.1601538105411426,80.28258909825324,19.4915839812651,0.0027857825072968023,2.3529370326833003
2025-01-01 05:30:00,800019,NORMAL,HS1306571,32,5.333333333333333,0.1731144549249842,81.99025241349092,20.770903888038053,0.01039857198095892,1.500231766488639
2025-01-01 05:40:00,800019,NORMAL,HS1306571,33,5.5,0.17577274168927043,88.89166139367826,20.818610015884776,0.0075628219484893955,5.678945507711987
2025-01-01 05:50:00,800019,NORMAL,HS1306571,34,5.666666666666666,0.18454321681951022,94.76261485393813,20.536047785821623,0.010861309831289051,8.757045389772742
2025-01-01 06:00:00,800019,NORMAL,HS1306571,35,5.833333333333333,0.18320761781461764,99.48656166131877,21.992817319950593,0.004005521705700649,10.513095043981636
2025-01-01 06:10:00,800019,NORMAL,HS1306571,36,6.0,0.19946275555654505,103.80381202647239,22.322140322938317,0.016176002960607005,12.170111742547135
2025-01-01 06:20:00,800019,NORMAL,HS1306571,37,6.166666666666666,0.20529726898286538,109.87914835199244,23.431778034110003,0.01968700275062013,16.187765962401073
2025-01-01 06:30:00,800019,NORMAL,HS1306571,38,6.333333333333333,0.20214885336207333,108.10532637344275,25.298120973116692,0.014323364737739347,12.400831422078653
2025-01-01 06:40:00,800019,NORMAL,HS1306571,39,6.5,0.18904138406652476,106.65983281546403,26.38529478494894,-0.0008088304868717755,9.034527566067894
2025-01-01 06:50:00,800019,NORMAL,HS1306571,40,6.666666666666666,0.19298769314917172,107.71497880324836,29.447399109161545,0.001518903029833013,8.409612570509651
2025-01-01 07:00:00,800019,NORMAL,HS1306571,41,6.833333333333333,0.20875500045135426,107.71342049518614,30.616400839360953,0.016039146777315105,6.977487229449409
2025-01-01 07:10:00,800019,NORMAL,HS1306571,42,7.0,0.19353943231571555,98.25155665829836,31.43744119676701,-0.0008230729647075163,-3.8846001165856876
2025-01-01 07:20:00,800019,NORMAL,HS1306571,43,7.166666666666666,0.21173784084597475,103.7460498058939,28.90099411579468,0.015851212314026725,0.4509903849710639
2025-01-01 07:30:00,800019,NORMAL,HS1306571,44,7.333333333333333,0.2130893546899504,104.59811498912485,29.544121565453164,0.016004794159479974,0.4445821702059476
2025-01-01 07:40:00,800019,NORMAL,HS1306571,45,7.5,0.21064268798607008,111.61400256664173,29.687717761685004,0.011752003686731738,6.280322858615833
2025-01-01 07:50:00,800019,NORMAL,HS1306571,46,7.666666666666666,0.2286826942534269,113.5121537269457,30.887508847526636,0.027383743779379938,6.593549789713975
2025-01-01 08:00:00,800019,NORMAL,HS1306571,47,7.833333333333333,0.23475989399998087,107.45371990776637,31.287434743209218,0.030800625925239744,-1.2457549710150175
2025-01-01 08:10:00,800019,NORMAL,HS1306571,48,8.0,0.20993681795638885,116.69474884069642,32.7451053221706,0.00405470983020198,6.554473245088147
2025-01-01 08:20:00,800019,NORMAL,HS1306571,49,8.166666666666666,0.21772277989775002,114.1818487145122,32.7408659023399,0.010685160711387254,3.1643387844314788
2025-01-01 08:30:00,800019,NORMAL,HS1306571,50,8.333333333333332,0.22606678199210137,121.47000572893144,34.444064611054394,0.01738835938216665,9.334448143348581
2025-01-01 08:40:00,800019,NORMAL,HS1306571,51,8.5,0.2176627608782263,113.34923001524697,35.6925518369212,0.006849501869973684,-0.25584343016075195
2025-01-01 08:50:00,800019,NORMAL,HS1306571,52,8.666666666666666,0.23111799342039616,123.3032861052172,35.24629693382927,0.017954659870066947,8.040302034594234
2025-01-01 09:00:00,800019,NORMAL,HS1306571,53,8.833333333333332,0.2386070871576831,123.09328258117075,35.540414049395004,0.023027931389342643,6.099829165919786
2025-01-01 09:10:00,800019,NORMAL,HS1306571,54,9.0,0.2285617160274087,130.23947468509738,36.112784584985626,0.01071866958375206,11.596174313755455
2025-01-01 09:20:00,800019,NORMAL,HS1306571,55,9.166666666666666,0.22256304000561639,124.23192743190206,33.12804132345569,0.0033526978126778295,4.401712738880889
2025-01-01 09:30:00,800019,NORMAL,HS1306571,56,9.333333333333332,0.22282191327438092,133.35151302036056,33.94494718117805,0.004153768016172066,13.595004660919741
2025-01-01 09:40:00,800019,NORMAL,HS1306571,57,9.5,0.2267872080988524,118.42957498042128,34.204367741735645,0.010046253779217917,-0.15763123546960855
2025-01-01 09:50:00,800019,NORMAL,HS1306571,58,9.666666666666666,0.21612224196398305,123.46116694687652,37.23918117075862,0.002065189524652955,6.680568862974965
2025-01-01 10:00:00,800019,NORMAL,HS1306571,59,9.833333333333332,0.21173233256943913,111.75138641578575,36.586852105146974,0.0008004420840527215,-2.8614866451111283
2025-01-01 10:10:00,800019,NORMAL,HS1306571,60,10.0,0.20713206820606747,106.85688301599174,38.62441459976789,-0.0014594003660958477,-5.876252420902361
2025-01-01 10:20:00,800019,NORMAL,HS1306571,61,10.166666666666666,0.20818114537195972,112.24275336102971,38.59482922522257,-0.00028950916409703487,0.07363740462922408
2025-01-01 10:30:00,800019,NORMAL,HS1306571,62,10.333333333333332,0.23504280476033984,120.50894700639998,41.014027674305424,0.024897775720579912,7.567523247276597
2025-01-01 10:40:00,800019,NORMAL,HS1306571,63,10.5,0.22215322408395916,122.81869214692644,39.761860986735854,0.009529457312861561,8.396720047113831
2025-01-01 10:50:00,800019,NORMAL,HS1306571,64,10.666666666666666,0.2088182827985682,127.91982139564973,38.93678201663415,-0.006579848669615029,11.72968540802654
2025-01-01 11:00:00,800019,NORMAL,HS1306571,65,10.833333333333332,0.22243932364786873,120.76483736205292,38.18264716489711,0.004033497639327421,2.609662570926602
2025-01-01 11:10:00,800019,NORMAL,HS1306571,66,11.0,0.23427248422907218,147.02730407376868,37.824035359566636,0.012422713173413674,26.434940473705396
2025-01-01 11:20:00,800019,NORMAL,HS1306571,67,11.166666666666666,0.25520332293436276,146.16411708155587,36.05415156111349,0.03172496640237474,24.05651161083715
2025-01-01 11:30:00,800019,NORMAL,HS1306571,68,11.333333333333332,0.25487954711501354,137.6287068200441,37.5560898933135,0.03156648022825473,15.348274349441482
2025-01-01 11:40:00,800019,NORMAL,HS1306571,69,11.5,0.24475154036341967,131.4864736075114,38.06218160802501,0.02233267693331545,9.651309314914528
2025-01-01 11:50:00,800019,NORMAL,HS1306571,70,11.666666666666666,0.21865523845664395,125.84475068730833,38.01413904908969,-0.0025033826480357346,4.73570202862318
2025-01-01 12:00:00,800019,NORMAL,HS1306571,71,11.833333333333332,0.24569040933568365,121.46479430356904,37.43999374095719,0.02595863627061379,1.2031741702188725
2025-01-01 12:10:00,800019,NORMAL,HS1306571,72,12.0,0.2347731212428711,129.0572870173006,38.72361605929149,0.017908015953798512,10.39914828364563
2025-01-01 12:20:00,800019,NORMAL,HS1306571,73,12.166666666666666,0.22412897200561538,122.20176542808024,37.70574784796642,0.010280137020310082,5.220743430877079
2025-01-01 12:30:00,800019,NORMAL,HS1306571,74,12.333333333333332,0.23041724306630113,118.24036001386875,37.205150661908924,0.018783805695413963,2.3975026783623576
2025-01-01 12:40:00,800019,NORMAL,HS1306571,75,12.5,0.2305734136166863,122.62262201942124,37.7051217302216,0.020585371982748568,7.53124356389948
2025-01-01 12:50:00,800019,NORMAL,HS1306571,76,12.666666666666666,0.23612611628612135,124.47089861003958,38.273374179454954,0.027474435023897403,9.937471338686095
2025-01-01 13:00:00,800019,NORMAL,HS1306571,77,12.833333333333332,0.21767965785200782,129.589523986418,35.66187206553344,0.010183871415308299,15.51363200774965
2025-01-01 13:10:00,800019,NORMAL,HS1306571,78,13.0,0.2212839899801489,120.93982781237614,35.07316491068025,0.014298460663992818,7.352817617534711
2025-01-01 13:20:00,800019,NORMAL,HS1306571,79,13.166666666666666,0.23333165111280377,117.40146035302291,34.59953528937632,0.025256923103100765,3.8208415486391374
2025-01-01 13:30:00,800019,NORMAL,HS1306571,80,13.333333333333332,0.23291311903673276,116.23332013682055,36.98786154231903,0.022255626678474,1.6540264568538134
2025-01-01 13:40:00,800019,NORMAL,HS1306571,81,13.5,0.24102766904007925,118.9958089274112,38.60670815615582,0.027111840567982964,2.7332337135494242
2025-01-01 13:50:00,800019,NORMAL,HS1306571,82,13.666666666666666,0.21326054343747466,119.22222450956936,39.570987143075044,-0.004222000364583672,0.9778417440446816
2025-01-01 14:00:00,800019,NORMAL,HS1306571,83,13.833333333333332,0.23134720373789913,124.88454786944722,38.163707282580674,0.009962361195845287,4.3978756821596505
2025-01-01 14:10:00,800019,NORMAL,HS1306571,84,14.0,0.24174645683784662,135.32211422946492,38.510180893673294,0.015848898949027246,11.653128986411701
2025-01-01 14:20:00,800019,NORMAL,HS1306571,85,14.166666666666666,0.24339099789969962,150.409725281417,40.18647208555644,0.013403711829975545,23.056735381968096
2025-01-01 14:30:00,800019,NORMAL,HS1306571,86,14.333333333333332,0.23518127353113102,130.22331105985248,42.37866287011166,0.0019058897143917064,-0.4028750284285536
2025-01-01 14:40:00,800019,NORMAL,HS1306571,87,14.5,0.24835843988207004,150.30154782821626,41.56536061098675,0.012272564369317368,16.741115373676166
2025-01-01 14:50:00,800019,NORMAL,HS1306571,88,14.666666666666666,0.25174024235779163,160.10765846847502,42.37820439073276,0.01317389171996805,23.87047422313239
2025-01-01 15:00:00,800019,NORMAL,HS1306571,89,14.833333333333332,0.2617118121215231,165.94237291795633,38.45518666334657,0.02085645319883403,27.16838305360025
2025-01-01 15:10:00,800019,NORMAL,HS1306571,90,15.0,0.24329866164986932,167.61416088225187,37.949189474807355,0.0003574059053829681,26.713687139609533
2025-01-01 15:20:00,800019,NORMAL,HS1306571,91,15.166666666666666,0.2419241708895777,157.2338448839356,37.117578062322316,-0.0030910335849681225,14.548805000095797
2025-01-01 15:30:00,800019,NORMAL,HS1306571,92,15.333333333333332,0.26766961751037377,145.32324627568724,39.76352915286983,0.020653557132311928,0.9729345589239244
2025-01-01 15:40:00,800019,NORMAL,HS1306571,93,15.5,0.24498602958531673,154.3760113911093,38.13081314072577,-0.003968531230309769,8.421708036318165
2025-01-01 15:50:00,800019,NORMAL,HS1306571,94,15.666666666666666,0.2476919777604592,153.43170000085203,37.306431600729674,-0.00318747535147873,5.880833753384593
2025-01-01 16:00:00,800019,NORMAL,HS1306571,95,15.833333333333332,0.26001311846865666,145.28355979158565,38.158307341444775,0.007229661449690172,-3.850483509096904
2025-01-01 16:10:00,800019,NORMAL,HS1306571,96,16.0,0.2762484008304499,164.26248954623824,36.77439785073927,0.021325429179460065,13.560391316822688
2025-01-01 16:20:00,800019,NORMAL,HS1306571,97,16.166666666666664,0.2879989597811946,151.87567370384477,37.320594456457734,0.031085828352044487,-0.14571284753876057
2025-01-01 16:30:00,800019,NORMAL,HS1306571,98,16.333333333333332,0.28979079744498165,155.38985577053222,34.923713437085596,0.0317417882058027,2.728147978004216
2025-01-01 16:40:00,800019,NORMAL,HS1306571,99,16.5,0.277541565051858,146.8412673743898,34.7854430316871,0.01881230654750876,-6.047271224784623
2025-01-01 16:50:00,800019,NORMAL,HS1306571,100,16.666666666666664,0.2661177448086265,143.13970017760406,35.33908994312805,0.006891765438688302,-9.795512351383223
2025-01-01 17:00:00,800019,NORMAL,HS1306571,101,16.833333333333332,0.27590930460229374,146.53027657804535,33.997884236000274,0.016233775754323443,-6.392789114457344
2025-01-01 17:10:00,800019,NORMAL,HS1306571,102,17.0,0.25041074203999353,148.04485661107609,35.34260795063953,-0.008509311827498423,-4.049080657922417
2025-01-01 17:20:00,800019,NORMAL,HS1306571,103,17.166666666666664,0.26009242933654075,151.0899366688358,36.23738516603436,0.004088112153633916,1.5038658715119766
2025-01-01 17:30:00,800019,NORMAL,HS1306571,104,17.333333333333332,0.2526588279214583,141.43792429272148,36.22484538081095,0.0006257706305093369,-4.761759200616638
2025-01-01 17:40:00,800019,NORMAL,HS1306571,105,17.5,0.2786705077163752,136.41283309005635,32.48192684023578,0.03109983035110714,-6.002911452543145
2025-01-01 17:50:00,800019,NORMAL,HS1306571,106,17.666666666666664,0.27006376754499345,137.42985599978834,32.8861764054501,0.027296854038007218,-0.9525971350068119
2025-01-01 18:00:00,800019,NORMAL,HS1306571,107,17.833333333333332,0.2513904845568122,125.85031271244604,34.62877212251236,0.013742363585614287,-8.296127277686722
2025-01-01 18:10:00,800019,NORMAL,HS1306571,108,18.0,0.2363648937383889,131.2978409556665,35.32640681460182,0.0033951736980264713,0.8695213017849426
2025-01-01 18:20:00,800019,NORMAL,HS1306571,109,18.166666666666664,0.24335659956229708,131.4041557864994,34.1268925283592,0.013759009607760386,3.4379055442911834
2025-01-01 18:30:00,800019,NORMAL,HS1306571,110,18.333333333333332,0.2480263343536599,131.68273964566905,34.13330098621621,0.020651873044632674,5.216432446707799
2025-01-01 18:40:00,800019,NORMAL,HS1306571,111,18.5,0.2594294154011404,127.07055974913962,35.02418582512697,0.03382991524224077,1.6931302509797206
2025-01-01 18:50:00,800019,NORMAL,HS1306571,112,18.666666666666664,0.232633446435113,130.7493664769862,34.734912998942825,0.00864359782844365,6.303777396039067
2025-01-01 19:00:00,800019,NORMAL,HS1306571,113,18.833333333333332,0.23711616565346266,133.31298232106582,32.736203706970514,0.014662251631309797,9.732017480994514
2025-01-01 19:10:00,800019,NORMAL,HS1306571,114,19.0,0.2784449903495372,128.91889826951072,32.63694121932854,0.05742750081428341,6.178955138259099
2025-01-01 19:20:00,800019,NORMAL,HS1306571,115,19.166666666666664,0.23945159401262667,113.27003780734432,33.71097116908608,0.02029889310352373,-8.393127470113356
2025-01-01 19:30:00,800019,NORMAL,HS1306571,116,19.333333333333332,0.22640814257291056,121.81159649758285,35.002979157924266,0.009974647250775431,1.833523399693604
2025-01-01 19:40:00,800019,NORMAL,HS1306571,117,19.5,0.21894797929655108,118.48740574303272,32.61109646864197,0.005554270246935139,0.4695190112471437
2025-01-01 19:50:00,800019,NORMAL,HS1306571,118,19.666666666666664,0.2262029534957298,132.01873652977994,32.19251288251022,0.015952860359033233,16.043186208820018
2025-01-01 20:00:00,800019,NORMAL,HS1306571,119,19.833333333333332,0.21785576971610546,137.57381401190366,32.508708550332045,0.010748009964914929,23.630596723463555
2025-01-01 20:10:00,800019,NORMAL,HS1306571,120,20.0,0.21945302253256818,131.9559239366415,30.53484545653007,0.01652896021824396,20.788442354328723
2025-01-01 20:20:00,800019,NORMAL,HS1306571,121,20.166666666666664,0.1914914009707732,107.21469114922591,30.8216200856423,-0.007004838189928836,-0.6734611106946886
2025-01-01 20:30:00,800019,NORMAL,HS1306571,122,20.333333333333332,0.1978573540295358,107.88046621073175,30.94586994558389,0.0026223779828618843,2.5465773732292263
2025-01-01 20:40:00,800019,NORMAL,HS1306571,123,20.5,0.19618129095690917,109.15562124573592,30.454643752989337,0.003661061763921253,5.917288797810343
2025-01-01 20:50:00,800019,NORMAL,HS1306571,124,20.666666666666664,0.19984322959284212,104.73122011518477,28.886786250735053,0.009968127768313934,3.4803023493799827
2025-01-01 21:00:00,800019,NORMAL,HS1306571,125,20.833333333333332,0.19076770148689193,101.07477094538531,29.285227725571527,0.003637049379303592,1.8200816904695785
2025-01-01 21:10:00,800019,NORMAL,HS1306571,126,21.0,0.19624316508184608,97.56699553779133,27.043407153856574,0.01107212955238654,-0.20761028276392324
2025-01-01 21:20:00,800019,NORMAL,HS1306571,127,21.166666666666664,0.21390961942115583,98.26973001589518,27.34023016262698,0.030616850853175115,1.7996777790368128
2025-01-01 21:30:00,800019,NORMAL,HS1306571,128,21.333333333333332,0.1995582330208783,89.02476686397499,26.11266337794696,0.019802626397085854,-5.06207261412797
2025-01-01 21:40:00,800019,NORMAL,HS1306571,129,21.5,0.17407213424805587,89.83096653329821,27.74247230768934,-0.0010020013795553895,-1.0025833106097508
2025-01-01 21:50:00,800019,NORMAL,HS1306571,130,21.666666666666664,0.17468785805068143,103.85741034291381,25.888818702035717,0.004756142825965287,16.652384906985873
2025-01-01 22:00:00,800019,NORMAL,HS1306571,131,21.833333333333332,0.15868105976691702,94.55754316497723,28.6371999007395,-0.005884204054970782,11.150946097826363
2025-01-01 22:10:00,800019,NORMAL,HS1306571,132,22.0,0.16615638768565552,85.1337287032948,29.030083793643886,0.007023296957857833,5.495307824593581
2025-01-01 22:20:00,800019,NORMAL,HS1306571,133,22.166666666666664,0.15049272414790374,79.42515922436418,27.563164831250212,-0.003492436128390647,3.2378181336909506
2025-01-01 22:30:00,800019,NORMAL,HS1306571,134,22.333333333333332,0.1544996428817973,82.9993108400268,26.665846439608334,0.004232992075147185,9.37447906373933
2025-01-01 22:40:00,800019,NORMAL,HS1306571,135,22.5,0.15329037482902078,81.40810251082151,25.764584235341964,0.005496076507726627,9.542167237762541
2025-01-01 22:50:00,800019,NORMAL,HS1306571,136,22.666666666666664,0.16427663047628763,79.84298791793962,26.086447552379816,0.01821079770722292,9.22764815575077
2025-01-01 23:00:00,800019,NORMAL,HS1306571,137,22.833333333333332,0.15354540717841955,76.28910519574546,26.560981473391305,0.008758360099284879,6.612676043382308
2025-01-01 23:10:00,800019,NORMAL,HS1306571,138,23.0,0.13971436701899823,75.81241850001031,26.04580123844101,-0.0038523335167151562,6.990274110819243
2025-01-01 23:20:00,800019,NORMAL,HS1306571,139,23.166666666666664,0.1420508833896057,68.65693728709148,26.88694457460331,-0.0005084383233796563,0.47685213042990426
2025-01-01 23:30:00,800019,NORMAL,HS1306571,140,23.333333333333332,0.15847354898245572,62.3842814837495,25.23773265297192,0.015960278455749266,-5.714350229051227
2025-01-01 23:40:00,800019,NORMAL,HS1306571,141,23.5,0.15435415477066752,61.70849508666644,25.318763359542167,0.010978913664878492,-6.874678691567588
2025-01-01 23:50:00,800019,NORMAL,HS1306571,142,23.666666666666664,0.14852501560759337,69.70003985759783,25.097140114404887,0.0037002732985444153,0.2433210130553931
2025-01-02 00:00:00,800019,NORMAL,HS1306571,143,23.833333333333332,0.1494342298789039,70.87514540817122,24.33844578697645,0.002866649197906329,0.338798818207124
2025-01-02 00:10:00,800019,NORMAL,HS1306571,144,24.0,0.15331364148506021,69.07497205978915,24.584195432691583,0.004807390911807818,-2.752470776820985
2025-01-02 00:20:00,800019,NORMAL,HS1306571,145,24.166666666666664,0.15227270304458415,75.94169898576097,26.42163066717771,0.0027786275462565735,3.239867708985159
2025-01-02 00:30:00,800019,NORMAL,HS1306571,146,24.333333333333332,0.16184753336266514,81.22998760487941,24.468477195277266,0.012902845514067757,8.543229134223154
2025-01-02 00:40:00,800019,NORMAL,HS1306571,147,24.5,0.152351490524548,82.84141401610147,23.668980354685928,0.004979250102244759,10.828399652674719
2025-01-02 00:50:00,800019,NORMAL,HS1306571,148,24.666666666666664,0.14207746202549362,75.19392770442603,23.078659166885352,-0.0031902905690043004,4.207422652856735
2025-01-02 01:00:00,800019,NORMAL,HS1306571,149,24.833333333333332,0.1485159536897723,72.37214459386992,22.18379495108077,0.005613374757101552,2.5758442921986955
2025-01-02 01:10:00,800019,NORMAL,HS1306571,150,25.0,0.1519837096824158,70.17880401809369,22.403660504295978,0.012487879746497538,2.33036197673745
2025-01-02 01:20:00,800019,NORMAL,HS1306571,151,25.166666666666664,0.14646562270333335,72.78061911353025,22.855047798909794,0.010957645995186643,7.61964596174208
2025-01-02 01:30:00,800019,NORMAL,HS1306571,152,25.333333333333332,0.1417021989406906,68.99208981166434,21.581809619028263,0.0102462980602806,6.658207306286805
2025-01-02 01:40:00,800019,NORMAL,HS1306571,153,25.5,0.14407810399890128,63.119197099516214,21.926763109888824,0.016908335919384926,3.7477991142669964
2025-01-02 01:50:00,800019,NORMAL,HS1306571,154,25.666666666666664,0.13529688672171492,55.35419214501035,20.17189961744063,0.012660910550517074,-0.9193019094138393
2025-01-02 02:00:00,800019,NORMAL,HS1306571,155,25.833333333333332,0.1146643446004073,45.500201831447875,19.17744408902443,-0.00339240067239234,-7.644466028424297
2025-01-02 02:10:00,800019,NORMAL,HS1306571,156,26.0,0.11279714805638362,50.65877579748701,18.171567119488667,-0.0019643756952827246,0.03268007139644169
2025-01-02 02:20:00,800019,NORMAL,HS1306571,157,26.166666666666664,0.11952770325742301,50.88389795980256,18.219912049573256,0.006144266450827385,1.6903797664865223
2025-01-02 02:30:00,800019,NORMAL,HS1306571,158,26.333333333333332,0.12154964295325679,49.731121992786115,18.596959423540042,0.007881009599700964,1.043418864008892
2025-01-02 02:40:00,800019,NORMAL,HS1306571,159,26.5,0.12614195274509735,57.60882467740441,18.41678999688779,0.010798766255453326,8.640263902153023
2025-01-02 02:50:00,800019,NORMAL,HS1306571,160,26.666666666666664,0.1288134886969427,53.14667976094017,18.750440015261674,0.010893844013274034,3.342709666104831
2025-01-02 03:00:00,800019,NORMAL,HS1306571,161,26.833333333333332,0.12891131814076376,54.81448402990842,18.74110882098309,0.007924441068034221,3.8394914104559703
2025-01-02 03:10:00,800019,NORMAL,HS1306571,162,27.0,0.12952419315882271,55.30285811810243,18.971213695140264,0.005125427139595656,2.9020971233810897
2025-01-02 03:20:00,800019,NORMAL,HS1306571,163,27.166666666666664,0.11365800601142703,57.04673686271644,19.319693829027514,-0.014546651151489315,2.988566061771472
2025-01-02 03:30:00,800019,NORMAL,HS1306571,164,27.333333333333332,0.11637656181593992,58.560097392156734,19.497211019462565,-0.014813741366484168,3.1831451899335192
2025-01-02 03:40:00,800019,NORMAL,HS1306571,165,27.5,0.13374482594106282,65.75631911195276,19.69442417921443,0.0006836261260067533,9.669552356169532
2025-01-02 03:50:00,800019,NORMAL,HS1306571,166,27.666666666666664,0.12999582474843624,61.40779162557839,19.75496164533139,-0.004307745358972492,5.0413716201641705
2025-01-02 04:00:00,800019,NORMAL,HS1306571,167,27.833333333333332,0.15185354013873978,64.39842578691683,19.474049619751902,0.016519365414358084,7.946075004651043
2025-01-02 04:10:00,800019,NORMAL,HS1306571,168,28.0,0.15188458233456756,65.7696104593061,20.864096923499762,0.015762312864613964,8.898474193535286
2025-01-02 04:20:00,800019,NORMAL,HS1306571,169,28.166666666666664,0.15522270124424667,63.47349275580278,20.624214959334303,0.019057508684566654,5.969506645286579
2025-01-02 04:30:00,800019,NORMAL,HS1306571,170,28.333333333333332,0.1389624747685887,64.26312749092894,21.485206136538892,0.0016673406597459417,5.480340762721248
2025-01-02 04:40:00,800019,NORMAL,HS1306571,171,28.5,0.13953194622261728,71.86327727732812,21.312749124287535,-0.0005533787556250835,10.86946185523174
2025-01-02 04:50:00,800019,NORMAL,HS1306571,172,28.666666666666664,0.13332602942201613,65.06493513677447,22.613034733667224,-0.010631417002635368,1.165119692265911
2025-01-02 05:00:00,800019,NORMAL,HS1306571,173,28.833333333333332,0.1440825837409538,72.60517699844775,22.407523901627588,-0.004117365046082233,5.503047687910126
2025-01-02 05:10:00,800019,NORMAL,HS1306571,174,29.0,0.1482135566454406,76.82548885417425,21.811225541217347,-0.004816353042862015,6.324531434321884
2025-01-02 05:20:00,800019,NORMAL,HS1306571,175,29.166666666666664,0.17035348503541559,79.65218311446756,22.202330887923196,0.01107540406982771,4.994243475893015
2025-01-02 05:30:00,800019,NORMAL,HS1306571,176,29.333333333333332,0.18478259483271595,81.50222631903628,23.526823902503725,0.018579961069443013,2.146636380350202
2025-01-02 05:40:00,800019,NORMAL,HS1306571,177,29.5,0.19044967162273752,89.16078538175783,23.508368708450256,0.017318863776547844,4.988890333027086
2025-01-02 05:50:00,800019,NORMAL,HS1306571,178,29.666666666666664,0.19181499768271756,103.51287546321363,24.853061650176937,0.011879031432773912,14.520173563076497
2025-01-02 06:00:00,800019,NORMAL,HS1306571,179,29.833333333333332,0.22207025568814381,106.82550186761272,25.602399496567692,0.0356037984013122,13.144968020051252
2025-01-02 06:10:00,800019,NORMAL,HS1306571,180,30.0,0.2074883097857955,105.47420887580351,25.85209528651315,0.01568895546762178,7.574938060108508
2025-01-02 06:20:00,800019,NORMAL,HS1306571,181,30.166666666666664,0.20398250755248654,113.4826075797054,26.395985526862876,0.009242869374969681,12.632528532686749
2025-01-02 06:30:00,800019,NORMAL,HS1306571,182,30.333333333333332,0.20475443898171342,118.23783568351618,26.56824583929827,0.008646431803112226,15.562497203280756
2025-01-02 06:40:00,800019,NORMAL,HS1306571,183,30.5,0.20804616101111162,114.70541438112117,28.495304935575213,0.010978245918484425,10.615214796133742
2025-01-02 06:50:00,800019,NORMAL,HS1306571,184,30.666666666666664,0.23744483647186754,123.22027256359372,30.714726099451372,0.03931384562012574,17.72218098778771
2025-01-02 07:00:00,800019,NORMAL,HS1306571,185,30.833333333333332,0.20653161685885923,126.25403172068107,33.043779840646884,0.007166201395885363,19.25617708921763
2025-01-02 07:10:00,800019,NORMAL,HS1306571,186,31.0,0.21038864947715555,129.4686531168214,35.062083662312595,0.008801979897836987,20.540352417494063
2025-01-02 07:20:00,800019,NORMAL,HS1306571,187,31.166666666666664,0.20862875568279815,127.56890949428956,35.89843455952559,0.0036576192830578835,16.08833314951775
2025-01-02 07:30:00,800019,NORMAL,HS1306571,188,31.333333333333332,0.23165599726806071,132.55186034420743,34.09196040235053,0.02265215227081166,18.04937746169246
2025-01-02 07:40:00,800019,NORMAL,HS1306571,189,31.5,0.23336683197730687,135.9755414549983,33.721185278083105,0.020191858524828216,18.29408573242881
2025-01-02 07:50:00,800019,NORMAL,HS1306571,190,31.666666666666664,0.23503737144247533,124.85035081015857,33.87091398534724,0.017743858532527357,3.991454671185153
2025-01-02 08:00:00,800019,NORMAL,HS1306571,191,31.833333333333332,0.2375610052963399,125.73427980373182,33.50373062414619,0.016284068813559788,1.7720380097303092
2025-01-02 08:10:00,800019,NORMAL,HS1306571,192,32.0,0.24079489361232412,115.08001040752367,30.694418940998915,0.016826774973255326,-11.086318246088723
2025-01-02 08:20:00,800019,NORMAL,HS1306571,193,32.166666666666664,0.24902428692495968,135.120465609416,33.626458801186196,0.024032009322877412,8.07794363788453
2025-01-02 08:30:00,800019,NORMAL,HS1306571,194,32.33333333333333,0.23811207962554576,133.07970035756145,33.63851030919627,0.013458197142830086,6.193382344608267
2025-01-02 08:40:00,800019,NORMAL,HS1306571,195,32.5,0.24648301506184,124.69287547288901,35.3195375448113,0.022861799326071047,-1.4865774310223543
2025-01-02 08:50:00,800019,NORMAL,HS1306571,196,32.666666666666664,0.24451893377383038,127.01278786980367,36.34162774083054,0.022239284761030098,1.783948693462932
2025-01-02 09:00:00,800019,NORMAL,HS1306571,197,32.83333333333333,0.22181927744054478,131.9743867964791,36.36027474841834,0.0010893081745711186,7.843628202957831
2025-01-02 09:10:00,800019,NORMAL,HS1306571,198,33.0,0.23349979152143926,124.38192795533043,35.48825536782396,0.013261317592931587,0.8879205658068372
2025-01-02 09:20:00,800019,NORMAL,HS1306571,199,33.166666666666664,0.23805669693857057,125.32664638498777,37.940394394159846,0.016099193235696557,1.1595783365859802
2025-01-02 09:30:00,800019,NORMAL,HS1306571,200,33.33333333333333,0.2426001844524004,133.2853377623581,37.141316900158124,0.0175493649339441,7.4324487197827125
2025-01-02 09:40:00,800019,NORMAL,HS1306571,201,33.5,0.23162505221655025,125.3145114880002,36.64796433259617,0.0030040443647462167,-2.6376786664648364
2025-01-02 09:50:00,800019,NORMAL,HS1306571,202,33.666666666666664,0.22991599312235397,136.75017852457555,38.38972616406871,-0.002452279884443548,6.522818721955673
2025-01-02 10:00:00,800019,NORMAL,HS1306571,203,33.83333333333333,0.21618814798730962,145.7790474786233,40.080916933812404,-0.019909762070028925,13.249584341200944
2025-01-02 10:10:00,800019,NORMAL,HS1306571,204,34.0,0.23517003182405946,144.72054114878406,41.56755858828001,-0.003710278747660556,10.404317599395284
2025-01-02 10:20:00,800019,NORMAL,HS1306571,205,34.166666666666664,0.23525165703503567,146.6389151488651,38.92938667872457,-0.0038604919793320813,12.270893288890846
2025-01-02 10:30:00,800019,NORMAL,HS1306571,206,34.33333333333333,0.25527579475198553,126.70905451496112,38.160504176074504,0.017854181149306703,-6.2123580064451716
2025-01-02 10:40:00,800019,NORMAL,HS1306571,207,34.5,0.24290340437787666,116.55033333142065,41.05915245348207,0.007905747733854773,-14.28018082715296
2025-01-02 10:50:00,800019,NORMAL,HS1306571,208,34.666666666666664,0.2258257496995828,127.1035768796438,40.050751409292666,-0.006538695912910897,-1.4336810756428662
2025-01-02 11:00:00,800019,NORMAL,HS1306571,209,34.83333333333333,0.228770374423451,128.90503735382725,38.19492180752096,-0.000876416248867945,2.740878616370466
2025-01-02 11:10:00,800019,NORMAL,HS1306571,210,35.0,0.2330231883794994,127.67681550886556,36.768036205394395,0.006276150695422672,3.8142275637847547
2025-01-02 11:20:00,800019,NORMAL,HS1306571,211,35.166666666666664,0.22295962010163578,121.4260318979486,33.759903427634825,-0.0009782288715569631,-0.5300664120175043
2025-01-02 11:30:00,800019,NORMAL,HS1306571,212,35.33333333333333,0.23490025769361217,133.18094286451375,32.67837754772119,0.013451906667621277,12.778641220323351
2025-01-02 11:40:00,800019,NORMAL,HS1306571,213,35.5,0.24031196142854208,128.19923044700684,35.20825866126752,0.02136304225458796,9.299304499110434
2025-01-02 11:50:00,800019,NORMAL,HS1306571,214,35.666666666666664,0.22950320531409224,119.44744051904327,36.11685003538311,0.013135079765259267,2.1187565754077013
2025-01-02 12:00:00,800019,NORMAL,HS1306571,215,35.83333333333333,0.22098429579432752,118.23196369677427,36.257261253319555,0.007249980506640691,2.531758506853791
2025-01-02 12:10:00,800019,NORMAL,HS1306571,216,36.0,0.20894231233426713,110.41840442478934,34.78655849397984,-0.002079920138622182,-3.423952946675513
2025-01-02 12:20:00,800019,NORMAL,HS1306571,217,36.166666666666664,0.21095197014452638,124.0606763718262,36.596673422003065,0.00193834376933949,11.921491160273092
2025-01-02 12:30:00,800019,NORMAL,HS1306571,218,36.33333333333333,0.22060546868362085,113.34185822374727,33.88979233460439,0.012721815206346465,2.236515074279211
2025-01-02 12:40:00,800019,NORMAL,HS1306571,219,36.5,0.21870204506923732,110.90189633289675,34.346604250676194,0.011319267814424105,0.3193189825008744
2025-01-02 12:50:00,800019,NORMAL,HS1306571,220,36.666666666666664,0.2198351934944161,128.03768043284907,34.28822191219537,0.012523832322389877,17.633794592078758
2025-01-02 13:00:00,800019,NORMAL,HS1306571,221,36.83333333333333,0.22838386818942638,119.20136557379226,34.864199526539686,0.02086542227759655,8.754236057613952
2025-01-02 13:10:00,800019,NORMAL,HS1306571,222,37.0,0.23493630484078196,128.27341138732803,35.553718998893125,0.02646975443027541,17.305162221982826
2025-01-02 13:20:00,800019,NORMAL,HS1306571,223,37.166666666666664,0.22985898752720668,126.3840560386444,37.03282100526138,0.019821055845019753,14.469049252274274
2025-01-02 13:30:00,800019,NORMAL,HS1306571,224,37.33333333333333,0.24111167573524567,125.0517359374195,37.66476992387691,0.029338771897467003,12.094757976362402
2025-01-02 13:40:00,800019,NORMAL,HS1306571,225,37.5,0.2457138314154257,119.50707153962541,37.71630238115789,0.03207281270303952,5.435754306950628
2025-01-02 13:50:00,800019,NORMAL,HS1306571,226,37.666666666666664,0.22255905768436454,117.87102821170835,38.99638020545218,0.00691486956619114,2.597640697405197
2025-01-02 14:00:00,800019,NORMAL,HS1306571,227,37.83333333333333,0.2287181105482248,129.86842623161638,34.80774582311721,0.010948688251228134,13.30468645699328
2025-01-02 14:10:00,800019,NORMAL,HS1306571,228,38.0,0.23374144971209715,126.77860892271542,35.28560222887723,0.013656602521955441,8.387898866596572
2025-01-02 14:20:00,800019,NORMAL,HS1306571,229,38.166666666666664,0.24143675366138376,130.6955767240118,35.59825308235452,0.019249581527075094,9.964074260479265
2025-01-02 14:30:00,800019,NORMAL,HS1306571,230,38.33333333333333,0.2511442142103202,137.51962195716402,35.89577582734253,0.026738152326088727,14.233384456069473
2025-01-02 14:40:00,800019,NORMAL,HS1306571,231,38.5,0.23637378047136162,138.455340654938,34.62143831330036,0.00971596600855032,12.536798151610114
2025-01-02 14:50:00,800019,NORMAL,HS1306571,232,38.666666666666664,0.23072661043548578,149.49334695667366,34.88943751132811,0.0019157835527581213,20.99642010207205
2025-01-02 15:00:00,800019,NORMAL,HS1306571,233,38.83333333333333,0.2503223351493812,149.13023023116,34.74859514733293,0.01945982054629458,18.134092029482247
2025-01-02 15:10:00,800019,NORMAL,HS1306571,234,39.0,0.23803426150829513,137.97290676088056,35.28597214347644,0.0053884605469679825,4.925260988195703
2025-01-02 15:20:00,800019,NORMAL,HS1306571,235,39.166666666666664,0.24439791780422312,125.11463584200983,36.659743858073234,0.00906750343591442,-10.2298005136157
2025-01-02 15:30:00,800019,NORMAL,HS1306571,236,39.33333333333333,0.2504186653446493,145.48358660357079,35.737621131009,0.011596552557624956,7.281853352775414
2025-01-02 15:40:00,800019,NORMAL,HS1306571,237,39.5,0.26000425542296823,135.3373739156922,35.65080870866998,0.017209237497804147,-6.104569862107866
2025-01-02 15:50:00,800019,NORMAL,HS1306571,238,39.666666666666664,0.23338107663603003,147.01556037719243,35.429225158437994,-0.013626603880904031,2.125317408656173
2025-01-02 16:00:00,800019,NORMAL,HS1306571,239,39.83333333333333,0.25332535661756816,167.66871101591877,35.74083847856472,0.001968965508481191,19.19872628319831
2025-01-02 16:10:00,800019,NORMAL,HS1306571,240,40.0,0.2616238145659477,162.19139740267593,36.70841373392853,0.005296587065838132,9.989494545236056
2025-01-02 16:20:00,800019,NORMAL,HS1306571,241,40.166666666666664,0.2633320712616001,170.37580623409676,38.17652536643701,0.0025929662724028524,15.077758751604932
2025-01-02 16:30:00,800019,NORMAL,HS1306571,242,40.33333333333333,0.28342887194559474,185.2175313920775,37.89005289978848,0.01976768667767209,27.95206122235146
2025-01-02 16:40:00,800019,NORMAL,HS1306571,243,40.5,0.267699812707888,179.2022077314294,39.005805661221004,0.0021449880373509145,20.7950086342982
2025-01-02 16:50:00,800019,NORMAL,HS1306571,244,40.666666666666664,0.2628648856779024,165.52916219793164,41.65863878429874,-0.0040539900299683684,6.425661652423344
2025-01-02 17:00:00,800019,NORMAL,HS1306571,245,40.83333333333333,0.28160352132305533,175.9042177928326,40.143713265767296,0.013606416574024338,16.34491276316075
2025-01-02 17:10:00,800019,NORMAL,HS1306571,246,41.0,0.28439296699894606,171.66135064800315,41.16199389709729,0.016629618333318108,12.385742932752976
2025-01-02 17:20:00,800019,NORMAL,HS1306571,247,41.166666666666664,0.2773173103262973,177.13568123633053,41.80105053289011,0.011592740430840298,19.366946624684772
2025-01-02 17:30:00,800019,NORMAL,HS1306571,248,41.33333333333333,0.3116591424247561,178.56547407660585,43.11704950930431,0.04863536579074873,22.911647664613923
2025-01-02 17:40:00,800019,NORMAL,HS1306571,249,41.5,0.2721085865992283,164.28744937907706,41.75623818936147,0.012039803479547695,10.988258970548088
2025-01-02 17:50:00,800019,NORMAL,HS1306571,250,41.666666666666664,0.29741620933123586,161.8999350225445,43.925861495297035,0.04052975167739692,11.130684000292717
2025-01-02 18:00:00,800019,NORMAL,HS1306571,251,41.83333333333333,0.25806846066793365,150.4443505866692,42.97178629004705,0.004547393429646052,2.3344510433458368
2025-01-02 18:10:00,800019,NORMAL,HS1306571,252,42.0,0.29272904914132947,151.20771364675954,38.5566256671503,0.04294756887143192,6.169221906408609
2025-01-02 18:20:00,800019,NORMAL,HS1306571,253,42.166666666666664,0.28401413108313717,141.38804108286934,37.14894005206401,0.037803505982037355,-0.430038749778646
2025-01-02 18:30:00,800019,NORMAL,HS1306571,254,42.33333333333333,0.25833021170433834,134.62682836243215,36.26912231209237,0.01538746011310213,-4.207067181266865
2025-01-02 18:40:00,800019,NORMAL,HS1306571,255,42.5,0.24211560467114634,147.55194239909125,34.31243538401535,0.0024383705277757073,11.664122678535762
2025-01-02 18:50:00,800019,NORMAL,HS1306571,256,42.666666666666664,0.2406619470169347,148.50630964233503,32.20783873979212,0.004323264460361742,15.604259932330535
2025-01-02 19:00:00,800019,NORMAL,HS1306571,257,42.83333333333333,0.26180347941621995,140.21642320695886,32.81897185615037,0.028869131277008964,10.34156558203702
2025-01-02 19:10:00,800019,NORMAL,HS1306571,258,43.0,0.2570493578118599,128.9444625728972,32.804481857609055,0.02681072843653945,1.4777199333846482
2025-01-02 19:20:00,800019,NORMAL,HS1306571,259,43.166666666666664,0.2560374594599296,133.4918669314502,33.46435218328047,0.028296549014402816,7.954029450790088
2025-01-02 19:30:00,800019,NORMAL,HS1306571,260,43.33333333333333,0.23030265043263798,146.42991383473938,31.342332757239443,0.005146831752189329,22.870341549958866
2025-01-02 19:40:00,800019,NORMAL,HS1306571,261,43.5,0.22185691130661572,138.38474975240675,32.78311081222406,-0.0009476475543499507,16.658932575159824
2025-01-02 19:50:00,800019,NORMAL,HS1306571,262,43.666666666666664,0.23585367784038203,132.06613993497243,31.760094763731633,0.015172789688709915,12.00034218745931
2025-01-02 20:00:00,800019,NORMAL,HS1306571,263,43.83333333333333,0.23479312507040312,124.79787421373733,32.491612731710354,0.016063105738106487,6.2622355221453745
2025-01-02 20:10:00,800019,NORMAL,HS1306571,264,44.0,0.2142962611090378,132.6875975994354,32.35991474008151,-0.002404747026723608,15.6522460548467
2025-01-02 20:20:00,800019,NORMAL,HS1306571,265,44.166666666666664,0.22170545300407962,132.6784365332701,33.70178646401645,0.006944211560677455,17.023027245601
2025-01-02 20:30:00,800019,NORMAL,HS1306571,266,44.33333333333333,0.21704187317300055,130.95231750197019,31.064469246575445,0.00416632820338797,16.550844111289635
2025-01-02 20:40:00,800019,NORMAL,HS1306571,267,44.5,0.23715790375491966,129.43413120523144,29.896147596270964,0.02641889753348764,16.402387865977715
2025-01-02 20:50:00,800019,NORMAL,HS1306571,268,44.666666666666664,0.23577190242486784,114.87329674331106,28.411251787613036,0.027379833842709117,3.342245483024371
2025-01-02 21:00:00,800019,NORMAL,HS1306571,269,44.83333333333333,0.23020676356632813,118.62647489155233,29.680910246402537,0.0242750771723807,8.67187651343103
2025-01-02 21:10:00,800019,NORMAL,HS1306571,270,45.0,0.2235513069622912,109.55969811478764,29.832163029694417,0.020275112644280613,1.4147423859509018
2025-01-02 21:20:00,800019,NORMAL,HS1306571,271,45.166666666666664,0.23519969476943994,99.35169626999686,30.874770501922203,0.034485440112291654,-6.875489337137921
2025-01-02 21:30:00,800019,NORMAL,HS1306571,272,45.33333333333333,0.2296054083010253,106.45346271709955,30.07062980945454,0.03167548252234187,2.327131780543752
2025-01-02 21:40:00,800019,NORMAL,HS1306571,273,45.5,0.24439318837151683,106.26595443655114,30.333823634345656,0.04927931316894915,4.286649775028721
2025-01-02 21:50:00,800019,NORMAL,HS1306571,274,45.666666666666664,0.20586013636441158,107.46140969035399,30.728042046519548,0.013492634452010488,7.580736543843059
2025-01-02 22:00:00,800019,NORMAL,HS1306571,275,45.83333333333333,0.20091791753163613,101.75420454712015,30.176034867419233,0.011280399090291243,3.9499312771808945
2025-01-02 22:10:00,800019,NORMAL,HS1306571,276,46.0,0.2055846352801866,99.31625832533742,30.19277759129927,0.018793362726439222,3.5878326078822766
2025-01-02 22:20:00,800019,NORMAL,HS1306571,277,46.166666666666664,0.1763654864674154,93.19094481434712,28.511916167342886,-0.006639164435587347,-0.01449423971725139
2025-01-02 22:30:00,800019,NORMAL,HS1306571,278,46.33333333333333,0.1835765367003815,89.11108064114923,28.064127323334226,0.005168419898116866,-1.049540598879915
2025-01-02 22:40:00,800019,NORMAL,HS1306571,279,46.5,0.1868550263434834,91.65032224471811,27.1969287095054,0.013593764959145632,4.882370851581086
2025-01-02 22:50:00,800019,NORMAL,HS1306571,280,46.666666666666664,0.18118795245017366,86.9794596460967,27.547037114801913,0.01355161979920852,3.883437187729868
2025-01-02 23:00:00,800019,NORMAL,HS1306571,281,46.83333333333333,0.1668701674902001,81.91602125709724,28.802307723343425,0.005149956563207075,2.585213840051665
2025-01-02 23:10:00,800019,NORMAL,HS1306571,282,47.0,0.14887525997095788,79.85264867707282,28.0394818003713,-0.0063300026518528785,4.6556123715100455
2025-01-02 23:20:00,800019,NORMAL,HS1306571,283,47.166666666666664,0.15647699777353752,77.77766935358422,25.174618569081495,0.007621579655370664,6.906690731132571
2025-01-02 23:30:00,800019,NORMAL,HS1306571,284,47.33333333333333,0.1441603430088228,84.2100466607448,24.83202802783936,0.0010269943620799526,17.336676962087722
2025-01-02 23:40:00,800019,NORMAL,HS1306571,285,47.5,0.14768345380507844,71.06315714027947,23.47190101541759,0.009581549268697698,7.7711355730999685
2025-01-02 23:50:00,800019,NORMAL,HS1306571,286,47.666666666666664,0.139379128113612,64.02008622463174,22.614728943514613,0.005679480268029946,3.927208983509736
2025-01-01 00:10:00,800020,NORMAL,HS1306571,0,0.0,0.02379520495794006,4.740127503695173,20.018229938897505,-0.00179227324084048,0.2564369651168352
2025-01-01 00:20:00,800020,NORMAL,HS1306571,1,0.16666666666666666,0.05651454916669887,16.429305602849666,17.32658943964717,-0.0019463208370460103,-0.5560749853783946
2025-01-01 00:30:00,800020,NORMAL,HS1306571,2,0.3333333333333333,0.10546502754398657,41.41633957675749,18.66219242006232,-0.0012656812771263404,1.5059054620259786
2025-01-01 00:40:00,800020,NORMAL,HS1306571,3,0.5,0.13443564848517803,57.282018994007686,19.739440520590076,-0.003570949817635255,-3.0108831850432978
2025-01-01 00:50:00,800020,NORMAL,HS1306571,4,0.6666666666666666,0.1379534526356069,67.29234136634274,20.229781137496342,-0.009846860990123663,-1.9376090004553816
2025-01-01 01:00:00,800020,NORMAL,HS1306571,5,0.8333333333333333,0.15575820401617407,71.45573236262892,19.20717699777737,0.006843525296359038,0.2847143438665398
2025-01-01 01:10:00,800020,NORMAL,HS1306571,6,1.0,0.14519289355241788,64.61016241204885,19.376692083695577,-0.0023791988223901273,-5.844966574205671
2025-01-01 01:20:00,800020,NORMAL,HS1306571,7,1.1666666666666665,0.14013996657924258,61.8547679026976,18.926809191921677,-0.0032032267231085487,-5.691667053141259
2025-01-01 01:30:00,800020,NORMAL,HS1306571,8,1.3333333333333333,0.13306383761611826,67.00331375235172,18.009975561110583,-0.005017633509493691,3.4335347292948626
2025-01-01 01:40:00,800020,NORMAL,HS1306571,9,1.5,0.1324005822192742,62.18353035173728,17.470692295781774,-0.0013226127340895677,2.3453332368160176
2025-01-01 01:50:00,800020,NORMAL,HS1306571,10,1.6666666666666665,0.126533457107252,54.36152448589633,17.68951779870474,-0.0038568276624923736,-2.3481709816292735
2025-01-01 02:00:00,800020,NORMAL,HS1306571,11,1.8333333333333333,0.12043681425635892,50.187346722135096,19.24548689267579,-0.007204904519394886,-3.8486105360183913
2025-01-01 02:10:00,800020,NORMAL,HS1306571,12,2.0,0.13806863152914162,54.147418615189586,18.356967756270265,0.010721633597736646,1.0948291913192847
2025-01-01 02:20:00,800020,NORMAL,HS1306571,13,2.1666666666666665,0.1417000453443395,56.370677276740196,18.128662643474605,0.011388622760005296,1.5997146119519599
2025-01-01 02:30:00,800020,NORMAL,HS1306571,14,2.333333333333333,0.13800181869792857,53.27171459905023,17.78660741750534,0.002878996404895584,-4.872091566978035
2025-01-01 02:40:00,800020,NORMAL,HS1306571,15,2.5,0.14256681277209263,59.89626418373009,18.268964827595237,0.002456332173203818,-2.1229008492925274
2025-01-01 02:50:00,800020,NORMAL,HS1306571,16,2.6666666666666665,0.1484202221666148,70.37562989589134,17.369375410533042,0.003966154621009382,4.695170440330685
2025-01-01 03:00:00,800020,NORMAL,HS1306571,17,2.833333333333333,0.1505364016849966,75.10912778699455,17.806700005172882,0.002327860916382124,6.1051658946286835
2025-01-01 03:10:00,800020,NORMAL,HS1306571,18,3.0,0.14747750433528567,71.99591655584622,17.76110441313941,-0.0011324397871660674,1.5450531647281593
2025-01-01 03:20:00,800020,NORMAL,HS1306571,19,3.1666666666666665,0.13717207276956583,73.05556658357496,18.20455255490164,-0.00863482592636497,3.6753467703080105
2025-01-01 03:30:00,800020,NORMAL,HS1306571,20,3.333333333333333,0.13837044400417406,69.22169855369529,18.279162181662425,-0.0040869906383338706,1.6281546917841183
2025-01-01 03:40:00,800020,NORMAL,HS1306571,21,3.5,0.1254735479903505,66.01424793556703,18.48894410700126,-0.0138110199178752,0.20557052883695803
2025-01-01 03:50:00,800020,NORMAL,HS1306571,22,3.6666666666666665,0.13479863684380364,60.393666160216874,18.07197371381348,-0.001632715104911281,-3.815474887550316
2025-01-01 04:00:00,800020,NORMAL,HS1306571,23,3.833333333333333,0.13393453226238294,55.034551341673996,19.1872261693346,0.00021061425265603284,-7.68430916571225
2025-01-01 04:10:00,800020,NORMAL,HS1306571,24,4.0,0.13296060124775985,52.78465013163597,19.88752203038562,-0.00021753392316245512,-9.452025685417489
2025-01-01 04:20:00,800020,NORMAL,HS1306571,25,4.166666666666666,0.14345106857597495,56.397866287352045,20.194950329742678,0.008060070866932972,-7.201935656565503
2025-01-01 04:30:00,800020,NORMAL,HS1306571,26,4.333333333333333,0.14807553401740775,60.308800459084345,19.522975786815362,0.009614889703194851,-5.465983972029186
2025-01-01 04:40:00,800020,NORMAL,HS1306571,27,4.5,0.14245891948129338,64.42550507650033,19.89215700687515,0.0007956245913683102,-3.709889331855706
2025-01-01 04:50:00,800020,NORMAL,HS1306571,28,4.666666666666666,0.15143785705424648,67.85440714990744,19.034016753698335,0.006498970141798066,-2.6950408408754356
2025-01-01 05:00:00,800020,NORMAL,HS1306571,29,4.833333333333333,0.13622547082443598,65.52245592598614,17.753383287672182,-0.012087987981889092,-7.494681586288692
2025-01-01 05:10:00,800020,NORMAL,HS1306571,30,5.0,0.15594629401230714,72.93126673741524,18.018882106685236,0.003591927925975319,-2.572672355539936
2025-01-01 05:20:00,800020,NORMAL,HS1306571,31,5.166666666666666,0.15801270618347243,79.26349213938462,18.615168043480264,0.0006446781496266263,1.3338400738146845
2025-01-01 05:30:00,800020,NORMAL,HS1306571,32,5.333333333333333,0.16042993704107328,75.52420965005201,19.778983218752785,-0.0022859459029520024,-4.9658109969502675
2025-01-01 05:40:00,800020,NORMAL,HS1306571,33,5.5,0.15541792908514004,81.97973824207064,19.55241180613419,-0.012791990655640989,-1.2329776438956372
2025-01-01 05:50:00,800020,NORMAL,HS1306571,34,5.666666666666666,0.1605356488967178,98.04232891499838,19.339566113102247,-0.013146258091503382,12.036759450832989
2025-01-01 06:00:00,800020,NORMAL,HS1306571,35,5.833333333333333,0.17675513297775772,90.51491459976333,19.643338078857337,-0.0024469631311592743,1.5414479824261917
2025-01-01 06:10:00,800020,NORMAL,HS1306571,36,6.0,0.1814557658735236,88.77320029298517,19.63399198238737,-0.0018309867224144405,-2.8604999909400846
2025-01-01 06:20:00,800020,NORMAL,HS1306571,37,6.166666666666666,0.17208469932190149,93.29824328779732,21.0606967364594,-0.013525566910343761,-0.39313910179404843
2025-01-01 06:30:00,800020,NORMAL,HS1306571,38,6.333333333333333,0.18899920089145716,89.01704620874447,22.457482371465755,0.0011737122671231781,-6.6874487426196225
2025-01-01 06:40:00,800020,NORMAL,HS1306571,39,6.5,0.16681246995968468,94.86571657492865,24.011909282477717,-0.023037744593711856,-2.75958867446748
2025-01-01 06:50:00,800020,NORMAL,HS1306571,40,6.666666666666666,0.17510336661694523,97.80052782036168,24.59477116889285,-0.016365423502393478,-1.5048384123770262
2025-01-01 07:00:00,800020,NORMAL,HS1306571,41,6.833333333333333,0.19069827320045385,95.50996900010611,24.338739762527005,-0.002017580473585301,-5.225964265630623
2025-01-01 07:10:00,800020,NORMAL,HS1306571,42,7.0,0.2093875749909433,100.67503254239021,26.46964534618956,0.015025069710520228,-1.4611242324938303
2025-01-01 07:20:00,800020,NORMAL,HS1306571,43,7.166666666666666,0.19566424046627323,119.6957542117517,27.183581649538947,-0.00022238806567478897,16.400694790828865
2025-01-01 07:30:00,800020,NORMAL,HS1306571,44,7.333333333333333,0.1932368033320989,109.45524379740421,27.518938697026474,-0.0038477571983715486,5.301710978485303
2025-01-01 07:40:00,800020,NORMAL,HS1306571,45,7.5,0.20681254158937917,106.67648633032802,28.598450671544107,0.007921857290040829,1.3428066223021204
2025-01-01 07:50:00,800020,NORMAL,HS1306571,46,7.666666666666666,0.1954379352840229,101.01764224072049,30.020373523140446,-0.005861015190024077,-5.9009616965112315
2025-01-01 08:00:00,800020,NORMAL,HS1306571,47,7.833333333333333,0.19381841544847522,103.52438522982224,31.26254234007288,-0.010140852626265906,-5.175089648959144
2025-01-01 08:10:00,800020,NORMAL,HS1306571,48,8.0,0.2106449588619795,97.4216763946911,30.427448202113915,0.004762850735792634,-12.718599200917168
2025-01-01 08:20:00,800020,NORMAL,HS1306571,49,8.166666666666666,0.20019985083190592,108.557236889129,33.12579487047507,-0.006837768354456847,-2.4602730409517193
2025-01-01 08:30:00,800020,NORMAL,HS1306571,50,8.333333333333332,0.21057034795377644,112.46917278260523,32.66929766195385,0.0018919253438417216,0.3336151970223682
2025-01-01 08:40:00,800020,NORMAL,HS1306571,51,8.5,0.2123369202736749,101.21275929105892,31.751920129416906,0.001523661265422277,-12.39231415434881
2025-01-01 08:50:00,800020,NORMAL,HS1306571,52,8.666666666666666,0.22445752863368265,110.83526476148256,32.348268704126696,0.011294195083353442,-4.4277193091404
2025-01-01 09:00:00,800020,NORMAL,HS1306571,53,8.833333333333332,0.20898696703548802,118.0396934940402,32.70446145729821,-0.006592188732852444,1.046240078789225
2025-01-01 09:10:00,800020,NORMAL,HS1306571,54,9.0,0.2276337947637706,111.20817314240678,34.27810488208716,0.009790748320113951,-7.435127228935144
2025-01-01 09:20:00,800020,NORMAL,HS1306571,55,9.166666666666666,0.25012551439540176,120.73967552950869,32.98105205220857,0.030915172202463204,0.9094608364875114
2025-01-01 09:30:00,800020,NORMAL,HS1306571,56,9.333333333333332,0.2071982578510002,126.82898242627354,33.000815854115345,-0.01146988740720864,7.072474066832726
2025-01-01 09:40:00,800020,NORMAL,HS1306571,57,9.5,0.20815488300363572,118.18537061495606,33.76426640630868,-0.008586071315998756,-0.40183560093483095
2025-01-01 09:50:00,800020,NORMAL,HS1306571,58,9.666666666666666,0.2328874766551269,111.20934361111107,33.983952640843974,0.01883042421579681,-5.571254472790486
2025-01-01 10:00:00,800020,NORMAL,HS1306571,59,9.833333333333332,0.21206723936796576,104.44342569275712,34.88719295039258,0.0011353488825793512,-10.169447368139757
2025-01-01 10:10:00,800020,NORMAL,HS1306571,60,10.0,0.21383661174904534,103.96777496344068,34.69710740043229,0.005245143176882017,-8.765360473453427
2025-01-01 10:20:00,800020,NORMAL,HS1306571,61,10.166666666666666,0.20546974461784476,103.09506754423138,34.083710465050395,-0.0030009099182120025,-9.074048412169105
2025-01-01 10:30:00,800020,NORMAL,HS1306571,62,10.333333333333332,0.2001418686517899,93.06917933848287,35.23896192841871,-0.010003160387970028,-19.872244420640513
2025-01-01 10:40:00,800020,NORMAL,HS1306571,63,10.5,0.1980407294874843,105.75006860436889,33.57639620132867,-0.014583037283613293,-8.671903495443715
2025-01-01 10:50:00,800020,NORMAL,HS1306571,64,10.666666666666666,0.20966649911477397,106.982250321444,32.514684789763756,-0.005731632353409261,-9.207885666179195
2025-01-01 11:00:00,800020,NORMAL,HS1306571,65,10.833333333333332,0.21050833812971112,119.29145559728029,33.762552050182414,-0.007897487878830184,1.1362808061539766
2025-01-01 11:10:00,800020,NORMAL,HS1306571,66,11.0,0.2130661697732387,121.28799079855003,37.2435535720562,-0.008783601282419812,0.695627198486747
2025-01-01 11:20:00,800020,NORMAL,HS1306571,67,11.166666666666666,0.21157705179502082,128.15628289601682,35.26864285152531,-0.011901304736967211,6.048677425298095
2025-01-01 11:30:00,800020,NORMAL,HS1306571,68,11.333333333333332,0.20482054185912343,122.69505961985,34.90880787672894,-0.018492525027635376,0.4146271492473801
2025-01-01 11:40:00,800020,NORMAL,HS1306571,69,11.5,0.22810333753695328,126.35813395852279,34.88273790799303,0.005684474106849052,4.522969665925899
2025-01-01 11:50:00,800020,NORMAL,HS1306571,70,11.666666666666666,0.23210702488488577,130.76262286573171,35.90990045031816,0.01094840378020609,9.65357420704656
2025-01-01 12:00:00,800020,NORMAL,HS1306571,71,11.833333333333332,0.2272342781816872,119.26908925277115,34.62730445344596,0.007502505116617347,-0.992530880579011
2025-01-01 12:10:00,800020,NORMAL,HS1306571,72,12.0,0.20625932698988841,125.4715333148311,34.04039014920853,-0.010605778299184188,6.8133945811761265
2025-01-01 12:20:00,800020,NORMAL,HS1306571,73,12.166666666666666,0.24154315809286214,118.88504717270428,33.50701666661193,0.027694323107556845,1.9040251755011184
2025-01-01 12:30:00,800020,NORMAL,HS1306571,74,12.333333333333332,0.22981114945703982,111.31769738743165,35.027108525706396,0.018177712086152653,-4.525159948074744
2025-01-01 12:40:00,800020,NORMAL,HS1306571,75,12.5,0.2044227104886245,119.7226612057336,35.70622171121618,-0.005565331145313213,4.631282750211838
2025-01-01 12:50:00,800020,NORMAL,HS1306571,76,12.666666666666666,0.22013223869898055,119.1509962454094,36.082016141899956,0.011480557436756605,4.617568974055914
2025-01-01 13:00:00,800020,NORMAL,HS1306571,77,12.833333333333332,0.2140810245042887,113.03722113441877,37.0873789042306,0.0065852380675891775,-1.038670844249566
2025-01-01 13:10:00,800020,NORMAL,HS1306571,78,13.0,0.21246454845379867,106.09785877649652,36.05954093862906,0.005479019137642593,-7.489151418344903
2025-01-01 13:20:00,800020,NORMAL,HS1306571,79,13.166666666666666,0.2199551124402287,105.95297654698027,36.453889746715674,0.011880384430525692,-7.627642257403508
2025-01-01 13:30:00,800020,NORMAL,HS1306571,80,13.333333333333332,0.2266023402824251,95.87754660003054,36.22223645141701,0.01594484792416634,-18.701747079936197
2025-01-01 13:40:00,800020,NORMAL,HS1306571,81,13.5,0.2219293638941676,110.02129495297174,35.975261875303715,0.00801353542207131,-6.241280260890036
2025-01-01 13:50:00,800020,NORMAL,HS1306571,82,13.666666666666666,0.20364191616573438,114.8456247017723,35.866140238597055,-0.01384062763632396,-3.398758063752382
2025-01-01 14:00:00,800020,NORMAL,HS1306571,83,13.833333333333332,0.21079987500760852,119.12161461897497,36.39769544300922,-0.010584967534445322,-1.3650575683125936
2025-01-01 14:10:00,800020,NORMAL,HS1306571,84,14.0,0.20581150168485587,118.83557819967321,39.19135082122565,-0.020086056203963504,-4.8334070433800065
2025-01-01 14:20:00,800020,NORMAL,HS1306571,85,14.166666666666666,0.21935235137570427,147.55458649731364,39.297172615608616,-0.010634934694019799,20.201596597864736
2025-01-01 14:30:00,800020,NORMAL,HS1306571,86,14.333333333333332,0.22979356724552147,138.41543031351807,38.26883950221509,-0.0034818165712178495,7.7892442252370415
2025-01-01 14:40:00,800020,NORMAL,HS1306571,87,14.5,0.24274600914497652,135.58190809700164,38.60292560489003,0.006660133632223841,2.021475642461553
2025-01-01 14:50:00,800020,NORMAL,HS1306571,88,14.666666666666666,0.2572182536114118,134.60665475758117,38.45104680027397,0.018651902973588236,-1.6305294877614642
2025-01-01 15:00:00,800020,NORMAL,HS1306571,89,14.833333333333332,0.2428713857803938,145.21812530873635,37.38585776163202,0.002016026857704717,6.444135444380265
2025-01-01 15:10:00,800020,NORMAL,HS1306571,90,15.0,0.2563094992990651,144.15737687360826,37.73724820131642,0.013368243554578746,3.2569031309659238
2025-01-01 15:20:00,800020,NORMAL,HS1306571,91,15.166666666666666,0.25744447285167193,147.8117527361019,36.178958918814196,0.012429268377126101,5.126712852262102
2025-01-01 15:30:00,800020,NORMAL,HS1306571,92,15.333333333333332,0.25317573150895073,136.57923353595734,37.07718832293633,0.0061596711308888885,-7.771078180805972
2025-01-01 15:40:00,800020,NORMAL,HS1306571,93,15.5,0.24651011284125218,140.30907550590624,34.98698763923383,-0.0024444479743743197,-5.6452278488849
2025-01-01 15:50:00,800020,NORMAL,HS1306571,94,15.666666666666666,0.22490740126852102,155.40305339888317,34.70507464117577,-0.025972051843416916,7.852187151415734
2025-01-01 16:00:00,800020,NORMAL,HS1306571,95,15.833333333333332,0.23678274291260917,145.9785526423342,35.52000857270805,-0.01600071410635731,-3.1554906583483557
2025-01-01 16:10:00,800020,NORMAL,HS1306571,96,16.0,0.25230681218269946,142.17291122784874,35.06671925189165,-0.0026161594682903577,-8.529187001566811
2025-01-01 16:20:00,800020,NORMAL,HS1306571,97,16.166666666666664,0.266910731970782,146.88386017098307,34.5391773878956,0.009997600541631901,-5.137526380400459
2025-01-01 16:30:00,800020,NORMAL,HS1306571,98,16.333333333333332,0.24951039942834588,143.69825967416043,34.930148852997064,-0.00853860981083307,-8.96344811836758
2025-01-01 16:40:00,800020,NORMAL,HS1306571,99,16.5,0.24440159124498922,138.54887732431249,33.731445039457014,-0.014327667259360022,-14.339661274861925
2025-01-01 16:50:00,800020,NORMAL,HS1306571,100,16.666666666666664,0.2461230373303811,139.4792019272647,35.39878940415885,-0.013102942039557086,-13.456010601722568
2025-01-01 17:00:00,800020,NORMAL,HS1306571,101,16.833333333333332,0.26502916849075875,143.49630998446932,35.13313314864459,0.005353639642788455,-9.426755708033369
2025-01-01 17:10:00,800020,NORMAL,HS1306571,102,17.0,0.2628962628045852,148.65071338264204,34.84751436503655,0.003976208937093273,-3.4432238863564635
2025-01-01 17:20:00,800020,NORMAL,HS1306571,103,17.166666666666664,0.25271942597201996,150.51237442644057,31.55877378716842,-0.0032848912108868755,0.9263036291167452
2025-01-01 17:30:00,800020,NORMAL,HS1306571,104,17.333333333333332,0.23078817743430594,153.00308797322242,32.488380874937796,-0.021244879856643,6.803404479884307
2025-01-01 17:40:00,800020,NORMAL,HS1306571,105,17.5,0.23839956869480278,157.5521438749269,34.32032493004524,-0.009171108670465278,15.136399332327414
2025-01-01 17:50:00,800020,NORMAL,HS1306571,106,17.666666666666664,0.25803016756365527,138.8885649547986,34.219030180679326,0.015263254056669034,0.50611182000344
2025-01-01 18:00:00,800020,NORMAL,HS1306571,107,17.833333333333332,0.2227342042036203,131.28514453781523,33.56378083934078,-0.014913916767577584,-2.8612954523175347
2025-01-01 18:10:00,800020,NORMAL,HS1306571,108,18.0,0.2253962811950514,125.79084679724959,34.93622427281562,-0.007573438845311031,-4.637472856631959
2025-01-01 18:20:00,800020,NORMAL,HS1306571,109,18.166666666666664,0.21873220899233628,125.54839274856747,34.32530519860137,-0.01086538096220041,-2.4178574936407387
2025-01-01 18:30:00,800020,NORMAL,HS1306571,110,18.333333333333332,0.1973564856902904,125.80684707844416,33.92216368906347,-0.030017975618736814,-0.6594601205170818
2025-01-01 18:40:00,800020,NORMAL,HS1306571,111,18.5,0.2163673591872035,131.57597333864265,34.31753291276663,-0.009232140971696112,6.198543840482756
2025-01-01 18:50:00,800020,NORMAL,HS1306571,112,18.666666666666664,0.22437937257911794,135.31404342127325,34.97496907749169,0.0003895239724485966,10.86845434032611
2025-01-01 19:00:00,800020,NORMAL,HS1306571,113,18.833333333333332,0.20809716961164684,129.2013845184137,34.89107931169158,-0.014356744410506023,5.620419678342401
2025-01-01 19:10:00,800020,NORMAL,HS1306571,114,19.0,0.1984164269116081,125.1404119969049,34.22774905787411,-0.022601062623645668,2.4004688656532807
2025-01-01 19:20:00,800020,NORMAL,HS1306571,115,19.166666666666664,0.1950203503871497,115.39466687665181,32.09656286593945,-0.024132350521953227,-6.268498400805868
2025-01-01 19:30:00,800020,NORMAL,HS1306571,116,19.333333333333332,0.18971152057911037,119.09741806145259,32.513124789249126,-0.026721974743024762,-0.8806550364366643
2025-01-01 19:40:00,800020,NORMAL,HS1306571,117,19.5,0.19200544023602217,119.4447895178018,31.755404598660885,-0.021388268813593764,1.426902786016214
2025-01-01 19:50:00,800020,NORMAL,HS1306571,118,19.666666666666664,0.19671089833685468,107.88241096323696,31.36774007194897,-0.013539194799841892,-8.093139357722961
2025-01-01 20:00:00,800020,NORMAL,HS1306571,119,19.833333333333332,0.1956499361803893,108.38455504271144,30.732100322887806,-0.011457823570801218,-5.558662245728669
2025-01-01 20:10:00,800020,NORMAL,HS1306571,120,20.0,0.20383456603334993,109.46293105962256,27.732925407383497,0.000910503719025707,-1.7045505226902264
2025-01-01 20:20:00,800020,NORMAL,HS1306571,121,20.166666666666664,0.2038561720141011,112.00841443384655,28.492413081402535,0.005359932853399085,4.120262173925951
2025-01-01 20:30:00,800020,NORMAL,HS1306571,122,20.333333333333332,0.21530781034541796,94.64085056621887,27.072956286819704,0.02007283429874404,-10.693038271283655
2025-01-01 20:40:00,800020,NORMAL,HS1306571,123,20.5,0.18651695036866356,94.8480199119994,28.713779144703988,-0.0060032788243243596,-8.39031253592617
2025-01-01 20:50:00,800020,NORMAL,HS1306571,124,20.666666666666664,0.19120410856839168,95.69871288319571,27.573704269965997,0.0013290067438634923,-5.552204882609075
2025-01-01 21:00:00,800020,NORMAL,HS1306571,125,20.833333333333332,0.17087943923392893,94.56893670891274,27.264972329781873,-0.01625121287365941,-4.685752546002988
2025-01-01 21:10:00,800020,NORMAL,HS1306571,126,21.0,0.16854627458313282,96.22684155722129,27.594850972404327,-0.016624760946326728,-1.5477642633339599
2025-01-01 21:20:00,800020,NORMAL,HS1306571,127,21.166666666666664,0.1942577236944878,97.85232142844073,28.20835997750338,0.010964955126507081,1.3822691915823668
2025-01-01 21:30:00,800020,NORMAL,HS1306571,128,21.333333333333332,0.19136959573464485,100.8746097433908,28.27791219821894,0.011613989110852402,6.787770265287847
2025-01-01 21:40:00,800020,NORMAL,HS1306571,129,21.5,0.16347674264904302,89.84445306006529,29.0821099446709,-0.011597392978568238,-0.989096783842669
2025-01-01 21:50:00,800020,NORMAL,HS1306571,130,21.666666666666664,0.17004552151726582,91.81710714957777,27.906755731920658,0.000113806292549673,4.612081713649829
2025-01-01 22:00:00,800020,NORMAL,HS1306571,131,21.833333333333332,0.17818679988239558,82.5056911420726,24.8561701933057,0.013621536060507783,-0.9009059250782627
2025-01-01 22:10:00,800020,NORMAL,HS1306571,132,22.0,0.15199099325134574,74.11832516118021,25.474723266126627,-0.007142097476451947,-5.520095717521016
2025-01-01 22:20:00,800020,NORMAL,HS1306571,133,22.166666666666664,0.14897044114736863,71.72210833491047,24.9219364330998,-0.00501471912892576,-4.465232755762756
2025-01-01 22:30:00,800020,NORMAL,HS1306571,134,22.333333333333332,0.13193836798478115,61.40061208017023,24.032623645538465,-0.018328282821868963,-12.224219696117238
2025-01-01 22:40:00,800020,NORMAL,HS1306571,135,22.5,0.12774917616235806,64.39227407823103,23.9790492965896,-0.020045122158936085,-7.47366119482794
2025-01-01 22:50:00,800020,NORMAL,HS1306571,136,22.666666666666664,0.14761369102375646,62.01644919738969,25.364682956308208,0.001547858254691753,-8.598890564799163
2025-01-01 23:00:00,800020,NORMAL,HS1306571,137,22.833333333333332,0.1475227854204825,66.65473625759138,24.050812339816833,0.0027357383413478265,-3.0216928947717747
2025-01-01 23:10:00,800020,NORMAL,HS1306571,138,23.0,0.14777857514015777,65.58620385454957,24.678923367090892,0.004211874604444388,-3.2359405346415
2025-01-01 23:20:00,800020,NORMAL,HS1306571,139,23.166666666666664,0.15189830283344086,68.99221301970378,23.705939800103955,0.009338981120455503,0.8121278630422069
2025-01-01 23:30:00,800020,NORMAL,HS1306571,140,23.333333333333332,0.13982980491086466,61.61428612012361,24.36821102890607,-0.0026834656158417902,-6.484345592677116
2025-01-01 23:40:00,800020,NORMAL,HS1306571,141,23.5,0.1399382790694222,69.96876742610027,22.377712829763354,-0.003436962036366842,1.3855936478662443
2025-01-01 23:50:00,800020,NORMAL,HS1306571,142,23.666666666666664,0.1450605057016133,72.95872151357355,23.01059733406557,0.0002357633925643421,3.502002669031114
2025-01-02 00:00:00,800020,NORMAL,HS1306571,143,23.833333333333332,0.14044794535535962,70.57670781123369,23.03313430475597,-0.006119635325637945,0.04036122126959185
2025-01-02 00:10:00,800020,NORMAL,HS1306571,144,24.0,0.15046353014375788,70.34892198256989,22.52933173514864,0.0019572795705054824,-1.4785208540402408
2025-01-02 00:20:00,800020,NORMAL,HS1306571,145,24.166666666666664,0.14886273691800037,72.26825625882302,22.796626489520875,-0.000631338580327212,-0.43357501795279063
2025-01-02 00:30:00,800020,NORMAL,HS1306571,146,24.333333333333332,0.14863444441717485,74.01242448722809,22.733523638277667,-0.0003102434314225244,1.3256660165718301
2025-01-02 00:40:00,800020,NORMAL,HS1306571,147,24.5,0.1498691298993488,74.38482476229314,22.623687589687613,0.002496889477045572,2.371810398866387
2025-01-02 00:50:00,800020,NORMAL,HS1306571,148,24.666666666666664,0.15131598077146774,72.02781040355508,21.292467612145327,0.0060482281769698165,1.041305351985784
2025-01-02 01:00:00,800020,NORMAL,HS1306571,149,24.833333333333332,0.15143815753872464,72.45091351178287,21.339079895126115,0.00853557860605389,2.6546132101116484
2025-01-02 01:10:00,800020,NORMAL,HS1306571,150,25.0,0.13492715712096084,62.40619918602706,21.094835519903047,-0.004568672814957431,-5.442242855329177
2025-01-02 01:20:00,800020,NORMAL,HS1306571,151,25.166666666666664,0.1313178319508384,64.67281394864612,21.053977523194774,-0.004190144757308306,-0.48815920314204675
2025-01-02 01:30:00,800020,NORMAL,HS1306571,152,25.333333333333332,0.12677013855965857,65.41940154526121,19.87320835460226,-0.004685762320751435,3.085519039883671
2025-01-02 01:40:00,800020,NORMAL,HS1306571,153,25.5,0.12378720343443123,58.21741646154446,19.55792347995532,-0.0033825646450851288,-1.1539815237047577
2025-01-02 01:50:00,800020,NORMAL,HS1306571,154,25.666666666666664,0.1239631790230567,54.43959612435411,20.19187940565309,0.0013272028518588608,-1.83389793007008
2025-01-02 02:00:00,800020,NORMAL,HS1306571,155,25.833333333333332,0.11258312604390724,52.896702726677795,19.51860613947124,-0.00547361922889239,-0.24796513319437707
2025-01-02 02:10:00,800020,NORMAL,HS1306571,156,26.0,0.1084901885405992,47.65107463004418,18.286924144026145,-0.006271335211067139,-2.9750210960463903
2025-01-02 02:20:00,800020,NORMAL,HS1306571,157,26.166666666666664,0.1202181323888734,47.44085637002437,17.695809302147445,0.006834695582277769,-1.7526618232916675
2025-01-02 02:30:00,800020,NORMAL,HS1306571,158,26.333333333333332,0.12168692162029009,47.88464061017974,17.75254043035731,0.008018288266734258,-0.8030625185974856
2025-01-02 02:40:00,800020,NORMAL,HS1306571,159,26.5,0.10902324224671425,47.82636490150337,17.574775430167247,-0.0063199442429297675,-1.1421958737480153
2025-01-02 02:50:00,800020,NORMAL,HS1306571,160,26.666666666666664,0.11574713832666712,48.06212115371147,16.90842249231811,-0.002172506357001544,-1.7418489411238625
2025-01-02 03:00:00,800020,NORMAL,HS1306571,161,26.833333333333332,0.12473341965877893,51.08566742277835,17.750690701285496,0.003746542586049395,0.11067480332589952
2025-01-02 03:10:00,800020,NORMAL,HS1306571,162,27.0,0.12700522658015342,52.60338382372775,17.91253697511766,0.002606460560926366,0.20262282900640827
2025-01-02 03:20:00,800020,NORMAL,HS1306571,163,27.166666666666664,0.13994666790887564,57.21377790758721,17.888497518608833,0.011742010745959292,3.155607106642236
2025-01-02 03:30:00,800020,NORMAL,HS1306571,164,27.333333333333332,0.1434091967864214,57.39449967683973,18.161279205383998,0.012218893603997305,2.0175474746165136
2025-01-02 03:40:00,800020,NORMAL,HS1306571,165,27.5,0.143621032901556,57.603386624480706,18.34359163639279,0.010559833086499937,1.5166198686974752
2025-01-02 03:50:00,800020,NORMAL,HS1306571,166,27.666666666666664,0.14344482087264135,53.286172727069356,18.25424601010371,0.009141250765232617,-3.0802472783448636
2025-01-02 04:00:00,800020,NORMAL,HS1306571,167,27.833333333333332,0.1451146997036046,58.13009156644876,19.03885252729537,0.00978052497922291,1.6777407841829728
2025-01-02 04:10:00,800020,NORMAL,HS1306571,168,28.0,0.13200843110125773,63.57885415694252,20.078691839815637,-0.00411383836869586,6.707717891171711
2025-01-02 04:20:00,800020,NORMAL,HS1306571,169,28.166666666666664,0.1353144896189461,60.99487904708232,19.57512584903703,-0.0008507029407339162,3.4908929365661194
2025-01-02 04:30:00,800020,NORMAL,HS1306571,170,28.333333333333332,0.13058491161536312,61.529365426474165,20.166096320644783,-0.006710222493479634,2.7465786982664753
2025-01-02 04:40:00,800020,NORMAL,HS1306571,171,28.5,0.13616328696855232,72.12637947629231,21.56416155764156,-0.003922038009690043,11.132564054195932
2025-01-02 04:50:00,800020,NORMAL,HS1306571,172,28.666666666666664,0.14764589126764532,61.922526871209485,20.676359714673858,0.0036884448429938266,-1.9772885732990702
2025-01-02 05:00:00,800020,NORMAL,HS1306571,173,28.833333333333332,0.15746753362768043,62.93893114894419,20.17874756423486,0.009267584840644383,-4.163198161593428
2025-01-02 05:10:00,800020,NORMAL,HS1306571,174,29.0,0.16972807910259527,66.83368997541508,19.813641809496954,0.01669816941429267,-3.667267444437286
2025-01-02 05:20:00,800020,NORMAL,HS1306571,175,29.166666666666664,0.17337201122253798,79.68479242114105,21.76663490012645,0.014093930256950105,5.0268527825665075
2025-01-02 05:30:00,800020,NORMAL,HS1306571,176,29.333333333333332,0.1636363186315166,76.59190639833918,21.20570438389241,-0.0025663151317563415,-2.7636835403469036
2025-01-02 05:40:00,800020,NORMAL,HS1306571,177,29.5,0.18116419267638167,93.71638442593292,22.30489179043035,0.008033384830192003,9.544489377202169
2025-01-02 05:50:00,800020,NORMAL,HS1306571,178,29.666666666666664,0.1816541572499943,89.58529644448106,22.345634504765982,0.0017181910000506617,0.5925945443439247
2025-01-02 06:00:00,800020,NORMAL,HS1306571,179,29.833333333333332,0.17388948612162028,94.11592467439648,21.47638293557418,-0.012576971165211337,0.4353908268350182
2025-01-02 06:10:00,800020,NORMAL,HS1306571,180,30.0,0.1796564862656831,102.55792535322385,22.096998985418768,-0.012142868052490624,4.658654537528847
2025-01-02 06:20:00,800020,NORMAL,HS1306571,181,30.166666666666664,0.19107948084828438,100.60185531525245,23.805797537286917,-0.003660157329232472,-0.2482237317662026
2025-01-02 06:30:00,800020,NORMAL,HS1306571,182,30.333333333333332,0.1895936395099304,103.94529678790164,25.237753483492728,-0.0065143676686707785,1.269958307666215
2025-01-02 06:40:00,800020,NORMAL,HS1306571,183,30.5,0.20086218418167334,103.44460296763357,25.90869647864234,0.0037942690890461483,-0.6455966173538599
2025-01-02 06:50:00,800020,NORMAL,HS1306571,184,30.666666666666664,0.1916906296944455,105.00753836840785,28.962202829780598,-0.006440361157296293,-0.49055320739816466
2025-01-02 07:00:00,800020,NORMAL,HS1306571,185,30.833333333333332,0.2064714170500986,103.91857931225346,28.59460401351336,0.007106001587124738,-3.0792753192099838
2025-01-02 07:10:00,800020,NORMAL,HS1306571,186,31.0,0.19025337189508934,97.8614395062771,31.77208211669435,-0.011333297684229221,-11.066861193050244
2025-01-02 07:20:00,800020,NORMAL,HS1306571,187,31.166666666666664,0.19248644498742232,107.31413896546186,33.54911158620338,-0.01248469141231795,-4.16643737930994
2025-01-02 07:30:00,800020,NORMAL,HS1306571,188,31.333333333333332,0.19954409173891757,113.52692773643415,30.279615719098555,-0.009459753258331483,-0.975555146080822
2025-01-02 07:40:00,800020,NORMAL,HS1306571,189,31.5,0.20287663412828208,107.92186270707285,30.2525290440289,-0.010298339324196576,-9.759593015496648
2025-01-02 07:50:00,800020,NORMAL,HS1306571,190,31.666666666666664,0.2048220982502864,112.1859394334916,31.00618922647486,-0.012471414659661562,-8.672956705481823
2025-01-02 08:00:00,800020,NORMAL,HS1306571,191,31.833333333333332,0.226350004675306,116.87791711483113,29.95622410302152,0.005073068192525898,-7.084324679170379
2025-01-02 08:10:00,800020,NORMAL,HS1306571,192,32.0,0.22929685458173993,112.45014147538903,29.883851405858525,0.005328735942671137,-13.716187178223365
2025-01-02 08:20:00,800020,NORMAL,HS1306571,193,32.166666666666664,0.2248481406368273,122.58089329424256,27.991632716345933,-0.0001441369652549762,-4.4616286772889
2025-01-02 08:30:00,800020,NORMAL,HS1306571,194,32.33333333333333,0.21475560747364872,135.61683438257094,30.31983845543481,-0.009898275009066954,8.73051636961776
2025-01-02 08:40:00,800020,NORMAL,HS1306571,195,32.5,0.20543600798457443,125.70969112652045,30.850762271699757,-0.018185207751194532,-0.4697617773909144
2025-01-02 08:50:00,800020,NORMAL,HS1306571,196,32.666666666666664,0.2259831933890807,130.25237898336857,32.619871043338925,0.0037035443762804265,5.023539807027831
2025-01-02 09:00:00,800020,NORMAL,HS1306571,197,32.83333333333333,0.22008425986093264,132.65788514798567,33.02456855015937,-0.0006457094050410228,8.527126554464388
2025-01-02 09:10:00,800020,NORMAL,HS1306571,198,33.0,0.21961007314097789,129.41372318878388,32.92874256084478,-0.0006284007875297926,5.919715799260288
2025-01-02 09:20:00,800020,NORMAL,HS1306571,199,33.166666666666664,0.22361992111469584,125.84420850034473,32.63647918104781,0.001662417411821826,1.6771404519429467
2025-01-02 09:30:00,800020,NORMAL,HS1306571,200,33.33333333333333,0.24153033155418926,123.09056734027162,32.83533087926579,0.016479512035732974,-2.7623217023037654
2025-01-02 09:40:00,800020,NORMAL,HS1306571,201,33.5,0.22883713007282863,126.84589881271762,33.477470237871735,0.00021612222102460055,-1.106291341747422
2025-01-02 09:50:00,800020,NORMAL,HS1306571,202,33.666666666666664,0.2252175801525206,123.81511298606186,34.98291330109015,-0.007150692854276913,-6.41224681655801
2025-01-02 10:00:00,800020,NORMAL,HS1306571,203,33.83333333333333,0.24726770093025877,119.72426584340845,36.1607223747572,0.011169790872920221,-12.805197294013922
2025-01-02 10:10:00,800020,NORMAL,HS1306571,204,34.0,0.2354763135313885,126.5217717930368,36.41810439182354,-0.003403997040331508,-7.794451756351975
2025-01-02 10:20:00,800020,NORMAL,HS1306571,205,34.166666666666664,0.24361544347921626,122.58023693939764,35.75525137851667,0.004503294464848512,-11.787784920576613
2025-01-02 10:30:00,800020,NORMAL,HS1306571,206,34.33333333333333,0.24346322740850557,139.15604925466826,35.918272568380154,0.00604161380582674,6.234636733261965
2025-01-02 10:40:00,800020,NORMAL,HS1306571,207,34.5,0.25193186533010126,145.21847261320573,35.9609624573936,0.016934208686079366,14.387958454632127
2025-01-02 10:50:00,800020,NORMAL,HS1306571,208,34.666666666666664,0.2595763997823926,128.83542500547568,34.77552748779961,0.02721195416989891,0.2981670501890221
2025-01-02 11:00:00,800020,NORMAL,HS1306571,209,34.83333333333333,0.22715878855644023,111.45335304864092,33.33886768452508,-0.0024880021158787125,-14.710805688815867
2025-01-02 11:10:00,800020,NORMAL,HS1306571,210,35.0,0.22027436280520407,108.26813673434765,32.90554354713125,-0.006472674878872653,-15.594451210733155
2025-01-02 11:20:00,800020,NORMAL,HS1306571,211,35.166666666666664,0.20540804142305158,110.96119648560794,34.223752576902136,-0.018529807550141164,-10.994901824358166
2025-01-02 11:30:00,800020,NORMAL,HS1306571,212,35.33333333333333,0.22983136399568832,134.9063831628153,32.33853399922521,0.008383012969697429,14.5040815186249
2025-01-02 11:40:00,800020,NORMAL,HS1306571,213,35.5,0.21229664837038975,125.37843919502048,33.55400757980375,-0.00665227080356437,6.47851324712407
2025-01-02 11:50:00,800020,NORMAL,HS1306571,214,35.666666666666664,0.20035024233106363,125.08258556203337,34.30307988259813,-0.01601788321776934,7.753901618397805
2025-01-02 12:00:00,800020,NORMAL,HS1306571,215,35.83333333333333,0.21778027149354462,121.85709816851052,33.02284678598652,0.0040459562058577925,6.156892978590037
2025-01-02 12:10:00,800020,NORMAL,HS1306571,216,36.0,0.22585920492162068,117.36984398479721,32.64996000564791,0.014836972448731361,3.527486613332357
2025-01-02 12:20:00,800020,NORMAL,HS1306571,217,36.166666666666664,0.20762445176861224,113.98842526519131,32.08037740420342,-0.0013891746065746446,1.8492400536381979
2025-01-02 12:30:00,800020,NORMAL,HS1306571,218,36.33333333333333,0.21000602941077304,114.18198843621087,35.79241599336414,0.002122375933498649,3.076645286742817
2025-01-02 12:40:00,800020,NORMAL,HS1306571,219,36.5,0.20653230497005137,114.71058888721014,35.103198048158625,-0.000850472284761844,4.128011536814256
2025-01-02 12:50:00,800020,NORMAL,HS1306571,220,36.666666666666664,0.19945566290327965,107.42560547070589,35.664563227500444,-0.007855698268746575,-2.978280370064425
2025-01-02 13:00:00,800020,NORMAL,HS1306571,221,36.83333333333333,0.1895260106941145,109.78438285607795,35.25403984132606,-0.01799243521771532,-0.6627466601003533
2025-01-02 13:10:00,800020,NORMAL,HS1306571,222,37.0,0.21358347661914265,113.77383062304719,35.24074422536719,0.005116926208636102,2.80558145770199
2025-01-02 13:20:00,800020,NORMAL,HS1306571,223,37.166666666666664,0.2118104802739887,120.77783810871675,34.21455675992408,0.0017725485918017592,8.862831322346622
2025-01-02 13:30:00,800020,NORMAL,HS1306571,224,37.33333333333333,0.21561152704525788,115.89193640390839,33.9540521164299,0.0038386232074792137,2.934958442851297
2025-01-02 13:40:00,800020,NORMAL,HS1306571,225,37.5,0.21303726171121204,111.24131479616777,33.21059765374845,-0.0006037570011741267,-2.8300024365070158
2025-01-02 13:50:00,800020,NORMAL,HS1306571,226,37.666666666666664,0.21790808232694023,116.08939468705152,32.469669025938025,0.0022638942087668257,0.8160071727483711
2025-01-02 14:00:00,800020,NORMAL,HS1306571,227,37.83333333333333,0.2304059608482369,118.52501738474497,34.62607721332915,0.012636538551240223,1.9612776101218685
2025-01-02 14:10:00,800020,NORMAL,HS1306571,228,38.0,0.2162335496904843,104.13936042004659,31.16947614392878,-0.0038512974996574023,-14.251349636072263
2025-01-02 14:20:00,800020,NORMAL,HS1306571,229,38.166666666666664,0.216669513396281,99.38068783551338,33.67017758050745,-0.005517658738027675,-21.35081462801915
2025-01-02 14:30:00,800020,NORMAL,HS1306571,230,38.33333333333333,0.22749802916231898,115.46494818159034,34.587374371553175,0.0030919672780875262,-7.821289319504203
2025-01-02 14:40:00,800020,NORMAL,HS1306571,231,38.5,0.22522335119537487,121.69894090464989,32.73022584564226,-0.001434463267436431,-4.219601598677997
2025-01-02 14:50:00,800020,NORMAL,HS1306571,232,38.666666666666664,0.24275770168832064,132.30123553954368,32.98991208133687,0.01394687480559298,3.8043086849420717
2025-01-02 15:00:00,800020,NORMAL,HS1306571,233,38.83333333333333,0.23341087259820356,129.07496952883005,29.872088123853686,0.002548357995116962,-1.921168672847699
2025-01-02 15:10:00,800020,NORMAL,HS1306571,234,39.0,0.24873705084807482,132.55478025883724,33.05823352542395,0.016091249886747677,-0.4928655138476188
2025-01-02 15:20:00,800020,NORMAL,HS1306571,235,39.166666666666664,0.25026596751696,146.908593048469,32.415835853974095,0.014935553148651304,11.564156692843454
2025-01-02 15:30:00,800020,NORMAL,HS1306571,236,39.33333333333333,0.23685985929970763,153.3252416176145,33.53470645041467,-0.001962253487316712,15.123508366819124
2025-01-02 15:40:00,800020,NORMAL,HS1306571,237,39.5,0.25078114469803836,155.89544326377546,31.405430158512527,0.007986126772874275,14.453499485975385
2025-01-02 15:50:00,800020,NORMAL,HS1306571,238,39.666666666666664,0.24574599501502603,146.6328933920421,33.92178813080754,-0.0012616855019080275,1.742650423505836
2025-01-02 16:00:00,800020,NORMAL,HS1306571,239,39.83333333333333,0.27371404225049745,150.9475794436439,32.56415235327602,0.022357651141410473,2.4775947109234266
2025-01-02 16:10:00,800020,NORMAL,HS1306571,240,40.0,0.2436686420047821,150.57902344752065,32.24499359546911,-0.012658585495327446,-1.6228794099192214
2025-01-02 16:20:00,800020,NORMAL,HS1306571,241,40.166666666666664,0.24505178647950612,150.80752298839212,34.74648754575882,-0.0156873185096911,-4.490524494099702
2025-01-02 16:30:00,800020,NORMAL,HS1306571,242,40.33333333333333,0.22308158436515269,164.54531382455008,34.80426170999454,-0.04057960090276996,7.279843654824049
2025-01-02 16:40:00,800020,NORMAL,HS1306571,243,40.5,0.25203815206786256,140.18750882340825,33.8919692070086,-0.013516672602674529,-18.21969027372296
2025-01-02 16:50:00,800020,NORMAL,HS1306571,244,40.666666666666664,0.2393888797035411,139.63531313975108,34.62454691782619,-0.02752999600432965,-19.46818740575722
2025-01-02 17:00:00,800020,NORMAL,HS1306571,245,40.83333333333333,0.24197799907268527,148.83862130033933,37.252240946717606,-0.026019105676345716,-10.720683729332535
2025-01-02 17:10:00,800020,NORMAL,HS1306571,246,41.0,0.28083645412954933,157.5504274046657,40.79318592019327,0.013073105463921375,-1.7251803105844772
2025-01-02 17:20:00,800020,NORMAL,HS1306571,247,41.166666666666664,0.28295733951174934,158.3634277226387,42.11793674137103,0.01723276961629233,0.5946931109929494
2025-01-02 17:30:00,800020,NORMAL,HS1306571,248,41.33333333333333,0.26707445055461426,150.66062876513706,39.19831619671325,0.004050673920606873,-4.993197646854867
2025-01-02 17:40:00,800020,NORMAL,HS1306571,249,41.5,0.25752903340822003,155.8948173838847,38.59865913244472,-0.0025397497114605927,2.595626975355742
2025-01-02 17:50:00,800020,NORMAL,HS1306571,250,41.666666666666664,0.25854146069098694,154.873515172685,38.39444286115291,0.0016550030371479951,4.10426415043321
2025-01-02 18:00:00,800020,NORMAL,HS1306571,251,41.83333333333333,0.24179510195280537,159.19696178042298,38.1756278373651,-0.011725965285482226,11.087062237099616
2025-01-02 18:10:00,800020,NORMAL,HS1306571,252,42.0,0.2526685281286136,141.0674257910939,35.63449787059626,0.002887047858716074,-3.9710659492570244
2025-01-02 18:20:00,800020,NORMAL,HS1306571,253,42.166666666666664,0.2469939043951225,135.89522039177652,37.338190089699886,0.0007832792940226929,-5.922859440871463
2025-01-02 18:30:00,800020,NORMAL,HS1306571,254,42.33333333333333,0.2667623901757007,148.66180533345852,37.70249847650107,0.02381963858446448,9.827909789759502
2025-01-02 18:40:00,800020,NORMAL,HS1306571,255,42.5,0.2739262228009516,137.29051516149426,36.33056570553989,0.03424898865758094,1.4026954409387713
2025-01-02 18:50:00,800020,NORMAL,HS1306571,256,42.666666666666664,0.24278213563668094,132.26494876012242,32.53954779863638,0.0064434530801079914,-0.6371009498820683
2025-01-02 19:00:00,800020,NORMAL,HS1306571,257,42.83333333333333,0.25052486490459946,113.28505027813775,30.876625359308033,0.017590516765388475,-16.5898073467841
2025-01-02 19:10:00,800020,NORMAL,HS1306571,258,43.0,0.2516218233841765,115.8127383993741,28.089843459132364,0.02138319400885605,-11.654004240138462
2025-01-02 19:20:00,800020,NORMAL,HS1306571,259,43.166666666666664,0.21796720870687283,122.60450861528142,27.819633645846434,-0.009773701738653967,-2.933328865378698
2025-01-02 19:30:00,800020,NORMAL,HS1306571,260,43.33333333333333,0.22249860624765228,113.43210407103666,28.693106859680164,-0.002657212432796374,-10.127468213743853
2025-01-02 19:40:00,800020,NORMAL,HS1306571,261,43.5,0.21648381421515833,100.97485443541949,28.41840839343101,-0.006320744645807341,-20.750962741827436
2025-01-02 19:50:00,800020,NORMAL,HS1306571,262,43.666666666666664,0.21736315412366078,109.20616972250856,28.714150940989235,-0.003317734028011332,-10.859628025004554
2025-01-02 20:00:00,800020,NORMAL,HS1306571,263,43.83333333333333,0.2147815741632697,111.21556198963107,30.601177718367456,-0.003948445169026926,-7.320076701960886
2025-01-02 20:10:00,800020,NORMAL,HS1306571,264,44.0,0.22218902581073127,103.85861860033656,28.487094123963235,0.0054880176749698695,-13.176732944252151
2025-01-02 20:20:00,800020,NORMAL,HS1306571,265,44.166666666666664,0.20982506068013138,118.1504097861717,27.697962217787985,-0.004936180763270792,2.4950004985026197
2025-01-02 20:30:00,800020,NORMAL,HS1306571,266,44.33333333333333,0.22017156144613925,112.85983161223936,27.58905524034534,0.007296016476526668,-1.541641778441189
2025-01-02 20:40:00,800020,NORMAL,HS1306571,267,44.5,0.23661612168473933,109.31976588717495,27.590797709059764,0.025877115463307315,-3.71197745207877
2025-01-02 20:50:00,800020,NORMAL,HS1306571,268,44.666666666666664,0.2244830033630318,107.08252399818589,27.723280583226774,0.01609093478087309,-4.4485272621007965
2025-01-02 21:00:00,800020,NORMAL,HS1306571,269,44.83333333333333,0.22188937612805942,118.00647185196776,27.23595116985434,0.01595768973411199,8.051873473846456
2025-01-02 21:10:00,800020,NORMAL,HS1306571,270,45.0,0.2100062375113207,97.9524973947182,25.885766938411944,0.006730043193310109,-10.192458334118541
2025-01-02 21:20:00,800020,NORMAL,HS1306571,271,45.166666666666664,0.21133827498618948,101.12157782798374,28.714382247759776,0.010624020329041195,-5.105607779151043
2025-01-02 21:30:00,800020,NORMAL,HS1306571,272,45.33333333333333,0.20911041001043887,106.69530180478097,28.18195711424318,0.011180484231755439,2.568970868225165
2025-01-02 21:40:00,800020,NORMAL,HS1306571,273,45.5,0.17489765384300904,107.38734156059994,26.40049751642062,-0.02021622135955864,5.408036899077516
2025-01-02 21:50:00,800020,NORMAL,HS1306571,274,45.666666666666664,0.18110342149502293,100.86201179054606,27.220506681634216,-0.01126408041737817,0.9813386440351337
2025-01-02 22:00:00,800020,NORMAL,HS1306571,275,45.83333333333333,0.17298513526400874,102.53047261380208,25.35243618144253,-0.01665238317733614,4.726199343862817
2025-01-02 22:10:00,800020,NORMAL,HS1306571,276,46.0,0.1703008227294747,94.63179959522397,26.011164482135918,-0.016490449824272696,-1.0966261222311715
2025-01-02 22:20:00,800020,NORMAL,HS1306571,277,46.166666666666664,0.17239129226797253,104.97287284226078,26.201065726637236,-0.010613358635030212,11.767433788196414
2025-01-02 22:30:00,800020,NORMAL,HS1306571,278,46.33333333333333,0.1785740702638411,88.76905293292745,27.49404869694991,0.00016595346157646795,-1.3915683071016929
2025-01-02 22:40:00,800020,NORMAL,HS1306571,279,46.5,0.16506530474454412,91.16254130993161,25.023454997884045,-0.008195956639793639,4.394589916794587
2025-01-02 22:50:00,800020,NORMAL,HS1306571,280,46.666666666666664,0.1587604343481212,94.32041357353427,25.780693557068652,-0.008875898302843938,11.224391115167435
2025-01-02 23:00:00,800020,NORMAL,HS1306571,281,46.83333333333333,0.16643767246695712,82.73837092709779,25.39733053217735,0.004717461539964107,3.4075635100522135
2025-01-02 23:10:00,800020,NORMAL,HS1306571,282,47.0,0.16455668253508313,72.50927326011781,23.552177612663577,0.009351419912272368,-2.6877630454449672
2025-01-02 23:20:00,800020,NORMAL,HS1306571,283,47.166666666666664,0.15386224410158764,67.45788181089543,23.539482780794966,0.005006825983420782,-3.4130968115562155
2025-01-02 23:30:00,800020,NORMAL,HS1306571,284,47.33333333333333,0.15255040696975433,67.2835572249397,22.07980945396401,0.009417058323011485,0.4101875262826269
2025-01-02 23:40:00,800020,NORMAL,HS1306571,285,47.5,0.14701512064222724,63.7013225603808,21.841547102957236,0.0089132161058465,0.409300993201299
2025-01-02 23:50:00,800020,NORMAL,HS1306571,286,47.666666666666664,0.1417445860698491,56.401570149080875,22.576530415716242,0.00804493822426705,-3.6913070920411286
