tag,seed,MRR,Top-1,Top-3,Top-5,Active Recall,event_level_top1,event_level_top3,Event Top-5
ch1_fullgraph_degree_ie420_s7_fix1,7,0.764381604439173,0.6328205128205128,0.8707692307692307,0.9117948717948718,0.9323076923076924,0.6349206349206349,0.9047619047619048,0.9365079365079364
ch1_fullgraph_degree_ie420_s42_fix1,42,0.7932988883734028,0.6721120186697783,0.8926487747957993,0.9544924154025672,0.970828471411902,0.7301587301587301,0.9365079365079364,0.984126984126984
ch1_fullgraph_degree_ie420_s123_fix1,123,0.7757171478102116,0.6229508196721312,0.946448087431694,0.9846994535519126,0.9737704918032788,0.6190476190476191,0.9682539682539684,1.0
