setting,sequence_length,window_hours,window_stride,stride_hours,boundary_mixed_rate,theoretical_start_error_h_mean,active_acc,window_mrr,window_top1,window_top3,window_top5,event_top1_true_active,event_top3_true_active,event_top5_true_active,onset_error_hours_mean,onset_accuracy_within_1_window,onset_accuracy_within_2_windows,onset_accuracy_within_3_windows,active_interval_iou_mean,duration_error_hours_mean,missed_detection_rate,false_alarm_before_start_rate,scene_node_mrr_pred_active,scene_node_top1_pred_active,scene_node_top3_pred_active,scene_node_top5_pred_active
2h,12,2.0,6,1.0,0.0816770186335403,0.2047619047619047,0.9861973775017253,0.7717554304828391,0.6299212598425197,0.9100112485939258,0.9302587176602924,0.6825396825396826,0.9523809523809523,0.9523809523809523,0.7131147540983608,1.0,1.0,1.0,0.9124176328853839,1.2322404371584696,0.031746031746031744,0.819672131147541,0.14219576719576718,0.12698412698412698,0.15873015873015872,0.15873015873015872
3h,18,3.0,6,1.0,0.1224338624338624,0.5583333333333333,0.982363315696649,0.7179526504300979,0.5601799775028121,0.8717660292463442,0.9043869516310461,0.6190476190476191,0.9365079365079365,0.9523809523809523,0.8497267759562842,0.8524590163934426,1.0,1.0,0.8454764271353402,2.2486338797814214,0.031746031746031744,0.8032786885245902,0.1455026455026455,0.12698412698412698,0.1746031746031746,0.1746031746031746
4h,24,4.0,6,1.0,0.16504329004329,0.3261904761904762,0.9844877344877345,0.7459826903897158,0.621867881548975,0.8587699316628702,0.9100227790432802,0.6507936507936508,0.9206349206349206,0.9523809523809523,1.5655737704918031,0.19672131147540983,0.9508196721311475,1.0,0.8158369844397619,2.510928961748635,0.031746031746031744,0.819672131147541,0.24735449735449735,0.20634920634920634,0.30158730158730157,0.31746031746031744
6h,36,6.0,6,1.0,0.2551020408163265,0.5738095238095239,0.9856386999244142,0.7932988883734028,0.6721120186697783,0.8926487747957993,0.9544924154025671,0.7301587301587301,0.9365079365079365,0.9841269841269841,2.2150537634408605,0.1774193548387097,0.3870967741935484,0.9354838709677419,0.7226143463464981,4.473118279569891,0.015873015873015928,0.8225806451612904,0.2619047619047619,0.2222222222222222,0.31746031746031744,0.31746031746031744
