method_short,method,evidence_group,seed,monitor_budget_n,mrr,top1,top3,top5,event_mrr_mean,event_top1,event_top3,event_top5
v2_2 clean,learnable_layout_network_v2_2_clean_generalization,formal_clean_all_seeds,42,25,0.9243013593112852,0.8693115519253208,0.9836639439906651,0.9941656942823804,0.8961858526328276,0.8227299615498375,0.9697971781305116,0.9940476190476192
Cand-Obs,candidate_observability,formal_clean_all_seeds,42,25,0.909694677194887,0.8413068844807468,0.9801633605600932,0.9964994165694282,0.9058005093658992,0.836974198257842,0.97300957420005,0.9915343915343916
Two-stage v1,two_stage_balanced_layout_v1,formal_clean_all_seeds,42,25,0.8848815990509759,0.8133022170361727,0.9521586931155192,0.9836639439906651,0.8719084994713302,0.7910304862685812,0.9458931720836482,0.9876543209876542
v0_2 clean,learnable_layout_network_v0_2_clean_scenario,formal_clean_all_seeds,42,25,0.881350179536479,0.7852975495915986,0.9801633605600932,0.9941656942823804,0.8735540109763711,0.7780164107803859,0.9736882031395488,0.992101284958428
embedding-guided clean,embedding_guided_clean,embedding_guided_probe_all_seeds,42,25,0.8797382980480772,0.7969661610268378,0.9521586931155193,0.9848308051341891,0.8530121555527006,0.7936507936507936,0.9841269841269841,1.0
Degree,degree,formal_clean_all_seeds,42,25,0.7932988883734028,0.6721120186697783,0.8926487747957993,0.9544924154025672,0.799580729366357,0.677230602385882,0.9110333344287797,0.9668161950770646
